ISO-10303-21;
HEADER;
/* Generated by software containing ST-Developer
 * from STEP Tools, Inc. (www.steptools.com) 
 */

FILE_DESCRIPTION(
/* description */ (''),
/* implementation_level */ '2;1');

FILE_NAME(
/* name */ '2x Extruder mount.step',
/* time_stamp */ '2025-12-16T22:23:55+01:00',
/* author */ (''),
/* organization */ (''),
/* preprocessor_version */ 'ST-DEVELOPER v20.1',
/* originating_system */ 'Autodesk Translation Framework v14.21.0.0',
/* authorisation */ '');

FILE_SCHEMA (('AUTOMOTIVE_DESIGN { 1 0 10303 214 3 1 1 }'));
ENDSEC;

DATA;
#10=MECHANICAL_DESIGN_GEOMETRIC_PRESENTATION_REPRESENTATION('',(#17),#4239);
#11=ITEM_DEFINED_TRANSFORMATION($,$,#2181,#2339);
#12=(
REPRESENTATION_RELATIONSHIP($,$,#4250,#4249)
REPRESENTATION_RELATIONSHIP_WITH_TRANSFORMATION(#11)
SHAPE_REPRESENTATION_RELATIONSHIP()
);
#13=CONTEXT_DEPENDENT_SHAPE_REPRESENTATION(#12,#4248);
#14=NEXT_ASSEMBLY_USAGE_OCCURRENCE('Komponente1:1','Komponente1:1',
'Komponente1:1',#4252,#4253,'Komponente1:1');
#15=SHAPE_REPRESENTATION_RELATIONSHIP('SRR','None',#4250,#16);
#16=ADVANCED_BREP_SHAPE_REPRESENTATION('',(#18),#4238);
#17=STYLED_ITEM('',(#4266),#18);
#18=MANIFOLD_SOLID_BREP('K\X\F6rper1',#2167);
#19=FACE_BOUND('',#748,.T.);
#20=FACE_BOUND('',#752,.T.);
#21=FACE_BOUND('',#753,.T.);
#22=FACE_BOUND('',#756,.T.);
#23=FACE_BOUND('',#757,.T.);
#24=FACE_BOUND('',#758,.T.);
#25=FACE_BOUND('',#759,.T.);
#26=FACE_BOUND('',#771,.T.);
#27=FACE_BOUND('',#772,.T.);
#28=FACE_BOUND('',#793,.T.);
#29=FACE_BOUND('',#794,.T.);
#30=FACE_BOUND('',#797,.T.);
#31=FACE_BOUND('',#798,.T.);
#32=FACE_BOUND('',#802,.T.);
#33=FACE_BOUND('',#803,.T.);
#34=FACE_BOUND('',#804,.T.);
#35=FACE_BOUND('',#805,.T.);
#36=FACE_BOUND('',#829,.T.);
#37=FACE_BOUND('',#834,.T.);
#38=PLANE('',#2209);
#39=PLANE('',#2239);
#40=PLANE('',#2244);
#41=PLANE('',#2246);
#42=PLANE('',#2252);
#43=PLANE('',#2266);
#44=PLANE('',#2268);
#45=PLANE('',#2269);
#46=PLANE('',#2270);
#47=PLANE('',#2271);
#48=PLANE('',#2272);
#49=PLANE('',#2273);
#50=PLANE('',#2274);
#51=PLANE('',#2275);
#52=PLANE('',#2276);
#53=PLANE('',#2277);
#54=PLANE('',#2278);
#55=PLANE('',#2281);
#56=PLANE('',#2282);
#57=PLANE('',#2283);
#58=PLANE('',#2284);
#59=PLANE('',#2285);
#60=PLANE('',#2286);
#61=PLANE('',#2287);
#62=PLANE('',#2288);
#63=PLANE('',#2289);
#64=PLANE('',#2290);
#65=PLANE('',#2291);
#66=PLANE('',#2292);
#67=PLANE('',#2293);
#68=PLANE('',#2294);
#69=PLANE('',#2295);
#70=PLANE('',#2296);
#71=PLANE('',#2297);
#72=PLANE('',#2298);
#73=PLANE('',#2299);
#74=PLANE('',#2300);
#75=PLANE('',#2301);
#76=PLANE('',#2302);
#77=PLANE('',#2303);
#78=PLANE('',#2304);
#79=PLANE('',#2305);
#80=PLANE('',#2306);
#81=PLANE('',#2307);
#82=PLANE('',#2308);
#83=PLANE('',#2309);
#84=PLANE('',#2310);
#85=PLANE('',#2311);
#86=PLANE('',#2312);
#87=PLANE('',#2313);
#88=PLANE('',#2314);
#89=PLANE('',#2315);
#90=PLANE('',#2316);
#91=PLANE('',#2317);
#92=PLANE('',#2318);
#93=PLANE('',#2319);
#94=PLANE('',#2320);
#95=PLANE('',#2321);
#96=PLANE('',#2322);
#97=PLANE('',#2323);
#98=PLANE('',#2324);
#99=PLANE('',#2325);
#100=PLANE('',#2326);
#101=PLANE('',#2327);
#102=PLANE('',#2328);
#103=PLANE('',#2329);
#104=PLANE('',#2332);
#105=PLANE('',#2333);
#106=PLANE('',#2334);
#107=PLANE('',#2335);
#108=PLANE('',#2336);
#109=PLANE('',#2337);
#110=PLANE('',#2338);
#111=SPHERICAL_SURFACE('',#2191,1.);
#112=SPHERICAL_SURFACE('',#2201,1.);
#113=SPHERICAL_SURFACE('',#2229,1.);
#114=SPHERICAL_SURFACE('',#2231,1.);
#115=SPHERICAL_SURFACE('',#2262,1.);
#116=LINE('',#2998,#337);
#117=LINE('',#3001,#338);
#118=LINE('',#3075,#339);
#119=LINE('',#3076,#340);
#120=LINE('',#3081,#341);
#121=LINE('',#3092,#342);
#122=LINE('',#3093,#343);
#123=LINE('',#3096,#344);
#124=LINE('',#3099,#345);
#125=LINE('',#3100,#346);
#126=LINE('',#3103,#347);
#127=LINE('',#3107,#348);
#128=LINE('',#3115,#349);
#129=LINE('',#3182,#350);
#130=LINE('',#3183,#351);
#131=LINE('',#3188,#352);
#132=LINE('',#3191,#353);
#133=LINE('',#3296,#354);
#134=LINE('',#3317,#355);
#135=LINE('',#3320,#356);
#136=LINE('',#3324,#357);
#137=LINE('',#3328,#358);
#138=LINE('',#3336,#359);
#139=LINE('',#3360,#360);
#140=LINE('',#3364,#361);
#141=LINE('',#3366,#362);
#142=LINE('',#3377,#363);
#143=LINE('',#3378,#364);
#144=LINE('',#3536,#365);
#145=LINE('',#3578,#366);
#146=LINE('',#3580,#367);
#147=LINE('',#3582,#368);
#148=LINE('',#3584,#369);
#149=LINE('',#3775,#370);
#150=LINE('',#3851,#371);
#151=LINE('',#3859,#372);
#152=LINE('',#3861,#373);
#153=LINE('',#3863,#374);
#154=LINE('',#3864,#375);
#155=LINE('',#3867,#376);
#156=LINE('',#3869,#377);
#157=LINE('',#3871,#378);
#158=LINE('',#3873,#379);
#159=LINE('',#3875,#380);
#160=LINE('',#3877,#381);
#161=LINE('',#3879,#382);
#162=LINE('',#3881,#383);
#163=LINE('',#3883,#384);
#164=LINE('',#3885,#385);
#165=LINE('',#3887,#386);
#166=LINE('',#3889,#387);
#167=LINE('',#3891,#388);
#168=LINE('',#3893,#389);
#169=LINE('',#3894,#390);
#170=LINE('',#3897,#391);
#171=LINE('',#3899,#392);
#172=LINE('',#3901,#393);
#173=LINE('',#3902,#394);
#174=LINE('',#3905,#395);
#175=LINE('',#3907,#396);
#176=LINE('',#3909,#397);
#177=LINE('',#3910,#398);
#178=LINE('',#3913,#399);
#179=LINE('',#3915,#400);
#180=LINE('',#3917,#401);
#181=LINE('',#3918,#402);
#182=LINE('',#3921,#403);
#183=LINE('',#3923,#404);
#184=LINE('',#3924,#405);
#185=LINE('',#3927,#406);
#186=LINE('',#3929,#407);
#187=LINE('',#3930,#408);
#188=LINE('',#3932,#409);
#189=LINE('',#3934,#410);
#190=LINE('',#3935,#411);
#191=LINE('',#3938,#412);
#192=LINE('',#3940,#413);
#193=LINE('',#3942,#414);
#194=LINE('',#3943,#415);
#195=LINE('',#3946,#416);
#196=LINE('',#3948,#417);
#197=LINE('',#3950,#418);
#198=LINE('',#3951,#419);
#199=LINE('',#3954,#420);
#200=LINE('',#3956,#421);
#201=LINE('',#3958,#422);
#202=LINE('',#3959,#423);
#203=LINE('',#3962,#424);
#204=LINE('',#3964,#425);
#205=LINE('',#3966,#426);
#206=LINE('',#3967,#427);
#207=LINE('',#3970,#428);
#208=LINE('',#3971,#429);
#209=LINE('',#3974,#430);
#210=LINE('',#3975,#431);
#211=LINE('',#3978,#432);
#212=LINE('',#3980,#433);
#213=LINE('',#3981,#434);
#214=LINE('',#3984,#435);
#215=LINE('',#3985,#436);
#216=LINE('',#3986,#437);
#217=LINE('',#3989,#438);
#218=LINE('',#3991,#439);
#219=LINE('',#3992,#440);
#220=LINE('',#3997,#441);
#221=LINE('',#3999,#442);
#222=LINE('',#4001,#443);
#223=LINE('',#4003,#444);
#224=LINE('',#4005,#445);
#225=LINE('',#4006,#446);
#226=LINE('',#4008,#447);
#227=LINE('',#4010,#448);
#228=LINE('',#4013,#449);
#229=LINE('',#4014,#450);
#230=LINE('',#4016,#451);
#231=LINE('',#4017,#452);
#232=LINE('',#4021,#453);
#233=LINE('',#4023,#454);
#234=LINE('',#4025,#455);
#235=LINE('',#4026,#456);
#236=LINE('',#4029,#457);
#237=LINE('',#4031,#458);
#238=LINE('',#4033,#459);
#239=LINE('',#4034,#460);
#240=LINE('',#4036,#461);
#241=LINE('',#4038,#462);
#242=LINE('',#4039,#463);
#243=LINE('',#4042,#464);
#244=LINE('',#4044,#465);
#245=LINE('',#4045,#466);
#246=LINE('',#4047,#467);
#247=LINE('',#4050,#468);
#248=LINE('',#4051,#469);
#249=LINE('',#4053,#470);
#250=LINE('',#4057,#471);
#251=LINE('',#4058,#472);
#252=LINE('',#4060,#473);
#253=LINE('',#4062,#474);
#254=LINE('',#4063,#475);
#255=LINE('',#4066,#476);
#256=LINE('',#4068,#477);
#257=LINE('',#4069,#478);
#258=LINE('',#4071,#479);
#259=LINE('',#4074,#480);
#260=LINE('',#4075,#481);
#261=LINE('',#4077,#482);
#262=LINE('',#4081,#483);
#263=LINE('',#4082,#484);
#264=LINE('',#4084,#485);
#265=LINE('',#4086,#486);
#266=LINE('',#4090,#487);
#267=LINE('',#4091,#488);
#268=LINE('',#4092,#489);
#269=LINE('',#4095,#490);
#270=LINE('',#4097,#491);
#271=LINE('',#4099,#492);
#272=LINE('',#4100,#493);
#273=LINE('',#4103,#494);
#274=LINE('',#4105,#495);
#275=LINE('',#4107,#496);
#276=LINE('',#4108,#497);
#277=LINE('',#4111,#498);
#278=LINE('',#4113,#499);
#279=LINE('',#4115,#500);
#280=LINE('',#4116,#501);
#281=LINE('',#4118,#502);
#282=LINE('',#4119,#503);
#283=LINE('',#4122,#504);
#284=LINE('',#4124,#505);
#285=LINE('',#4125,#506);
#286=LINE('',#4128,#507);
#287=LINE('',#4130,#508);
#288=LINE('',#4132,#509);
#289=LINE('',#4133,#510);
#290=LINE('',#4136,#511);
#291=LINE('',#4138,#512);
#292=LINE('',#4140,#513);
#293=LINE('',#4141,#514);
#294=LINE('',#4145,#515);
#295=LINE('',#4146,#516);
#296=LINE('',#4147,#517);
#297=LINE('',#4150,#518);
#298=LINE('',#4151,#519);
#299=LINE('',#4153,#520);
#300=LINE('',#4154,#521);
#301=LINE('',#4156,#522);
#302=LINE('',#4158,#523);
#303=LINE('',#4159,#524);
#304=LINE('',#4162,#525);
#305=LINE('',#4164,#526);
#306=LINE('',#4166,#527);
#307=LINE('',#4167,#528);
#308=LINE('',#4170,#529);
#309=LINE('',#4172,#530);
#310=LINE('',#4174,#531);
#311=LINE('',#4175,#532);
#312=LINE('',#4178,#533);
#313=LINE('',#4180,#534);
#314=LINE('',#4183,#535);
#315=LINE('',#4184,#536);
#316=LINE('',#4186,#537);
#317=LINE('',#4187,#538);
#318=LINE('',#4189,#539);
#319=LINE('',#4191,#540);
#320=LINE('',#4193,#541);
#321=LINE('',#4196,#542);
#322=LINE('',#4199,#543);
#323=LINE('',#4200,#544);
#324=LINE('',#4202,#545);
#325=LINE('',#4203,#546);
#326=LINE('',#4205,#547);
#327=LINE('',#4207,#548);
#328=LINE('',#4209,#549);
#329=LINE('',#4212,#550);
#330=LINE('',#4216,#551);
#331=LINE('',#4220,#552);
#332=LINE('',#4222,#553);
#333=LINE('',#4223,#554);
#334=LINE('',#4225,#555);
#335=LINE('',#4227,#556);
#336=LINE('',#4230,#557);
#337=VECTOR('',#2360,10.);
#338=VECTOR('',#2363,10.);
#339=VECTOR('',#2384,10.);
#340=VECTOR('',#2385,10.);
#341=VECTOR('',#2392,10.);
#342=VECTOR('',#2393,10.);
#343=VECTOR('',#2394,10.);
#344=VECTOR('',#2397,10.);
#345=VECTOR('',#2402,10.);
#346=VECTOR('',#2403,10.);
#347=VECTOR('',#2406,10.);
#348=VECTOR('',#2411,10.);
#349=VECTOR('',#2414,10.);
#350=VECTOR('',#2433,10.);
#351=VECTOR('',#2434,10.);
#352=VECTOR('',#2439,10.);
#353=VECTOR('',#2442,10.);
#354=VECTOR('',#2467,10.);
#355=VECTOR('',#2468,10.);
#356=VECTOR('',#2471,10.);
#357=VECTOR('',#2476,10.);
#358=VECTOR('',#2481,10.);
#359=VECTOR('',#2484,10.);
#360=VECTOR('',#2487,10.);
#361=VECTOR('',#2492,10.);
#362=VECTOR('',#2493,10.);
#363=VECTOR('',#2498,10.);
#364=VECTOR('',#2499,10.);
#365=VECTOR('',#2512,10.);
#366=VECTOR('',#2515,10.);
#367=VECTOR('',#2516,10.);
#368=VECTOR('',#2517,10.);
#369=VECTOR('',#2518,10.);
#370=VECTOR('',#2535,10.);
#371=VECTOR('',#2544,3.75);
#372=VECTOR('',#2553,10.);
#373=VECTOR('',#2554,10.);
#374=VECTOR('',#2555,10.);
#375=VECTOR('',#2556,10.);
#376=VECTOR('',#2559,10.);
#377=VECTOR('',#2560,10.);
#378=VECTOR('',#2561,10.);
#379=VECTOR('',#2562,10.);
#380=VECTOR('',#2563,10.);
#381=VECTOR('',#2564,10.);
#382=VECTOR('',#2565,10.);
#383=VECTOR('',#2566,10.);
#384=VECTOR('',#2567,10.);
#385=VECTOR('',#2568,10.);
#386=VECTOR('',#2569,10.);
#387=VECTOR('',#2570,10.);
#388=VECTOR('',#2571,10.);
#389=VECTOR('',#2572,10.);
#390=VECTOR('',#2573,10.);
#391=VECTOR('',#2576,10.);
#392=VECTOR('',#2577,10.);
#393=VECTOR('',#2578,10.);
#394=VECTOR('',#2579,10.);
#395=VECTOR('',#2580,10.);
#396=VECTOR('',#2581,10.);
#397=VECTOR('',#2582,10.);
#398=VECTOR('',#2583,10.);
#399=VECTOR('',#2584,10.);
#400=VECTOR('',#2585,10.);
#401=VECTOR('',#2586,10.);
#402=VECTOR('',#2587,10.);
#403=VECTOR('',#2590,10.);
#404=VECTOR('',#2591,10.);
#405=VECTOR('',#2592,10.);
#406=VECTOR('',#2595,10.);
#407=VECTOR('',#2596,10.);
#408=VECTOR('',#2597,10.);
#409=VECTOR('',#2598,10.);
#410=VECTOR('',#2599,10.);
#411=VECTOR('',#2600,10.);
#412=VECTOR('',#2601,10.);
#413=VECTOR('',#2602,10.);
#414=VECTOR('',#2603,10.);
#415=VECTOR('',#2604,10.);
#416=VECTOR('',#2605,10.);
#417=VECTOR('',#2606,10.);
#418=VECTOR('',#2607,10.);
#419=VECTOR('',#2608,10.);
#420=VECTOR('',#2609,10.);
#421=VECTOR('',#2610,10.);
#422=VECTOR('',#2611,10.);
#423=VECTOR('',#2612,10.);
#424=VECTOR('',#2613,10.);
#425=VECTOR('',#2614,10.);
#426=VECTOR('',#2615,10.);
#427=VECTOR('',#2616,10.);
#428=VECTOR('',#2619,10.);
#429=VECTOR('',#2620,10.);
#430=VECTOR('',#2623,10.);
#431=VECTOR('',#2624,10.);
#432=VECTOR('',#2627,10.);
#433=VECTOR('',#2628,10.);
#434=VECTOR('',#2629,10.);
#435=VECTOR('',#2632,10.);
#436=VECTOR('',#2633,10.);
#437=VECTOR('',#2634,10.);
#438=VECTOR('',#2637,10.);
#439=VECTOR('',#2638,10.);
#440=VECTOR('',#2639,10.);
#441=VECTOR('',#2644,10.);
#442=VECTOR('',#2645,10.);
#443=VECTOR('',#2646,10.);
#444=VECTOR('',#2647,10.);
#445=VECTOR('',#2648,10.);
#446=VECTOR('',#2649,10.);
#447=VECTOR('',#2652,10.);
#448=VECTOR('',#2655,10.);
#449=VECTOR('',#2658,10.);
#450=VECTOR('',#2659,10.);
#451=VECTOR('',#2662,10.);
#452=VECTOR('',#2663,10.);
#453=VECTOR('',#2666,10.);
#454=VECTOR('',#2667,10.);
#455=VECTOR('',#2668,10.);
#456=VECTOR('',#2669,10.);
#457=VECTOR('',#2670,10.);
#458=VECTOR('',#2671,10.);
#459=VECTOR('',#2672,10.);
#460=VECTOR('',#2673,10.);
#461=VECTOR('',#2676,10.);
#462=VECTOR('',#2679,10.);
#463=VECTOR('',#2680,10.);
#464=VECTOR('',#2683,10.);
#465=VECTOR('',#2684,10.);
#466=VECTOR('',#2685,10.);
#467=VECTOR('',#2688,10.);
#468=VECTOR('',#2691,10.);
#469=VECTOR('',#2692,10.);
#470=VECTOR('',#2695,10.);
#471=VECTOR('',#2700,10.);
#472=VECTOR('',#2701,10.);
#473=VECTOR('',#2704,10.);
#474=VECTOR('',#2707,10.);
#475=VECTOR('',#2708,10.);
#476=VECTOR('',#2711,10.);
#477=VECTOR('',#2712,10.);
#478=VECTOR('',#2713,10.);
#479=VECTOR('',#2716,10.);
#480=VECTOR('',#2719,10.);
#481=VECTOR('',#2720,10.);
#482=VECTOR('',#2723,10.);
#483=VECTOR('',#2728,10.);
#484=VECTOR('',#2729,10.);
#485=VECTOR('',#2732,10.);
#486=VECTOR('',#2735,10.);
#487=VECTOR('',#2738,10.);
#488=VECTOR('',#2739,10.);
#489=VECTOR('',#2740,10.);
#490=VECTOR('',#2743,10.);
#491=VECTOR('',#2744,10.);
#492=VECTOR('',#2745,10.);
#493=VECTOR('',#2746,10.);
#494=VECTOR('',#2747,10.);
#495=VECTOR('',#2748,10.);
#496=VECTOR('',#2749,10.);
#497=VECTOR('',#2750,10.);
#498=VECTOR('',#2751,10.);
#499=VECTOR('',#2752,10.);
#500=VECTOR('',#2753,10.);
#501=VECTOR('',#2754,10.);
#502=VECTOR('',#2757,10.);
#503=VECTOR('',#2758,10.);
#504=VECTOR('',#2761,10.);
#505=VECTOR('',#2762,10.);
#506=VECTOR('',#2763,10.);
#507=VECTOR('',#2764,10.);
#508=VECTOR('',#2765,10.);
#509=VECTOR('',#2766,10.);
#510=VECTOR('',#2767,10.);
#511=VECTOR('',#2768,10.);
#512=VECTOR('',#2769,10.);
#513=VECTOR('',#2770,10.);
#514=VECTOR('',#2771,10.);
#515=VECTOR('',#2774,10.);
#516=VECTOR('',#2775,10.);
#517=VECTOR('',#2776,10.);
#518=VECTOR('',#2779,10.);
#519=VECTOR('',#2780,10.);
#520=VECTOR('',#2783,10.);
#521=VECTOR('',#2784,10.);
#522=VECTOR('',#2785,10.);
#523=VECTOR('',#2786,10.);
#524=VECTOR('',#2787,10.);
#525=VECTOR('',#2788,10.);
#526=VECTOR('',#2789,10.);
#527=VECTOR('',#2790,10.);
#528=VECTOR('',#2791,10.);
#529=VECTOR('',#2792,10.);
#530=VECTOR('',#2793,10.);
#531=VECTOR('',#2794,10.);
#532=VECTOR('',#2795,10.);
#533=VECTOR('',#2800,10.);
#534=VECTOR('',#2803,10.);
#535=VECTOR('',#2808,10.);
#536=VECTOR('',#2809,10.);
#537=VECTOR('',#2812,10.);
#538=VECTOR('',#2813,10.);
#539=VECTOR('',#2816,10.);
#540=VECTOR('',#2819,10.);
#541=VECTOR('',#2822,10.);
#542=VECTOR('',#2827,10.);
#543=VECTOR('',#2832,10.);
#544=VECTOR('',#2833,10.);
#545=VECTOR('',#2836,10.);
#546=VECTOR('',#2837,10.);
#547=VECTOR('',#2840,10.);
#548=VECTOR('',#2843,10.);
#549=VECTOR('',#2846,10.);
#550=VECTOR('',#2851,10.);
#551=VECTOR('',#2856,2.);
#552=VECTOR('',#2861,10.);
#553=VECTOR('',#2862,10.);
#554=VECTOR('',#2863,10.);
#555=VECTOR('',#2866,10.);
#556=VECTOR('',#2869,10.);
#557=VECTOR('',#2874,10.);
#558=CYLINDRICAL_SURFACE('',#2188,1.);
#559=CYLINDRICAL_SURFACE('',#2199,1.);
#560=CYLINDRICAL_SURFACE('',#2203,5.);
#561=CYLINDRICAL_SURFACE('',#2204,15.);
#562=CYLINDRICAL_SURFACE('',#2206,8.);
#563=CYLINDRICAL_SURFACE('',#2207,1.);
#564=CYLINDRICAL_SURFACE('',#2210,1.);
#565=CYLINDRICAL_SURFACE('',#2218,1.);
#566=CYLINDRICAL_SURFACE('',#2220,1.);
#567=CYLINDRICAL_SURFACE('',#2233,11.);
#568=CYLINDRICAL_SURFACE('',#2237,1.);
#569=CYLINDRICAL_SURFACE('',#2240,1.);
#570=CYLINDRICAL_SURFACE('',#2241,15.);
#571=CYLINDRICAL_SURFACE('',#2243,5.);
#572=CYLINDRICAL_SURFACE('',#2245,8.);
#573=CYLINDRICAL_SURFACE('',#2263,3.75);
#574=CYLINDRICAL_SURFACE('',#2280,3.);
#575=CYLINDRICAL_SURFACE('',#2330,2.5);
#576=TOROIDAL_SURFACE('',#2184,14.,1.);
#577=TOROIDAL_SURFACE('',#2193,12.,1.);
#578=TOROIDAL_SURFACE('',#2212,12.,1.);
#579=TOROIDAL_SURFACE('',#2225,14.,1.);
#580=TOROIDAL_SURFACE('',#2247,14.,1.);
#581=TOROIDAL_SURFACE('',#2253,23.,12.);
#582=TOROIDAL_SURFACE('',#2258,14.,1.);
#583=FACE_OUTER_BOUND('',#700,.T.);
#584=FACE_OUTER_BOUND('',#701,.T.);
#585=FACE_OUTER_BOUND('',#702,.T.);
#586=FACE_OUTER_BOUND('',#703,.T.);
#587=FACE_OUTER_BOUND('',#704,.T.);
#588=FACE_OUTER_BOUND('',#705,.T.);
#589=FACE_OUTER_BOUND('',#706,.T.);
#590=FACE_OUTER_BOUND('',#707,.T.);
#591=FACE_OUTER_BOUND('',#708,.T.);
#592=FACE_OUTER_BOUND('',#709,.T.);
#593=FACE_OUTER_BOUND('',#710,.T.);
#594=FACE_OUTER_BOUND('',#711,.T.);
#595=FACE_OUTER_BOUND('',#712,.T.);
#596=FACE_OUTER_BOUND('',#713,.T.);
#597=FACE_OUTER_BOUND('',#714,.T.);
#598=FACE_OUTER_BOUND('',#715,.T.);
#599=FACE_OUTER_BOUND('',#716,.T.);
#600=FACE_OUTER_BOUND('',#717,.T.);
#601=FACE_OUTER_BOUND('',#718,.T.);
#602=FACE_OUTER_BOUND('',#719,.T.);
#603=FACE_OUTER_BOUND('',#720,.T.);
#604=FACE_OUTER_BOUND('',#721,.T.);
#605=FACE_OUTER_BOUND('',#722,.T.);
#606=FACE_OUTER_BOUND('',#723,.T.);
#607=FACE_OUTER_BOUND('',#724,.T.);
#608=FACE_OUTER_BOUND('',#725,.T.);
#609=FACE_OUTER_BOUND('',#726,.T.);
#610=FACE_OUTER_BOUND('',#727,.T.);
#611=FACE_OUTER_BOUND('',#728,.T.);
#612=FACE_OUTER_BOUND('',#729,.T.);
#613=FACE_OUTER_BOUND('',#730,.T.);
#614=FACE_OUTER_BOUND('',#731,.T.);
#615=FACE_OUTER_BOUND('',#732,.T.);
#616=FACE_OUTER_BOUND('',#733,.T.);
#617=FACE_OUTER_BOUND('',#734,.T.);
#618=FACE_OUTER_BOUND('',#735,.T.);
#619=FACE_OUTER_BOUND('',#736,.T.);
#620=FACE_OUTER_BOUND('',#737,.T.);
#621=FACE_OUTER_BOUND('',#738,.T.);
#622=FACE_OUTER_BOUND('',#739,.T.);
#623=FACE_OUTER_BOUND('',#740,.T.);
#624=FACE_OUTER_BOUND('',#741,.T.);
#625=FACE_OUTER_BOUND('',#742,.T.);
#626=FACE_OUTER_BOUND('',#743,.T.);
#627=FACE_OUTER_BOUND('',#744,.T.);
#628=FACE_OUTER_BOUND('',#745,.T.);
#629=FACE_OUTER_BOUND('',#746,.T.);
#630=FACE_OUTER_BOUND('',#747,.T.);
#631=FACE_OUTER_BOUND('',#749,.T.);
#632=FACE_OUTER_BOUND('',#750,.T.);
#633=FACE_OUTER_BOUND('',#751,.T.);
#634=FACE_OUTER_BOUND('',#754,.T.);
#635=FACE_OUTER_BOUND('',#755,.T.);
#636=FACE_OUTER_BOUND('',#760,.T.);
#637=FACE_OUTER_BOUND('',#761,.T.);
#638=FACE_OUTER_BOUND('',#762,.T.);
#639=FACE_OUTER_BOUND('',#763,.T.);
#640=FACE_OUTER_BOUND('',#764,.T.);
#641=FACE_OUTER_BOUND('',#765,.T.);
#642=FACE_OUTER_BOUND('',#766,.T.);
#643=FACE_OUTER_BOUND('',#767,.T.);
#644=FACE_OUTER_BOUND('',#768,.T.);
#645=FACE_OUTER_BOUND('',#769,.T.);
#646=FACE_OUTER_BOUND('',#770,.T.);
#647=FACE_OUTER_BOUND('',#773,.T.);
#648=FACE_OUTER_BOUND('',#774,.T.);
#649=FACE_OUTER_BOUND('',#775,.T.);
#650=FACE_OUTER_BOUND('',#776,.T.);
#651=FACE_OUTER_BOUND('',#777,.T.);
#652=FACE_OUTER_BOUND('',#778,.T.);
#653=FACE_OUTER_BOUND('',#779,.T.);
#654=FACE_OUTER_BOUND('',#780,.T.);
#655=FACE_OUTER_BOUND('',#781,.T.);
#656=FACE_OUTER_BOUND('',#782,.T.);
#657=FACE_OUTER_BOUND('',#783,.T.);
#658=FACE_OUTER_BOUND('',#784,.T.);
#659=FACE_OUTER_BOUND('',#785,.T.);
#660=FACE_OUTER_BOUND('',#786,.T.);
#661=FACE_OUTER_BOUND('',#787,.T.);
#662=FACE_OUTER_BOUND('',#788,.T.);
#663=FACE_OUTER_BOUND('',#789,.T.);
#664=FACE_OUTER_BOUND('',#790,.T.);
#665=FACE_OUTER_BOUND('',#791,.T.);
#666=FACE_OUTER_BOUND('',#792,.T.);
#667=FACE_OUTER_BOUND('',#795,.T.);
#668=FACE_OUTER_BOUND('',#796,.T.);
#669=FACE_OUTER_BOUND('',#799,.T.);
#670=FACE_OUTER_BOUND('',#800,.T.);
#671=FACE_OUTER_BOUND('',#801,.T.);
#672=FACE_OUTER_BOUND('',#806,.T.);
#673=FACE_OUTER_BOUND('',#807,.T.);
#674=FACE_OUTER_BOUND('',#808,.T.);
#675=FACE_OUTER_BOUND('',#809,.T.);
#676=FACE_OUTER_BOUND('',#810,.T.);
#677=FACE_OUTER_BOUND('',#811,.T.);
#678=FACE_OUTER_BOUND('',#812,.T.);
#679=FACE_OUTER_BOUND('',#813,.T.);
#680=FACE_OUTER_BOUND('',#814,.T.);
#681=FACE_OUTER_BOUND('',#815,.T.);
#682=FACE_OUTER_BOUND('',#816,.T.);
#683=FACE_OUTER_BOUND('',#817,.T.);
#684=FACE_OUTER_BOUND('',#818,.T.);
#685=FACE_OUTER_BOUND('',#819,.T.);
#686=FACE_OUTER_BOUND('',#820,.T.);
#687=FACE_OUTER_BOUND('',#821,.T.);
#688=FACE_OUTER_BOUND('',#822,.T.);
#689=FACE_OUTER_BOUND('',#823,.T.);
#690=FACE_OUTER_BOUND('',#824,.T.);
#691=FACE_OUTER_BOUND('',#825,.T.);
#692=FACE_OUTER_BOUND('',#826,.T.);
#693=FACE_OUTER_BOUND('',#827,.T.);
#694=FACE_OUTER_BOUND('',#828,.T.);
#695=FACE_OUTER_BOUND('',#830,.T.);
#696=FACE_OUTER_BOUND('',#831,.T.);
#697=FACE_OUTER_BOUND('',#832,.T.);
#698=FACE_OUTER_BOUND('',#833,.T.);
#699=FACE_OUTER_BOUND('',#835,.T.);
#700=EDGE_LOOP('',(#1422,#1423,#1424));
#701=EDGE_LOOP('',(#1425,#1426,#1427,#1428));
#702=EDGE_LOOP('',(#1429,#1430,#1431,#1432));
#703=EDGE_LOOP('',(#1433,#1434,#1435,#1436));
#704=EDGE_LOOP('',(#1437,#1438,#1439));
#705=EDGE_LOOP('',(#1440,#1441,#1442,#1443));
#706=EDGE_LOOP('',(#1444,#1445,#1446,#1447));
#707=EDGE_LOOP('',(#1448,#1449,#1450,#1451));
#708=EDGE_LOOP('',(#1452,#1453,#1454));
#709=EDGE_LOOP('',(#1455,#1456,#1457,#1458,#1459));
#710=EDGE_LOOP('',(#1460,#1461,#1462,#1463,#1464));
#711=EDGE_LOOP('',(#1465,#1466,#1467,#1468,#1469));
#712=EDGE_LOOP('',(#1470,#1471,#1472,#1473));
#713=EDGE_LOOP('',(#1474,#1475,#1476,#1477));
#714=EDGE_LOOP('',(#1478,#1479,#1480,#1481));
#715=EDGE_LOOP('',(#1482,#1483,#1484,#1485));
#716=EDGE_LOOP('',(#1486,#1487,#1488,#1489));
#717=EDGE_LOOP('',(#1490,#1491,#1492,#1493));
#718=EDGE_LOOP('',(#1494,#1495,#1496,#1497));
#719=EDGE_LOOP('',(#1498,#1499,#1500));
#720=EDGE_LOOP('',(#1501,#1502,#1503,#1504));
#721=EDGE_LOOP('',(#1505,#1506,#1507,#1508));
#722=EDGE_LOOP('',(#1509,#1510,#1511));
#723=EDGE_LOOP('',(#1512,#1513,#1514));
#724=EDGE_LOOP('',(#1515,#1516,#1517,#1518,#1519,#1520,#1521,#1522,#1523,
#1524,#1525,#1526,#1527,#1528));
#725=EDGE_LOOP('',(#1529,#1530,#1531,#1532));
#726=EDGE_LOOP('',(#1533,#1534,#1535,#1536));
#727=EDGE_LOOP('',(#1537,#1538,#1539,#1540,#1541));
#728=EDGE_LOOP('',(#1542,#1543,#1544,#1545,#1546));
#729=EDGE_LOOP('',(#1547,#1548,#1549,#1550,#1551));
#730=EDGE_LOOP('',(#1552,#1553,#1554,#1555));
#731=EDGE_LOOP('',(#1556,#1557,#1558,#1559,#1560));
#732=EDGE_LOOP('',(#1561,#1562,#1563,#1564));
#733=EDGE_LOOP('',(#1565,#1566,#1567,#1568,#1569));
#734=EDGE_LOOP('',(#1570,#1571,#1572,#1573));
#735=EDGE_LOOP('',(#1574,#1575,#1576,#1577));
#736=EDGE_LOOP('',(#1578,#1579,#1580));
#737=EDGE_LOOP('',(#1581,#1582,#1583,#1584,#1585,#1586,#1587,#1588));
#738=EDGE_LOOP('',(#1589,#1590,#1591,#1592,#1593));
#739=EDGE_LOOP('',(#1594,#1595,#1596,#1597,#1598,#1599,#1600,#1601,#1602,
#1603,#1604,#1605,#1606,#1607));
#740=EDGE_LOOP('',(#1608,#1609,#1610,#1611));
#741=EDGE_LOOP('',(#1612,#1613,#1614,#1615));
#742=EDGE_LOOP('',(#1616,#1617,#1618,#1619));
#743=EDGE_LOOP('',(#1620,#1621,#1622,#1623));
#744=EDGE_LOOP('',(#1624,#1625,#1626));
#745=EDGE_LOOP('',(#1627,#1628,#1629));
#746=EDGE_LOOP('',(#1630,#1631,#1632,#1633));
#747=EDGE_LOOP('',(#1634));
#748=EDGE_LOOP('',(#1635));
#749=EDGE_LOOP('',(#1636,#1637,#1638,#1639));
#750=EDGE_LOOP('',(#1640,#1641,#1642,#1643,#1644,#1645,#1646,#1647,#1648,
#1649,#1650,#1651,#1652,#1653,#1654,#1655));
#751=EDGE_LOOP('',(#1656,#1657,#1658,#1659,#1660,#1661));
#752=EDGE_LOOP('',(#1662,#1663,#1664,#1665));
#753=EDGE_LOOP('',(#1666,#1667,#1668,#1669));
#754=EDGE_LOOP('',(#1670,#1671,#1672,#1673));
#755=EDGE_LOOP('',(#1674,#1675,#1676,#1677,#1678,#1679,#1680,#1681,#1682,
#1683));
#756=EDGE_LOOP('',(#1684,#1685,#1686,#1687));
#757=EDGE_LOOP('',(#1688,#1689,#1690,#1691));
#758=EDGE_LOOP('',(#1692,#1693,#1694,#1695));
#759=EDGE_LOOP('',(#1696,#1697,#1698,#1699));
#760=EDGE_LOOP('',(#1700,#1701,#1702,#1703));
#761=EDGE_LOOP('',(#1704,#1705,#1706,#1707));
#762=EDGE_LOOP('',(#1708,#1709,#1710,#1711));
#763=EDGE_LOOP('',(#1712,#1713,#1714,#1715,#1716,#1717,#1718));
#764=EDGE_LOOP('',(#1719,#1720,#1721,#1722));
#765=EDGE_LOOP('',(#1723,#1724,#1725,#1726,#1727,#1728,#1729,#1730));
#766=EDGE_LOOP('',(#1731,#1732,#1733,#1734));
#767=EDGE_LOOP('',(#1735,#1736,#1737,#1738));
#768=EDGE_LOOP('',(#1739,#1740,#1741,#1742,#1743,#1744,#1745,#1746));
#769=EDGE_LOOP('',(#1747,#1748,#1749,#1750));
#770=EDGE_LOOP('',(#1751,#1752,#1753,#1754,#1755,#1756));
#771=EDGE_LOOP('',(#1757,#1758,#1759,#1760));
#772=EDGE_LOOP('',(#1761,#1762,#1763,#1764));
#773=EDGE_LOOP('',(#1765,#1766,#1767,#1768));
#774=EDGE_LOOP('',(#1769,#1770,#1771,#1772));
#775=EDGE_LOOP('',(#1773,#1774,#1775,#1776));
#776=EDGE_LOOP('',(#1777,#1778,#1779,#1780));
#777=EDGE_LOOP('',(#1781,#1782,#1783,#1784));
#778=EDGE_LOOP('',(#1785,#1786,#1787,#1788));
#779=EDGE_LOOP('',(#1789,#1790,#1791,#1792));
#780=EDGE_LOOP('',(#1793,#1794,#1795,#1796));
#781=EDGE_LOOP('',(#1797,#1798,#1799,#1800));
#782=EDGE_LOOP('',(#1801,#1802,#1803,#1804));
#783=EDGE_LOOP('',(#1805,#1806,#1807,#1808));
#784=EDGE_LOOP('',(#1809,#1810,#1811,#1812));
#785=EDGE_LOOP('',(#1813,#1814,#1815,#1816));
#786=EDGE_LOOP('',(#1817,#1818,#1819,#1820));
#787=EDGE_LOOP('',(#1821,#1822,#1823,#1824));
#788=EDGE_LOOP('',(#1825,#1826,#1827,#1828));
#789=EDGE_LOOP('',(#1829,#1830,#1831,#1832));
#790=EDGE_LOOP('',(#1833,#1834,#1835,#1836));
#791=EDGE_LOOP('',(#1837,#1838,#1839,#1840));
#792=EDGE_LOOP('',(#1841,#1842,#1843,#1844,#1845,#1846));
#793=EDGE_LOOP('',(#1847,#1848,#1849,#1850));
#794=EDGE_LOOP('',(#1851,#1852,#1853,#1854));
#795=EDGE_LOOP('',(#1855,#1856,#1857,#1858));
#796=EDGE_LOOP('',(#1859,#1860,#1861,#1862,#1863,#1864));
#797=EDGE_LOOP('',(#1865,#1866,#1867,#1868));
#798=EDGE_LOOP('',(#1869,#1870,#1871,#1872));
#799=EDGE_LOOP('',(#1873,#1874,#1875,#1876));
#800=EDGE_LOOP('',(#1877,#1878,#1879,#1880));
#801=EDGE_LOOP('',(#1881,#1882,#1883,#1884,#1885,#1886,#1887,#1888,#1889,
#1890,#1891,#1892,#1893,#1894,#1895,#1896,#1897,#1898,#1899,#1900));
#802=EDGE_LOOP('',(#1901,#1902,#1903,#1904));
#803=EDGE_LOOP('',(#1905,#1906,#1907,#1908));
#804=EDGE_LOOP('',(#1909,#1910,#1911,#1912));
#805=EDGE_LOOP('',(#1913,#1914,#1915,#1916));
#806=EDGE_LOOP('',(#1917,#1918,#1919,#1920));
#807=EDGE_LOOP('',(#1921,#1922,#1923,#1924));
#808=EDGE_LOOP('',(#1925,#1926,#1927,#1928));
#809=EDGE_LOOP('',(#1929,#1930,#1931,#1932));
#810=EDGE_LOOP('',(#1933,#1934,#1935,#1936));
#811=EDGE_LOOP('',(#1937,#1938,#1939,#1940));
#812=EDGE_LOOP('',(#1941,#1942,#1943,#1944));
#813=EDGE_LOOP('',(#1945,#1946,#1947,#1948));
#814=EDGE_LOOP('',(#1949,#1950,#1951,#1952));
#815=EDGE_LOOP('',(#1953,#1954,#1955,#1956));
#816=EDGE_LOOP('',(#1957,#1958,#1959,#1960));
#817=EDGE_LOOP('',(#1961,#1962,#1963,#1964));
#818=EDGE_LOOP('',(#1965,#1966,#1967,#1968));
#819=EDGE_LOOP('',(#1969,#1970,#1971,#1972));
#820=EDGE_LOOP('',(#1973,#1974,#1975,#1976));
#821=EDGE_LOOP('',(#1977,#1978,#1979,#1980));
#822=EDGE_LOOP('',(#1981,#1982,#1983,#1984));
#823=EDGE_LOOP('',(#1985,#1986,#1987,#1988));
#824=EDGE_LOOP('',(#1989,#1990,#1991,#1992));
#825=EDGE_LOOP('',(#1993,#1994,#1995,#1996));
#826=EDGE_LOOP('',(#1997,#1998,#1999,#2000));
#827=EDGE_LOOP('',(#2001,#2002,#2003,#2004));
#828=EDGE_LOOP('',(#2005,#2006,#2007,#2008));
#829=EDGE_LOOP('',(#2009));
#830=EDGE_LOOP('',(#2010,#2011,#2012,#2013));
#831=EDGE_LOOP('',(#2014,#2015,#2016,#2017));
#832=EDGE_LOOP('',(#2018,#2019,#2020,#2021,#2022));
#833=EDGE_LOOP('',(#2023,#2024,#2025,#2026,#2027));
#834=EDGE_LOOP('',(#2028));
#835=EDGE_LOOP('',(#2029,#2030,#2031,#2032,#2033,#2034,#2035));
#836=B_SPLINE_CURVE_WITH_KNOTS('',3,(#2937,#2938,#2939,#2940,#2941,#2942,
#2943,#2944,#2945,#2946),.UNSPECIFIED.,.F.,.F.,(4,1,1,1,1,2,4),(-1.2765695716784,
-1.02125565734272,-0.765941743007039,-0.510627828671359,-0.25531391433568,
0.,0.00136868600490536),.UNSPECIFIED.);
#837=B_SPLINE_CURVE_WITH_KNOTS('',3,(#2947,#2948,#2949,#2950,#2951,#2952,
#2953,#2954,#2955,#2956),.UNSPECIFIED.,.F.,.F.,(4,2,1,1,1,1,4),(-0.00136868600490536,
0.,0.25531391433568,0.510627828671359,0.765941743007039,1.02125565734272,
1.2765695716784),.UNSPECIFIED.);
#838=B_SPLINE_CURVE_WITH_KNOTS('',3,(#2980,#2981,#2982,#2983),
 .UNSPECIFIED.,.F.,.F.,(4,4),(-0.308183118569417,0.),.UNSPECIFIED.);
#839=B_SPLINE_CURVE_WITH_KNOTS('',3,(#2984,#2985,#2986,#2987),
 .UNSPECIFIED.,.F.,.F.,(4,4),(0.,0.308183118569417),.UNSPECIFIED.);
#840=B_SPLINE_CURVE_WITH_KNOTS('',3,(#3053,#3054,#3055,#3056,#3057,#3058,
#3059,#3060),.UNSPECIFIED.,.F.,.F.,(4,1,1,1,1,4),(-1.43103496346676,-1.22660139725722,
-1.02216783104769,-0.613300698628611,-0.204433566209537,0.),
 .UNSPECIFIED.);
#841=B_SPLINE_CURVE_WITH_KNOTS('',3,(#3063,#3064,#3065,#3066,#3067,#3068,
#3069,#3070),.UNSPECIFIED.,.F.,.F.,(4,1,1,1,1,4),(0.,0.204433566209537,
0.613300698628611,1.02216783104769,1.22660139725722,1.43103496346676),
 .UNSPECIFIED.);
#842=B_SPLINE_CURVE_WITH_KNOTS('',3,(#3083,#3084,#3085,#3086,#3087,#3088,
#3089,#3090),.UNSPECIFIED.,.F.,.F.,(4,1,1,1,1,4),(0.376593427059749,0.678043027291106,
0.979492627522464,1.20557982769598,1.28094222775382,1.4316670278695),
 .UNSPECIFIED.);
#843=B_SPLINE_CURVE_WITH_KNOTS('',3,(#3108,#3109,#3110,#3111,#3112),
 .UNSPECIFIED.,.F.,.F.,(4,1,4),(0.,0.298399801358553,0.696266203169957),
 .UNSPECIFIED.);
#844=B_SPLINE_CURVE_WITH_KNOTS('',3,(#3164,#3165,#3166,#3167,#3168,#3169,
#3170),.UNSPECIFIED.,.F.,.F.,(4,1,1,1,4),(-1.43103496346676,-1.02216783104769,
-0.613300698628611,-0.204433566209537,-1.59667909619817E-17),
 .UNSPECIFIED.);
#845=B_SPLINE_CURVE_WITH_KNOTS('',3,(#3171,#3172,#3173,#3174,#3175,#3176,
#3177),.UNSPECIFIED.,.F.,.F.,(4,1,1,1,4),(1.59667909619817E-17,0.204433566209537,
0.613300698628611,1.02216783104769,1.43103496346676),.UNSPECIFIED.);
#846=B_SPLINE_CURVE_WITH_KNOTS('',3,(#3236,#3237,#3238,#3239,#3240,#3241,
#3242,#3243),.UNSPECIFIED.,.F.,.F.,(4,1,1,2,4),(-1.27865412510792,-1.02292330008633,
-0.76719247506475,0.,0.00167443819241151),.UNSPECIFIED.);
#847=B_SPLINE_CURVE_WITH_KNOTS('',3,(#3244,#3245,#3246,#3247,#3248,#3249,
#3250,#3251),.UNSPECIFIED.,.F.,.F.,(4,2,1,1,4),(-0.00167443819241151,0.,
0.76719247506475,1.02292330008633,1.27865412510792),.UNSPECIFIED.);
#848=B_SPLINE_CURVE_WITH_KNOTS('',3,(#3275,#3276,#3277,#3278),
 .UNSPECIFIED.,.F.,.F.,(4,4),(-0.308183167766673,-2.1269654208704E-12),
 .UNSPECIFIED.);
#849=B_SPLINE_CURVE_WITH_KNOTS('',3,(#3279,#3280,#3281,#3282),
 .UNSPECIFIED.,.F.,.F.,(4,4),(2.1269654208704E-12,0.308183167766673),
 .UNSPECIFIED.);
#850=B_SPLINE_CURVE_WITH_KNOTS('',3,(#3298,#3299,#3300,#3301,#3302,#3303,
#3304,#3305,#3306,#3307,#3308,#3309,#3310,#3311,#3312,#3313,#3314,#3315),
 .UNSPECIFIED.,.F.,.F.,(4,2,2,2,2,2,2,2,4),(0.,0.113640623767994,0.227281247535988,
0.340899103896629,0.45451696025727,0.568134816617911,0.681752672978552,
0.795393296746547,0.909033920514541),.UNSPECIFIED.);
#851=B_SPLINE_CURVE_WITH_KNOTS('',3,(#3329,#3330,#3331,#3332,#3333),
 .UNSPECIFIED.,.F.,.F.,(4,1,4),(0.,0.435034594571493,0.696263724791159),
 .UNSPECIFIED.);
#852=B_SPLINE_CURVE_WITH_KNOTS('',3,(#3338,#3339,#3340,#3341,#3342,#3343,
#3344,#3345,#3346,#3347),.UNSPECIFIED.,.F.,.F.,(4,2,2,2,4),(0.0297382481471932,
0.0399579198973626,0.0830380438286197,0.124559754381485,0.125084128247907),
 .UNSPECIFIED.);
#853=B_SPLINE_CURVE_WITH_KNOTS('',3,(#3348,#3349,#3350,#3351,#3352,#3353,
#3354,#3355,#3356,#3357),.UNSPECIFIED.,.F.,.F.,(4,3,3,4),(-0.00126277257183086,
-2.3635607360184E-17,0.03699870910874,0.0705916923523984),.UNSPECIFIED.);
#854=B_SPLINE_CURVE_WITH_KNOTS('',3,(#3367,#3368,#3369,#3370,#3371,#3372,
#3373,#3374),.UNSPECIFIED.,.F.,.F.,(4,1,1,1,1,4),(3.31177606569192E-16,
0.150724800116013,0.301449600232026,0.452174400348038,0.753624000580064,
1.05507360081209),.UNSPECIFIED.);
#855=B_SPLINE_CURVE_WITH_KNOTS('',3,(#3385,#3386,#3387,#3388,#3389,#3390,
#3391,#3392,#3393,#3394,#3395,#3396,#3397,#3398,#3399,#3400),
 .UNSPECIFIED.,.F.,.F.,(4,2,2,2,2,2,2,4),(-0.22418876549444,-0.223639505298974,
-0.182212056804683,-0.142836619850572,-0.103587442561886,-0.069151439116151,
-0.0356567694416702,-0.0254850399128395),.UNSPECIFIED.);
#856=B_SPLINE_CURVE_WITH_KNOTS('',3,(#3459,#3460,#3461,#3462,#3463,#3464,
#3465,#3466),.UNSPECIFIED.,.F.,.F.,(4,1,1,1,1,4),(-1.05507360081209,-0.753624000580064,
-0.452174400348038,-0.301449600232026,-0.150724800116013,-3.31177606569192E-16),
 .UNSPECIFIED.);
#857=B_SPLINE_CURVE_WITH_KNOTS('',3,(#3525,#3526,#3527,#3528,#3529,#3530,
#3531,#3532,#3533,#3534,#3535),.UNSPECIFIED.,.F.,.F.,(4,1,1,1,1,1,1,1,4),
(-0.132698543374453,-0.0663492716872265,-0.0473923369194475,-0.037913869535558,
-0.018956934767779,-0.00947846738388951,-0.00473923369194475,-0.00236961684597238,
0.),.UNSPECIFIED.);
#858=B_SPLINE_CURVE_WITH_KNOTS('',3,(#3558,#3559,#3560,#3561,#3562,#3563,
#3564,#3565,#3566,#3567,#3568,#3569,#3570,#3571),.UNSPECIFIED.,.F.,.F.,
(4,2,2,2,2,2,4),(-0.000583091228369511,0.,0.0175514883135513,0.0339493563152957,
0.0658044130896784,0.104775260121023,0.143766240846046),.UNSPECIFIED.);
#859=B_SPLINE_CURVE_WITH_KNOTS('',3,(#3572,#3573,#3574,#3575),
 .UNSPECIFIED.,.F.,.F.,(4,4),(-0.154202142011679,-0.132698543374453),
 .UNSPECIFIED.);
#860=B_SPLINE_CURVE_WITH_KNOTS('',3,(#3585,#3586,#3587,#3588),
 .UNSPECIFIED.,.F.,.F.,(4,4),(5.28027417042459,5.43109639621954),
 .UNSPECIFIED.);
#861=B_SPLINE_CURVE_WITH_KNOTS('',3,(#3624,#3625,#3626,#3627,#3628),
 .UNSPECIFIED.,.F.,.F.,(4,1,4),(-0.69625807472515,-0.435034594571493,0.),
 .UNSPECIFIED.);
#862=B_SPLINE_CURVE_WITH_KNOTS('',3,(#3633,#3634,#3635,#3636),
 .UNSPECIFIED.,.F.,.F.,(4,4),(1.7921769432767,1.94299916907165),
 .UNSPECIFIED.);
#863=B_SPLINE_CURVE_WITH_KNOTS('',3,(#3638,#3639,#3640,#3641),
 .UNSPECIFIED.,.F.,.F.,(4,4),(-0.500695031058481,-0.479188909974398),
 .UNSPECIFIED.);
#864=B_SPLINE_CURVE_WITH_KNOTS('',3,(#3643,#3644,#3645,#3646,#3647,#3648,
#3649,#3650,#3651),.UNSPECIFIED.,.F.,.F.,(4,1,1,1,1,1,4),(0.,0.00474496433867133,
0.00948992867734266,0.0189798573546853,0.0474496433867133,0.0664295007413986,
0.132859001482797),.UNSPECIFIED.);
#865=B_SPLINE_CURVE_WITH_KNOTS('',3,(#3653,#3654,#3655,#3656,#3657,#3658,
#3659,#3660),.UNSPECIFIED.,.F.,.F.,(4,1,1,1,1,4),(-1.4316670278695,-1.28094222775382,
-1.20557982769598,-0.979492627522464,-0.678043027291106,-0.376593427059749),
 .UNSPECIFIED.);
#866=B_SPLINE_CURVE_WITH_KNOTS('',3,(#3663,#3664,#3665,#3666,#3667),
 .UNSPECIFIED.,.F.,.F.,(4,1,4),(-0.696266203169957,-0.298399801358553,0.),
 .UNSPECIFIED.);
#867=B_SPLINE_CURVE_WITH_KNOTS('',3,(#3833,#3834,#3835,#3836,#3837,#3838,
#3839,#3840,#3841,#3842,#3843,#3844,#3845,#3846),.UNSPECIFIED.,.F.,.F.,
(4,2,2,2,2,2,4),(0.,0.0390649221967205,0.0781093939837931,0.110033173507613,
0.126466665344561,0.144041654963654,0.144623412404363),.UNSPECIFIED.);
#868=CIRCLE('',#2182,0.999999999999999);
#869=CIRCLE('',#2183,0.999999999999999);
#870=CIRCLE('',#2185,1.);
#871=CIRCLE('',#2186,15.);
#872=CIRCLE('',#2187,14.);
#873=CIRCLE('',#2189,1.);
#874=CIRCLE('',#2190,1.);
#875=CIRCLE('',#2192,0.999999999999999);
#876=CIRCLE('',#2194,0.999999999999998);
#877=CIRCLE('',#2195,12.);
#878=CIRCLE('',#2196,1.);
#879=CIRCLE('',#2197,11.);
#880=CIRCLE('',#2198,1.);
#881=CIRCLE('',#2200,1.);
#882=CIRCLE('',#2202,0.999999999999999);
#883=CIRCLE('',#2205,15.);
#884=CIRCLE('',#2208,0.999999999999999);
#885=CIRCLE('',#2211,1.);
#886=CIRCLE('',#2213,1.);
#887=CIRCLE('',#2214,12.);
#888=CIRCLE('',#2215,1.);
#889=CIRCLE('',#2216,11.);
#890=CIRCLE('',#2217,0.999999999999998);
#891=CIRCLE('',#2219,1.);
#892=CIRCLE('',#2221,1.);
#893=CIRCLE('',#2222,1.);
#894=CIRCLE('',#2223,1.);
#895=CIRCLE('',#2224,0.999999999999999);
#896=CIRCLE('',#2226,1.);
#897=CIRCLE('',#2227,14.);
#898=CIRCLE('',#2228,15.);
#899=CIRCLE('',#2230,0.999999999999999);
#900=CIRCLE('',#2232,0.999999999999999);
#901=CIRCLE('',#2234,11.);
#902=CIRCLE('',#2235,11.);
#903=CIRCLE('',#2236,11.);
#904=CIRCLE('',#2238,0.999999999999997);
#905=CIRCLE('',#2242,15.);
#906=CIRCLE('',#2248,1.);
#907=CIRCLE('',#2249,13.1818181818182);
#908=CIRCLE('',#2250,0.999999999999999);
#909=CIRCLE('',#2251,0.999999999999998);
#910=CIRCLE('',#2254,23.);
#911=CIRCLE('',#2255,13.1818181818182);
#912=CIRCLE('',#2256,1.);
#913=CIRCLE('',#2257,0.999999999999999);
#914=CIRCLE('',#2259,1.);
#915=CIRCLE('',#2260,1.);
#916=CIRCLE('',#2261,1.);
#917=CIRCLE('',#2264,3.75);
#918=CIRCLE('',#2265,3.75);
#919=CIRCLE('',#2267,2.5);
#920=CIRCLE('',#2279,3.);
#921=CIRCLE('',#2331,2.5);
#922=VERTEX_POINT('',#2933);
#923=VERTEX_POINT('',#2934);
#924=VERTEX_POINT('',#2936);
#925=VERTEX_POINT('',#2977);
#926=VERTEX_POINT('',#2978);
#927=VERTEX_POINT('',#2989);
#928=VERTEX_POINT('',#2990);
#929=VERTEX_POINT('',#2995);
#930=VERTEX_POINT('',#2997);
#931=VERTEX_POINT('',#2999);
#932=VERTEX_POINT('',#3005);
#933=VERTEX_POINT('',#3007);
#934=VERTEX_POINT('',#3009);
#935=VERTEX_POINT('',#3052);
#936=VERTEX_POINT('',#3061);
#937=VERTEX_POINT('',#3072);
#938=VERTEX_POINT('',#3073);
#939=VERTEX_POINT('',#3080);
#940=VERTEX_POINT('',#3082);
#941=VERTEX_POINT('',#3091);
#942=VERTEX_POINT('',#3095);
#943=VERTEX_POINT('',#3102);
#944=VERTEX_POINT('',#3106);
#945=VERTEX_POINT('',#3114);
#946=VERTEX_POINT('',#3118);
#947=VERTEX_POINT('',#3119);
#948=VERTEX_POINT('',#3121);
#949=VERTEX_POINT('',#3123);
#950=VERTEX_POINT('',#3161);
#951=VERTEX_POINT('',#3162);
#952=VERTEX_POINT('',#3179);
#953=VERTEX_POINT('',#3180);
#954=VERTEX_POINT('',#3185);
#955=VERTEX_POINT('',#3187);
#956=VERTEX_POINT('',#3189);
#957=VERTEX_POINT('',#3232);
#958=VERTEX_POINT('',#3233);
#959=VERTEX_POINT('',#3235);
#960=VERTEX_POINT('',#3272);
#961=VERTEX_POINT('',#3273);
#962=VERTEX_POINT('',#3284);
#963=VERTEX_POINT('',#3293);
#964=VERTEX_POINT('',#3295);
#965=VERTEX_POINT('',#3297);
#966=VERTEX_POINT('',#3316);
#967=VERTEX_POINT('',#3319);
#968=VERTEX_POINT('',#3323);
#969=VERTEX_POINT('',#3327);
#970=VERTEX_POINT('',#3335);
#971=VERTEX_POINT('',#3337);
#972=VERTEX_POINT('',#3359);
#973=VERTEX_POINT('',#3363);
#974=VERTEX_POINT('',#3365);
#975=VERTEX_POINT('',#3381);
#976=VERTEX_POINT('',#3383);
#977=VERTEX_POINT('',#3457);
#978=VERTEX_POINT('',#3522);
#979=VERTEX_POINT('',#3523);
#980=VERTEX_POINT('',#3557);
#981=VERTEX_POINT('',#3577);
#982=VERTEX_POINT('',#3579);
#983=VERTEX_POINT('',#3581);
#984=VERTEX_POINT('',#3583);
#985=VERTEX_POINT('',#3630);
#986=VERTEX_POINT('',#3632);
#987=VERTEX_POINT('',#3637);
#988=VERTEX_POINT('',#3642);
#989=VERTEX_POINT('',#3652);
#990=VERTEX_POINT('',#3661);
#991=VERTEX_POINT('',#3773);
#992=VERTEX_POINT('',#3848);
#993=VERTEX_POINT('',#3850);
#994=VERTEX_POINT('',#3854);
#995=VERTEX_POINT('',#3857);
#996=VERTEX_POINT('',#3858);
#997=VERTEX_POINT('',#3860);
#998=VERTEX_POINT('',#3862);
#999=VERTEX_POINT('',#3866);
#1000=VERTEX_POINT('',#3868);
#1001=VERTEX_POINT('',#3870);
#1002=VERTEX_POINT('',#3872);
#1003=VERTEX_POINT('',#3874);
#1004=VERTEX_POINT('',#3876);
#1005=VERTEX_POINT('',#3878);
#1006=VERTEX_POINT('',#3880);
#1007=VERTEX_POINT('',#3882);
#1008=VERTEX_POINT('',#3884);
#1009=VERTEX_POINT('',#3886);
#1010=VERTEX_POINT('',#3888);
#1011=VERTEX_POINT('',#3890);
#1012=VERTEX_POINT('',#3892);
#1013=VERTEX_POINT('',#3896);
#1014=VERTEX_POINT('',#3898);
#1015=VERTEX_POINT('',#3900);
#1016=VERTEX_POINT('',#3903);
#1017=VERTEX_POINT('',#3904);
#1018=VERTEX_POINT('',#3906);
#1019=VERTEX_POINT('',#3908);
#1020=VERTEX_POINT('',#3911);
#1021=VERTEX_POINT('',#3912);
#1022=VERTEX_POINT('',#3914);
#1023=VERTEX_POINT('',#3916);
#1024=VERTEX_POINT('',#3920);
#1025=VERTEX_POINT('',#3922);
#1026=VERTEX_POINT('',#3926);
#1027=VERTEX_POINT('',#3928);
#1028=VERTEX_POINT('',#3931);
#1029=VERTEX_POINT('',#3933);
#1030=VERTEX_POINT('',#3936);
#1031=VERTEX_POINT('',#3937);
#1032=VERTEX_POINT('',#3939);
#1033=VERTEX_POINT('',#3941);
#1034=VERTEX_POINT('',#3944);
#1035=VERTEX_POINT('',#3945);
#1036=VERTEX_POINT('',#3947);
#1037=VERTEX_POINT('',#3949);
#1038=VERTEX_POINT('',#3952);
#1039=VERTEX_POINT('',#3953);
#1040=VERTEX_POINT('',#3955);
#1041=VERTEX_POINT('',#3957);
#1042=VERTEX_POINT('',#3960);
#1043=VERTEX_POINT('',#3961);
#1044=VERTEX_POINT('',#3963);
#1045=VERTEX_POINT('',#3965);
#1046=VERTEX_POINT('',#3969);
#1047=VERTEX_POINT('',#3973);
#1048=VERTEX_POINT('',#3977);
#1049=VERTEX_POINT('',#3979);
#1050=VERTEX_POINT('',#3983);
#1051=VERTEX_POINT('',#3988);
#1052=VERTEX_POINT('',#3990);
#1053=VERTEX_POINT('',#3994);
#1054=VERTEX_POINT('',#3996);
#1055=VERTEX_POINT('',#3998);
#1056=VERTEX_POINT('',#4000);
#1057=VERTEX_POINT('',#4002);
#1058=VERTEX_POINT('',#4004);
#1059=VERTEX_POINT('',#4012);
#1060=VERTEX_POINT('',#4019);
#1061=VERTEX_POINT('',#4020);
#1062=VERTEX_POINT('',#4022);
#1063=VERTEX_POINT('',#4024);
#1064=VERTEX_POINT('',#4027);
#1065=VERTEX_POINT('',#4028);
#1066=VERTEX_POINT('',#4030);
#1067=VERTEX_POINT('',#4032);
#1068=VERTEX_POINT('',#4041);
#1069=VERTEX_POINT('',#4043);
#1070=VERTEX_POINT('',#4049);
#1071=VERTEX_POINT('',#4056);
#1072=VERTEX_POINT('',#4065);
#1073=VERTEX_POINT('',#4067);
#1074=VERTEX_POINT('',#4073);
#1075=VERTEX_POINT('',#4080);
#1076=VERTEX_POINT('',#4088);
#1077=VERTEX_POINT('',#4089);
#1078=VERTEX_POINT('',#4094);
#1079=VERTEX_POINT('',#4096);
#1080=VERTEX_POINT('',#4098);
#1081=VERTEX_POINT('',#4101);
#1082=VERTEX_POINT('',#4102);
#1083=VERTEX_POINT('',#4104);
#1084=VERTEX_POINT('',#4106);
#1085=VERTEX_POINT('',#4109);
#1086=VERTEX_POINT('',#4110);
#1087=VERTEX_POINT('',#4112);
#1088=VERTEX_POINT('',#4114);
#1089=VERTEX_POINT('',#4121);
#1090=VERTEX_POINT('',#4123);
#1091=VERTEX_POINT('',#4126);
#1092=VERTEX_POINT('',#4127);
#1093=VERTEX_POINT('',#4129);
#1094=VERTEX_POINT('',#4131);
#1095=VERTEX_POINT('',#4134);
#1096=VERTEX_POINT('',#4135);
#1097=VERTEX_POINT('',#4137);
#1098=VERTEX_POINT('',#4139);
#1099=VERTEX_POINT('',#4143);
#1100=VERTEX_POINT('',#4144);
#1101=VERTEX_POINT('',#4149);
#1102=VERTEX_POINT('',#4155);
#1103=VERTEX_POINT('',#4157);
#1104=VERTEX_POINT('',#4160);
#1105=VERTEX_POINT('',#4161);
#1106=VERTEX_POINT('',#4163);
#1107=VERTEX_POINT('',#4165);
#1108=VERTEX_POINT('',#4168);
#1109=VERTEX_POINT('',#4169);
#1110=VERTEX_POINT('',#4171);
#1111=VERTEX_POINT('',#4173);
#1112=VERTEX_POINT('',#4215);
#1113=VERTEX_POINT('',#4219);
#1114=VERTEX_POINT('',#4221);
#1115=EDGE_CURVE('',#922,#923,#868,.T.);
#1116=EDGE_CURVE('',#923,#924,#836,.T.);
#1117=EDGE_CURVE('',#924,#922,#837,.T.);
#1118=EDGE_CURVE('',#925,#926,#869,.T.);
#1119=EDGE_CURVE('',#926,#923,#838,.T.);
#1120=EDGE_CURVE('',#922,#925,#839,.T.);
#1121=EDGE_CURVE('',#927,#928,#870,.T.);
#1122=EDGE_CURVE('',#928,#926,#871,.T.);
#1123=EDGE_CURVE('',#925,#927,#872,.T.);
#1124=EDGE_CURVE('',#929,#927,#873,.T.);
#1125=EDGE_CURVE('',#927,#930,#116,.T.);
#1126=EDGE_CURVE('',#930,#931,#874,.T.);
#1127=EDGE_CURVE('',#931,#929,#117,.T.);
#1128=EDGE_CURVE('',#929,#928,#875,.T.);
#1129=EDGE_CURVE('',#932,#930,#876,.T.);
#1130=EDGE_CURVE('',#930,#933,#877,.T.);
#1131=EDGE_CURVE('',#933,#934,#878,.T.);
#1132=EDGE_CURVE('',#934,#932,#879,.T.);
#1133=EDGE_CURVE('',#933,#935,#840,.T.);
#1134=EDGE_CURVE('',#935,#936,#880,.T.);
#1135=EDGE_CURVE('',#936,#934,#841,.T.);
#1136=EDGE_CURVE('',#937,#938,#881,.T.);
#1137=EDGE_CURVE('',#938,#936,#118,.T.);
#1138=EDGE_CURVE('',#935,#937,#119,.T.);
#1139=EDGE_CURVE('',#932,#931,#882,.T.);
#1140=EDGE_CURVE('',#923,#939,#120,.T.);
#1141=EDGE_CURVE('',#940,#939,#842,.T.);
#1142=EDGE_CURVE('',#940,#941,#121,.T.);
#1143=EDGE_CURVE('',#941,#924,#122,.T.);
#1144=EDGE_CURVE('',#942,#928,#123,.T.);
#1145=EDGE_CURVE('',#939,#942,#883,.T.);
#1146=EDGE_CURVE('',#924,#935,#124,.T.);
#1147=EDGE_CURVE('',#933,#925,#125,.T.);
#1148=EDGE_CURVE('',#929,#943,#126,.T.);
#1149=EDGE_CURVE('',#942,#943,#884,.T.);
#1150=EDGE_CURVE('',#944,#931,#127,.T.);
#1151=EDGE_CURVE('',#943,#944,#843,.T.);
#1152=EDGE_CURVE('',#932,#945,#128,.T.);
#1153=EDGE_CURVE('',#944,#945,#885,.T.);
#1154=EDGE_CURVE('',#946,#947,#886,.T.);
#1155=EDGE_CURVE('',#947,#948,#887,.T.);
#1156=EDGE_CURVE('',#948,#949,#888,.T.);
#1157=EDGE_CURVE('',#949,#946,#889,.T.);
#1158=EDGE_CURVE('',#950,#951,#890,.T.);
#1159=EDGE_CURVE('',#951,#947,#844,.T.);
#1160=EDGE_CURVE('',#946,#950,#845,.T.);
#1161=EDGE_CURVE('',#952,#953,#891,.T.);
#1162=EDGE_CURVE('',#953,#951,#129,.T.);
#1163=EDGE_CURVE('',#950,#952,#130,.T.);
#1164=EDGE_CURVE('',#954,#948,#892,.T.);
#1165=EDGE_CURVE('',#948,#955,#131,.T.);
#1166=EDGE_CURVE('',#955,#956,#893,.T.);
#1167=EDGE_CURVE('',#956,#954,#132,.T.);
#1168=EDGE_CURVE('',#957,#958,#894,.T.);
#1169=EDGE_CURVE('',#958,#959,#846,.T.);
#1170=EDGE_CURVE('',#959,#957,#847,.T.);
#1171=EDGE_CURVE('',#960,#961,#895,.T.);
#1172=EDGE_CURVE('',#961,#958,#848,.T.);
#1173=EDGE_CURVE('',#957,#960,#849,.T.);
#1174=EDGE_CURVE('',#962,#955,#896,.T.);
#1175=EDGE_CURVE('',#955,#961,#897,.T.);
#1176=EDGE_CURVE('',#960,#962,#898,.T.);
#1177=EDGE_CURVE('',#962,#956,#899,.T.);
#1178=EDGE_CURVE('',#954,#949,#900,.T.);
#1179=EDGE_CURVE('',#963,#938,#901,.T.);
#1180=EDGE_CURVE('',#964,#963,#133,.T.);
#1181=EDGE_CURVE('',#965,#964,#850,.T.);
#1182=EDGE_CURVE('',#966,#965,#134,.T.);
#1183=EDGE_CURVE('',#952,#966,#902,.T.);
#1184=EDGE_CURVE('',#967,#949,#135,.T.);
#1185=EDGE_CURVE('',#945,#967,#903,.T.);
#1186=EDGE_CURVE('',#954,#968,#136,.T.);
#1187=EDGE_CURVE('',#967,#968,#904,.T.);
#1188=EDGE_CURVE('',#969,#956,#137,.T.);
#1189=EDGE_CURVE('',#968,#969,#851,.T.);
#1190=EDGE_CURVE('',#962,#970,#138,.T.);
#1191=EDGE_CURVE('',#971,#970,#852,.T.);
#1192=EDGE_CURVE('',#969,#971,#853,.T.);
#1193=EDGE_CURVE('',#972,#957,#139,.T.);
#1194=EDGE_CURVE('',#970,#972,#905,.T.);
#1195=EDGE_CURVE('',#959,#973,#140,.T.);
#1196=EDGE_CURVE('',#973,#974,#141,.T.);
#1197=EDGE_CURVE('',#972,#974,#854,.T.);
#1198=EDGE_CURVE('',#951,#959,#142,.T.);
#1199=EDGE_CURVE('',#961,#947,#143,.T.);
#1200=EDGE_CURVE('',#972,#975,#906,.T.);
#1201=EDGE_CURVE('',#975,#976,#907,.T.);
#1202=EDGE_CURVE('',#976,#971,#855,.T.);
#1203=EDGE_CURVE('',#974,#977,#908,.T.);
#1204=EDGE_CURVE('',#977,#975,#856,.T.);
#1205=EDGE_CURVE('',#978,#979,#909,.T.);
#1206=EDGE_CURVE('',#979,#977,#857,.T.);
#1207=EDGE_CURVE('',#974,#978,#144,.T.);
#1208=EDGE_CURVE('',#978,#980,#858,.T.);
#1209=EDGE_CURVE('',#980,#979,#859,.T.);
#1210=EDGE_CURVE('',#981,#973,#145,.T.);
#1211=EDGE_CURVE('',#981,#982,#146,.T.);
#1212=EDGE_CURVE('',#983,#982,#147,.T.);
#1213=EDGE_CURVE('',#984,#983,#148,.T.);
#1214=EDGE_CURVE('',#980,#984,#860,.T.);
#1215=EDGE_CURVE('',#976,#967,#861,.T.);
#1216=EDGE_CURVE('',#984,#985,#910,.T.);
#1217=EDGE_CURVE('',#985,#986,#862,.T.);
#1218=EDGE_CURVE('',#987,#986,#863,.T.);
#1219=EDGE_CURVE('',#988,#987,#864,.T.);
#1220=EDGE_CURVE('',#989,#988,#865,.T.);
#1221=EDGE_CURVE('',#990,#989,#911,.T.);
#1222=EDGE_CURVE('',#945,#990,#866,.T.);
#1223=EDGE_CURVE('',#988,#940,#912,.T.);
#1224=EDGE_CURVE('',#939,#989,#913,.T.);
#1225=EDGE_CURVE('',#942,#990,#914,.T.);
#1226=EDGE_CURVE('',#987,#991,#915,.T.);
#1227=EDGE_CURVE('',#991,#940,#149,.T.);
#1228=EDGE_CURVE('',#990,#943,#916,.T.);
#1229=EDGE_CURVE('',#986,#991,#867,.T.);
#1230=EDGE_CURVE('',#992,#992,#917,.T.);
#1231=EDGE_CURVE('',#992,#993,#150,.T.);
#1232=EDGE_CURVE('',#993,#993,#918,.T.);
#1233=EDGE_CURVE('',#994,#994,#919,.T.);
#1234=EDGE_CURVE('',#995,#996,#151,.T.);
#1235=EDGE_CURVE('',#996,#997,#152,.T.);
#1236=EDGE_CURVE('',#997,#998,#153,.T.);
#1237=EDGE_CURVE('',#998,#995,#154,.T.);
#1238=EDGE_CURVE('',#999,#998,#155,.T.);
#1239=EDGE_CURVE('',#1000,#999,#156,.T.);
#1240=EDGE_CURVE('',#1000,#1001,#157,.T.);
#1241=EDGE_CURVE('',#1002,#1001,#158,.T.);
#1242=EDGE_CURVE('',#1003,#1002,#159,.T.);
#1243=EDGE_CURVE('',#1004,#1003,#160,.T.);
#1244=EDGE_CURVE('',#1005,#1004,#161,.T.);
#1245=EDGE_CURVE('',#1006,#1005,#162,.T.);
#1246=EDGE_CURVE('',#1006,#1007,#163,.T.);
#1247=EDGE_CURVE('',#1008,#1007,#164,.T.);
#1248=EDGE_CURVE('',#1009,#1008,#165,.T.);
#1249=EDGE_CURVE('',#1010,#1009,#166,.T.);
#1250=EDGE_CURVE('',#1010,#1011,#167,.T.);
#1251=EDGE_CURVE('',#1012,#1011,#168,.T.);
#1252=EDGE_CURVE('',#1012,#995,#169,.T.);
#1253=EDGE_CURVE('',#997,#1013,#170,.T.);
#1254=EDGE_CURVE('',#1014,#1013,#171,.T.);
#1255=EDGE_CURVE('',#1014,#1015,#172,.T.);
#1256=EDGE_CURVE('',#999,#1015,#173,.T.);
#1257=EDGE_CURVE('',#1016,#1017,#174,.T.);
#1258=EDGE_CURVE('',#1017,#1018,#175,.T.);
#1259=EDGE_CURVE('',#1018,#1019,#176,.T.);
#1260=EDGE_CURVE('',#1019,#1016,#177,.T.);
#1261=EDGE_CURVE('',#1020,#1021,#178,.T.);
#1262=EDGE_CURVE('',#1021,#1022,#179,.T.);
#1263=EDGE_CURVE('',#1022,#1023,#180,.T.);
#1264=EDGE_CURVE('',#1023,#1020,#181,.T.);
#1265=EDGE_CURVE('',#1024,#1004,#182,.T.);
#1266=EDGE_CURVE('',#1003,#1025,#183,.T.);
#1267=EDGE_CURVE('',#1025,#1024,#184,.T.);
#1268=EDGE_CURVE('',#1026,#983,#185,.T.);
#1269=EDGE_CURVE('',#1027,#1026,#186,.T.);
#1270=EDGE_CURVE('',#1005,#1027,#187,.T.);
#1271=EDGE_CURVE('',#1024,#1028,#188,.T.);
#1272=EDGE_CURVE('',#1029,#1028,#189,.T.);
#1273=EDGE_CURVE('',#1029,#985,#190,.T.);
#1274=EDGE_CURVE('',#1030,#1031,#191,.T.);
#1275=EDGE_CURVE('',#1031,#1032,#192,.T.);
#1276=EDGE_CURVE('',#1032,#1033,#193,.T.);
#1277=EDGE_CURVE('',#1033,#1030,#194,.T.);
#1278=EDGE_CURVE('',#1034,#1035,#195,.T.);
#1279=EDGE_CURVE('',#1035,#1036,#196,.T.);
#1280=EDGE_CURVE('',#1036,#1037,#197,.T.);
#1281=EDGE_CURVE('',#1037,#1034,#198,.T.);
#1282=EDGE_CURVE('',#1038,#1039,#199,.T.);
#1283=EDGE_CURVE('',#1039,#1040,#200,.T.);
#1284=EDGE_CURVE('',#1040,#1041,#201,.T.);
#1285=EDGE_CURVE('',#1041,#1038,#202,.T.);
#1286=EDGE_CURVE('',#1042,#1043,#203,.T.);
#1287=EDGE_CURVE('',#1043,#1044,#204,.T.);
#1288=EDGE_CURVE('',#1044,#1045,#205,.T.);
#1289=EDGE_CURVE('',#1045,#1042,#206,.T.);
#1290=EDGE_CURVE('',#1025,#1046,#207,.T.);
#1291=EDGE_CURVE('',#1028,#1046,#208,.T.);
#1292=EDGE_CURVE('',#1046,#1047,#209,.T.);
#1293=EDGE_CURVE('',#1047,#1029,#210,.T.);
#1294=EDGE_CURVE('',#1013,#1048,#211,.T.);
#1295=EDGE_CURVE('',#1048,#1049,#212,.T.);
#1296=EDGE_CURVE('',#1049,#1014,#213,.T.);
#1297=EDGE_CURVE('',#924,#1050,#214,.T.);
#1298=EDGE_CURVE('',#1015,#1050,#215,.T.);
#1299=EDGE_CURVE('',#937,#1049,#216,.T.);
#1300=EDGE_CURVE('',#966,#1051,#217,.T.);
#1301=EDGE_CURVE('',#965,#1052,#218,.T.);
#1302=EDGE_CURVE('',#1052,#1051,#219,.T.);
#1303=EDGE_CURVE('',#1053,#1052,#920,.T.);
#1304=EDGE_CURVE('',#1054,#1053,#220,.T.);
#1305=EDGE_CURVE('',#1055,#1054,#221,.T.);
#1306=EDGE_CURVE('',#1056,#1055,#222,.T.);
#1307=EDGE_CURVE('',#1057,#1056,#223,.T.);
#1308=EDGE_CURVE('',#1057,#1058,#224,.T.);
#1309=EDGE_CURVE('',#1051,#1058,#225,.T.);
#1310=EDGE_CURVE('',#964,#1053,#226,.T.);
#1311=EDGE_CURVE('',#1054,#963,#227,.T.);
#1312=EDGE_CURVE('',#1059,#1047,#228,.T.);
#1313=EDGE_CURVE('',#941,#1059,#229,.T.);
#1314=EDGE_CURVE('',#1059,#1002,#230,.T.);
#1315=EDGE_CURVE('',#1001,#941,#231,.T.);
#1316=EDGE_CURVE('',#1060,#1061,#232,.T.);
#1317=EDGE_CURVE('',#1061,#1062,#233,.T.);
#1318=EDGE_CURVE('',#1062,#1063,#234,.T.);
#1319=EDGE_CURVE('',#1063,#1060,#235,.T.);
#1320=EDGE_CURVE('',#1064,#1065,#236,.T.);
#1321=EDGE_CURVE('',#1065,#1066,#237,.T.);
#1322=EDGE_CURVE('',#1066,#1067,#238,.T.);
#1323=EDGE_CURVE('',#1067,#1064,#239,.T.);
#1324=EDGE_CURVE('',#1050,#1000,#240,.T.);
#1325=EDGE_CURVE('',#1033,#1066,#241,.T.);
#1326=EDGE_CURVE('',#1032,#1067,#242,.T.);
#1327=EDGE_CURVE('',#1022,#1068,#243,.T.);
#1328=EDGE_CURVE('',#1069,#1068,#244,.T.);
#1329=EDGE_CURVE('',#1023,#1069,#245,.T.);
#1330=EDGE_CURVE('',#1030,#1065,#246,.T.);
#1331=EDGE_CURVE('',#1070,#1069,#247,.T.);
#1332=EDGE_CURVE('',#1020,#1070,#248,.T.);
#1333=EDGE_CURVE('',#1031,#1064,#249,.T.);
#1334=EDGE_CURVE('',#1071,#1070,#250,.T.);
#1335=EDGE_CURVE('',#1021,#1071,#251,.T.);
#1336=EDGE_CURVE('',#1068,#1071,#252,.T.);
#1337=EDGE_CURVE('',#1037,#1062,#253,.T.);
#1338=EDGE_CURVE('',#1036,#1063,#254,.T.);
#1339=EDGE_CURVE('',#1018,#1072,#255,.T.);
#1340=EDGE_CURVE('',#1073,#1072,#256,.T.);
#1341=EDGE_CURVE('',#1019,#1073,#257,.T.);
#1342=EDGE_CURVE('',#1034,#1061,#258,.T.);
#1343=EDGE_CURVE('',#1074,#1073,#259,.T.);
#1344=EDGE_CURVE('',#1016,#1074,#260,.T.);
#1345=EDGE_CURVE('',#1035,#1060,#261,.T.);
#1346=EDGE_CURVE('',#1075,#1074,#262,.T.);
#1347=EDGE_CURVE('',#1017,#1075,#263,.T.);
#1348=EDGE_CURVE('',#1072,#1075,#264,.T.);
#1349=EDGE_CURVE('',#996,#1048,#265,.T.);
#1350=EDGE_CURVE('',#1076,#1077,#266,.T.);
#1351=EDGE_CURVE('',#1077,#1010,#267,.T.);
#1352=EDGE_CURVE('',#1009,#1076,#268,.T.);
#1353=EDGE_CURVE('',#1078,#1077,#269,.T.);
#1354=EDGE_CURVE('',#1079,#1078,#270,.T.);
#1355=EDGE_CURVE('',#1080,#1079,#271,.T.);
#1356=EDGE_CURVE('',#1011,#1080,#272,.T.);
#1357=EDGE_CURVE('',#1081,#1082,#273,.T.);
#1358=EDGE_CURVE('',#1082,#1083,#274,.T.);
#1359=EDGE_CURVE('',#1083,#1084,#275,.T.);
#1360=EDGE_CURVE('',#1084,#1081,#276,.T.);
#1361=EDGE_CURVE('',#1085,#1086,#277,.T.);
#1362=EDGE_CURVE('',#1086,#1087,#278,.T.);
#1363=EDGE_CURVE('',#1087,#1088,#279,.T.);
#1364=EDGE_CURVE('',#1088,#1085,#280,.T.);
#1365=EDGE_CURVE('',#1007,#981,#281,.T.);
#1366=EDGE_CURVE('',#973,#1008,#282,.T.);
#1367=EDGE_CURVE('',#1089,#1006,#283,.T.);
#1368=EDGE_CURVE('',#1089,#1090,#284,.T.);
#1369=EDGE_CURVE('',#982,#1090,#285,.T.);
#1370=EDGE_CURVE('',#1091,#1092,#286,.T.);
#1371=EDGE_CURVE('',#1092,#1093,#287,.T.);
#1372=EDGE_CURVE('',#1093,#1094,#288,.T.);
#1373=EDGE_CURVE('',#1094,#1091,#289,.T.);
#1374=EDGE_CURVE('',#1095,#1096,#290,.T.);
#1375=EDGE_CURVE('',#1096,#1097,#291,.T.);
#1376=EDGE_CURVE('',#1097,#1098,#292,.T.);
#1377=EDGE_CURVE('',#1098,#1095,#293,.T.);
#1378=EDGE_CURVE('',#1099,#1100,#294,.T.);
#1379=EDGE_CURVE('',#1100,#1079,#295,.T.);
#1380=EDGE_CURVE('',#1078,#1099,#296,.T.);
#1381=EDGE_CURVE('',#1101,#1100,#297,.T.);
#1382=EDGE_CURVE('',#1080,#1101,#298,.T.);
#1383=EDGE_CURVE('',#1101,#1012,#299,.T.);
#1384=EDGE_CURVE('',#953,#1099,#300,.T.);
#1385=EDGE_CURVE('',#1058,#1102,#301,.T.);
#1386=EDGE_CURVE('',#1102,#1103,#302,.T.);
#1387=EDGE_CURVE('',#1103,#1055,#303,.T.);
#1388=EDGE_CURVE('',#1104,#1105,#304,.T.);
#1389=EDGE_CURVE('',#1105,#1106,#305,.T.);
#1390=EDGE_CURVE('',#1106,#1107,#306,.T.);
#1391=EDGE_CURVE('',#1107,#1104,#307,.T.);
#1392=EDGE_CURVE('',#1108,#1109,#308,.T.);
#1393=EDGE_CURVE('',#1109,#1110,#309,.T.);
#1394=EDGE_CURVE('',#1110,#1111,#310,.T.);
#1395=EDGE_CURVE('',#1111,#1108,#311,.T.);
#1396=EDGE_CURVE('',#1027,#1089,#312,.T.);
#1397=EDGE_CURVE('',#1090,#1026,#313,.T.);
#1398=EDGE_CURVE('',#1041,#1097,#314,.T.);
#1399=EDGE_CURVE('',#1040,#1098,#315,.T.);
#1400=EDGE_CURVE('',#1087,#1107,#316,.T.);
#1401=EDGE_CURVE('',#1088,#1106,#317,.T.);
#1402=EDGE_CURVE('',#1038,#1096,#318,.T.);
#1403=EDGE_CURVE('',#1085,#1105,#319,.T.);
#1404=EDGE_CURVE('',#1039,#1095,#320,.T.);
#1405=EDGE_CURVE('',#1086,#1104,#321,.T.);
#1406=EDGE_CURVE('',#1045,#1093,#322,.T.);
#1407=EDGE_CURVE('',#1044,#1094,#323,.T.);
#1408=EDGE_CURVE('',#1083,#1111,#324,.T.);
#1409=EDGE_CURVE('',#1084,#1110,#325,.T.);
#1410=EDGE_CURVE('',#1042,#1092,#326,.T.);
#1411=EDGE_CURVE('',#1081,#1109,#327,.T.);
#1412=EDGE_CURVE('',#1043,#1091,#328,.T.);
#1413=EDGE_CURVE('',#1082,#1108,#329,.T.);
#1414=EDGE_CURVE('',#994,#1112,#330,.T.);
#1415=EDGE_CURVE('',#1112,#1112,#921,.T.);
#1416=EDGE_CURVE('',#1056,#1113,#331,.T.);
#1417=EDGE_CURVE('',#1113,#1114,#332,.T.);
#1418=EDGE_CURVE('',#1114,#1057,#333,.T.);
#1419=EDGE_CURVE('',#1113,#1103,#334,.T.);
#1420=EDGE_CURVE('',#1114,#1102,#335,.T.);
#1421=EDGE_CURVE('',#1076,#959,#336,.T.);
#1422=ORIENTED_EDGE('',*,*,#1115,.T.);
#1423=ORIENTED_EDGE('',*,*,#1116,.T.);
#1424=ORIENTED_EDGE('',*,*,#1117,.T.);
#1425=ORIENTED_EDGE('',*,*,#1118,.T.);
#1426=ORIENTED_EDGE('',*,*,#1119,.T.);
#1427=ORIENTED_EDGE('',*,*,#1115,.F.);
#1428=ORIENTED_EDGE('',*,*,#1120,.T.);
#1429=ORIENTED_EDGE('',*,*,#1121,.T.);
#1430=ORIENTED_EDGE('',*,*,#1122,.T.);
#1431=ORIENTED_EDGE('',*,*,#1118,.F.);
#1432=ORIENTED_EDGE('',*,*,#1123,.T.);
#1433=ORIENTED_EDGE('',*,*,#1124,.T.);
#1434=ORIENTED_EDGE('',*,*,#1125,.T.);
#1435=ORIENTED_EDGE('',*,*,#1126,.T.);
#1436=ORIENTED_EDGE('',*,*,#1127,.T.);
#1437=ORIENTED_EDGE('',*,*,#1124,.F.);
#1438=ORIENTED_EDGE('',*,*,#1128,.T.);
#1439=ORIENTED_EDGE('',*,*,#1121,.F.);
#1440=ORIENTED_EDGE('',*,*,#1129,.T.);
#1441=ORIENTED_EDGE('',*,*,#1130,.T.);
#1442=ORIENTED_EDGE('',*,*,#1131,.T.);
#1443=ORIENTED_EDGE('',*,*,#1132,.T.);
#1444=ORIENTED_EDGE('',*,*,#1131,.F.);
#1445=ORIENTED_EDGE('',*,*,#1133,.T.);
#1446=ORIENTED_EDGE('',*,*,#1134,.T.);
#1447=ORIENTED_EDGE('',*,*,#1135,.T.);
#1448=ORIENTED_EDGE('',*,*,#1136,.T.);
#1449=ORIENTED_EDGE('',*,*,#1137,.T.);
#1450=ORIENTED_EDGE('',*,*,#1134,.F.);
#1451=ORIENTED_EDGE('',*,*,#1138,.T.);
#1452=ORIENTED_EDGE('',*,*,#1129,.F.);
#1453=ORIENTED_EDGE('',*,*,#1139,.T.);
#1454=ORIENTED_EDGE('',*,*,#1126,.F.);
#1455=ORIENTED_EDGE('',*,*,#1116,.F.);
#1456=ORIENTED_EDGE('',*,*,#1140,.T.);
#1457=ORIENTED_EDGE('',*,*,#1141,.F.);
#1458=ORIENTED_EDGE('',*,*,#1142,.T.);
#1459=ORIENTED_EDGE('',*,*,#1143,.T.);
#1460=ORIENTED_EDGE('',*,*,#1119,.F.);
#1461=ORIENTED_EDGE('',*,*,#1122,.F.);
#1462=ORIENTED_EDGE('',*,*,#1144,.F.);
#1463=ORIENTED_EDGE('',*,*,#1145,.F.);
#1464=ORIENTED_EDGE('',*,*,#1140,.F.);
#1465=ORIENTED_EDGE('',*,*,#1120,.F.);
#1466=ORIENTED_EDGE('',*,*,#1117,.F.);
#1467=ORIENTED_EDGE('',*,*,#1146,.T.);
#1468=ORIENTED_EDGE('',*,*,#1133,.F.);
#1469=ORIENTED_EDGE('',*,*,#1147,.T.);
#1470=ORIENTED_EDGE('',*,*,#1128,.F.);
#1471=ORIENTED_EDGE('',*,*,#1148,.T.);
#1472=ORIENTED_EDGE('',*,*,#1149,.F.);
#1473=ORIENTED_EDGE('',*,*,#1144,.T.);
#1474=ORIENTED_EDGE('',*,*,#1127,.F.);
#1475=ORIENTED_EDGE('',*,*,#1150,.F.);
#1476=ORIENTED_EDGE('',*,*,#1151,.F.);
#1477=ORIENTED_EDGE('',*,*,#1148,.F.);
#1478=ORIENTED_EDGE('',*,*,#1139,.F.);
#1479=ORIENTED_EDGE('',*,*,#1152,.T.);
#1480=ORIENTED_EDGE('',*,*,#1153,.F.);
#1481=ORIENTED_EDGE('',*,*,#1150,.T.);
#1482=ORIENTED_EDGE('',*,*,#1154,.T.);
#1483=ORIENTED_EDGE('',*,*,#1155,.T.);
#1484=ORIENTED_EDGE('',*,*,#1156,.T.);
#1485=ORIENTED_EDGE('',*,*,#1157,.T.);
#1486=ORIENTED_EDGE('',*,*,#1158,.T.);
#1487=ORIENTED_EDGE('',*,*,#1159,.T.);
#1488=ORIENTED_EDGE('',*,*,#1154,.F.);
#1489=ORIENTED_EDGE('',*,*,#1160,.T.);
#1490=ORIENTED_EDGE('',*,*,#1161,.T.);
#1491=ORIENTED_EDGE('',*,*,#1162,.T.);
#1492=ORIENTED_EDGE('',*,*,#1158,.F.);
#1493=ORIENTED_EDGE('',*,*,#1163,.T.);
#1494=ORIENTED_EDGE('',*,*,#1164,.T.);
#1495=ORIENTED_EDGE('',*,*,#1165,.T.);
#1496=ORIENTED_EDGE('',*,*,#1166,.T.);
#1497=ORIENTED_EDGE('',*,*,#1167,.T.);
#1498=ORIENTED_EDGE('',*,*,#1168,.T.);
#1499=ORIENTED_EDGE('',*,*,#1169,.T.);
#1500=ORIENTED_EDGE('',*,*,#1170,.T.);
#1501=ORIENTED_EDGE('',*,*,#1171,.T.);
#1502=ORIENTED_EDGE('',*,*,#1172,.T.);
#1503=ORIENTED_EDGE('',*,*,#1168,.F.);
#1504=ORIENTED_EDGE('',*,*,#1173,.T.);
#1505=ORIENTED_EDGE('',*,*,#1174,.T.);
#1506=ORIENTED_EDGE('',*,*,#1175,.T.);
#1507=ORIENTED_EDGE('',*,*,#1171,.F.);
#1508=ORIENTED_EDGE('',*,*,#1176,.T.);
#1509=ORIENTED_EDGE('',*,*,#1174,.F.);
#1510=ORIENTED_EDGE('',*,*,#1177,.T.);
#1511=ORIENTED_EDGE('',*,*,#1166,.F.);
#1512=ORIENTED_EDGE('',*,*,#1164,.F.);
#1513=ORIENTED_EDGE('',*,*,#1178,.T.);
#1514=ORIENTED_EDGE('',*,*,#1156,.F.);
#1515=ORIENTED_EDGE('',*,*,#1137,.F.);
#1516=ORIENTED_EDGE('',*,*,#1179,.F.);
#1517=ORIENTED_EDGE('',*,*,#1180,.F.);
#1518=ORIENTED_EDGE('',*,*,#1181,.F.);
#1519=ORIENTED_EDGE('',*,*,#1182,.F.);
#1520=ORIENTED_EDGE('',*,*,#1183,.F.);
#1521=ORIENTED_EDGE('',*,*,#1163,.F.);
#1522=ORIENTED_EDGE('',*,*,#1160,.F.);
#1523=ORIENTED_EDGE('',*,*,#1157,.F.);
#1524=ORIENTED_EDGE('',*,*,#1184,.F.);
#1525=ORIENTED_EDGE('',*,*,#1185,.F.);
#1526=ORIENTED_EDGE('',*,*,#1152,.F.);
#1527=ORIENTED_EDGE('',*,*,#1132,.F.);
#1528=ORIENTED_EDGE('',*,*,#1135,.F.);
#1529=ORIENTED_EDGE('',*,*,#1178,.F.);
#1530=ORIENTED_EDGE('',*,*,#1186,.T.);
#1531=ORIENTED_EDGE('',*,*,#1187,.F.);
#1532=ORIENTED_EDGE('',*,*,#1184,.T.);
#1533=ORIENTED_EDGE('',*,*,#1167,.F.);
#1534=ORIENTED_EDGE('',*,*,#1188,.F.);
#1535=ORIENTED_EDGE('',*,*,#1189,.F.);
#1536=ORIENTED_EDGE('',*,*,#1186,.F.);
#1537=ORIENTED_EDGE('',*,*,#1177,.F.);
#1538=ORIENTED_EDGE('',*,*,#1190,.T.);
#1539=ORIENTED_EDGE('',*,*,#1191,.F.);
#1540=ORIENTED_EDGE('',*,*,#1192,.F.);
#1541=ORIENTED_EDGE('',*,*,#1188,.T.);
#1542=ORIENTED_EDGE('',*,*,#1176,.F.);
#1543=ORIENTED_EDGE('',*,*,#1173,.F.);
#1544=ORIENTED_EDGE('',*,*,#1193,.F.);
#1545=ORIENTED_EDGE('',*,*,#1194,.F.);
#1546=ORIENTED_EDGE('',*,*,#1190,.F.);
#1547=ORIENTED_EDGE('',*,*,#1170,.F.);
#1548=ORIENTED_EDGE('',*,*,#1195,.T.);
#1549=ORIENTED_EDGE('',*,*,#1196,.T.);
#1550=ORIENTED_EDGE('',*,*,#1197,.F.);
#1551=ORIENTED_EDGE('',*,*,#1193,.T.);
#1552=ORIENTED_EDGE('',*,*,#1123,.F.);
#1553=ORIENTED_EDGE('',*,*,#1147,.F.);
#1554=ORIENTED_EDGE('',*,*,#1130,.F.);
#1555=ORIENTED_EDGE('',*,*,#1125,.F.);
#1556=ORIENTED_EDGE('',*,*,#1159,.F.);
#1557=ORIENTED_EDGE('',*,*,#1198,.T.);
#1558=ORIENTED_EDGE('',*,*,#1169,.F.);
#1559=ORIENTED_EDGE('',*,*,#1172,.F.);
#1560=ORIENTED_EDGE('',*,*,#1199,.T.);
#1561=ORIENTED_EDGE('',*,*,#1155,.F.);
#1562=ORIENTED_EDGE('',*,*,#1199,.F.);
#1563=ORIENTED_EDGE('',*,*,#1175,.F.);
#1564=ORIENTED_EDGE('',*,*,#1165,.F.);
#1565=ORIENTED_EDGE('',*,*,#1191,.T.);
#1566=ORIENTED_EDGE('',*,*,#1194,.T.);
#1567=ORIENTED_EDGE('',*,*,#1200,.T.);
#1568=ORIENTED_EDGE('',*,*,#1201,.T.);
#1569=ORIENTED_EDGE('',*,*,#1202,.T.);
#1570=ORIENTED_EDGE('',*,*,#1203,.T.);
#1571=ORIENTED_EDGE('',*,*,#1204,.T.);
#1572=ORIENTED_EDGE('',*,*,#1200,.F.);
#1573=ORIENTED_EDGE('',*,*,#1197,.T.);
#1574=ORIENTED_EDGE('',*,*,#1205,.T.);
#1575=ORIENTED_EDGE('',*,*,#1206,.T.);
#1576=ORIENTED_EDGE('',*,*,#1203,.F.);
#1577=ORIENTED_EDGE('',*,*,#1207,.T.);
#1578=ORIENTED_EDGE('',*,*,#1208,.T.);
#1579=ORIENTED_EDGE('',*,*,#1209,.T.);
#1580=ORIENTED_EDGE('',*,*,#1205,.F.);
#1581=ORIENTED_EDGE('',*,*,#1208,.F.);
#1582=ORIENTED_EDGE('',*,*,#1207,.F.);
#1583=ORIENTED_EDGE('',*,*,#1196,.F.);
#1584=ORIENTED_EDGE('',*,*,#1210,.F.);
#1585=ORIENTED_EDGE('',*,*,#1211,.T.);
#1586=ORIENTED_EDGE('',*,*,#1212,.F.);
#1587=ORIENTED_EDGE('',*,*,#1213,.F.);
#1588=ORIENTED_EDGE('',*,*,#1214,.F.);
#1589=ORIENTED_EDGE('',*,*,#1202,.F.);
#1590=ORIENTED_EDGE('',*,*,#1215,.T.);
#1591=ORIENTED_EDGE('',*,*,#1187,.T.);
#1592=ORIENTED_EDGE('',*,*,#1189,.T.);
#1593=ORIENTED_EDGE('',*,*,#1192,.T.);
#1594=ORIENTED_EDGE('',*,*,#1209,.F.);
#1595=ORIENTED_EDGE('',*,*,#1214,.T.);
#1596=ORIENTED_EDGE('',*,*,#1216,.T.);
#1597=ORIENTED_EDGE('',*,*,#1217,.T.);
#1598=ORIENTED_EDGE('',*,*,#1218,.F.);
#1599=ORIENTED_EDGE('',*,*,#1219,.F.);
#1600=ORIENTED_EDGE('',*,*,#1220,.F.);
#1601=ORIENTED_EDGE('',*,*,#1221,.F.);
#1602=ORIENTED_EDGE('',*,*,#1222,.F.);
#1603=ORIENTED_EDGE('',*,*,#1185,.T.);
#1604=ORIENTED_EDGE('',*,*,#1215,.F.);
#1605=ORIENTED_EDGE('',*,*,#1201,.F.);
#1606=ORIENTED_EDGE('',*,*,#1204,.F.);
#1607=ORIENTED_EDGE('',*,*,#1206,.F.);
#1608=ORIENTED_EDGE('',*,*,#1223,.T.);
#1609=ORIENTED_EDGE('',*,*,#1141,.T.);
#1610=ORIENTED_EDGE('',*,*,#1224,.T.);
#1611=ORIENTED_EDGE('',*,*,#1220,.T.);
#1612=ORIENTED_EDGE('',*,*,#1225,.T.);
#1613=ORIENTED_EDGE('',*,*,#1221,.T.);
#1614=ORIENTED_EDGE('',*,*,#1224,.F.);
#1615=ORIENTED_EDGE('',*,*,#1145,.T.);
#1616=ORIENTED_EDGE('',*,*,#1223,.F.);
#1617=ORIENTED_EDGE('',*,*,#1219,.T.);
#1618=ORIENTED_EDGE('',*,*,#1226,.T.);
#1619=ORIENTED_EDGE('',*,*,#1227,.T.);
#1620=ORIENTED_EDGE('',*,*,#1153,.T.);
#1621=ORIENTED_EDGE('',*,*,#1222,.T.);
#1622=ORIENTED_EDGE('',*,*,#1228,.T.);
#1623=ORIENTED_EDGE('',*,*,#1151,.T.);
#1624=ORIENTED_EDGE('',*,*,#1228,.F.);
#1625=ORIENTED_EDGE('',*,*,#1225,.F.);
#1626=ORIENTED_EDGE('',*,*,#1149,.T.);
#1627=ORIENTED_EDGE('',*,*,#1229,.T.);
#1628=ORIENTED_EDGE('',*,*,#1226,.F.);
#1629=ORIENTED_EDGE('',*,*,#1218,.T.);
#1630=ORIENTED_EDGE('',*,*,#1230,.F.);
#1631=ORIENTED_EDGE('',*,*,#1231,.T.);
#1632=ORIENTED_EDGE('',*,*,#1232,.T.);
#1633=ORIENTED_EDGE('',*,*,#1231,.F.);
#1634=ORIENTED_EDGE('',*,*,#1232,.F.);
#1635=ORIENTED_EDGE('',*,*,#1233,.F.);
#1636=ORIENTED_EDGE('',*,*,#1234,.T.);
#1637=ORIENTED_EDGE('',*,*,#1235,.T.);
#1638=ORIENTED_EDGE('',*,*,#1236,.T.);
#1639=ORIENTED_EDGE('',*,*,#1237,.T.);
#1640=ORIENTED_EDGE('',*,*,#1237,.F.);
#1641=ORIENTED_EDGE('',*,*,#1238,.F.);
#1642=ORIENTED_EDGE('',*,*,#1239,.F.);
#1643=ORIENTED_EDGE('',*,*,#1240,.T.);
#1644=ORIENTED_EDGE('',*,*,#1241,.F.);
#1645=ORIENTED_EDGE('',*,*,#1242,.F.);
#1646=ORIENTED_EDGE('',*,*,#1243,.F.);
#1647=ORIENTED_EDGE('',*,*,#1244,.F.);
#1648=ORIENTED_EDGE('',*,*,#1245,.F.);
#1649=ORIENTED_EDGE('',*,*,#1246,.T.);
#1650=ORIENTED_EDGE('',*,*,#1247,.F.);
#1651=ORIENTED_EDGE('',*,*,#1248,.F.);
#1652=ORIENTED_EDGE('',*,*,#1249,.F.);
#1653=ORIENTED_EDGE('',*,*,#1250,.T.);
#1654=ORIENTED_EDGE('',*,*,#1251,.F.);
#1655=ORIENTED_EDGE('',*,*,#1252,.T.);
#1656=ORIENTED_EDGE('',*,*,#1236,.F.);
#1657=ORIENTED_EDGE('',*,*,#1253,.T.);
#1658=ORIENTED_EDGE('',*,*,#1254,.F.);
#1659=ORIENTED_EDGE('',*,*,#1255,.T.);
#1660=ORIENTED_EDGE('',*,*,#1256,.F.);
#1661=ORIENTED_EDGE('',*,*,#1238,.T.);
#1662=ORIENTED_EDGE('',*,*,#1257,.T.);
#1663=ORIENTED_EDGE('',*,*,#1258,.T.);
#1664=ORIENTED_EDGE('',*,*,#1259,.T.);
#1665=ORIENTED_EDGE('',*,*,#1260,.T.);
#1666=ORIENTED_EDGE('',*,*,#1261,.T.);
#1667=ORIENTED_EDGE('',*,*,#1262,.T.);
#1668=ORIENTED_EDGE('',*,*,#1263,.T.);
#1669=ORIENTED_EDGE('',*,*,#1264,.T.);
#1670=ORIENTED_EDGE('',*,*,#1265,.T.);
#1671=ORIENTED_EDGE('',*,*,#1243,.T.);
#1672=ORIENTED_EDGE('',*,*,#1266,.T.);
#1673=ORIENTED_EDGE('',*,*,#1267,.T.);
#1674=ORIENTED_EDGE('',*,*,#1216,.F.);
#1675=ORIENTED_EDGE('',*,*,#1213,.T.);
#1676=ORIENTED_EDGE('',*,*,#1268,.F.);
#1677=ORIENTED_EDGE('',*,*,#1269,.F.);
#1678=ORIENTED_EDGE('',*,*,#1270,.F.);
#1679=ORIENTED_EDGE('',*,*,#1244,.T.);
#1680=ORIENTED_EDGE('',*,*,#1265,.F.);
#1681=ORIENTED_EDGE('',*,*,#1271,.T.);
#1682=ORIENTED_EDGE('',*,*,#1272,.F.);
#1683=ORIENTED_EDGE('',*,*,#1273,.T.);
#1684=ORIENTED_EDGE('',*,*,#1274,.T.);
#1685=ORIENTED_EDGE('',*,*,#1275,.T.);
#1686=ORIENTED_EDGE('',*,*,#1276,.T.);
#1687=ORIENTED_EDGE('',*,*,#1277,.T.);
#1688=ORIENTED_EDGE('',*,*,#1278,.T.);
#1689=ORIENTED_EDGE('',*,*,#1279,.T.);
#1690=ORIENTED_EDGE('',*,*,#1280,.T.);
#1691=ORIENTED_EDGE('',*,*,#1281,.T.);
#1692=ORIENTED_EDGE('',*,*,#1282,.T.);
#1693=ORIENTED_EDGE('',*,*,#1283,.T.);
#1694=ORIENTED_EDGE('',*,*,#1284,.T.);
#1695=ORIENTED_EDGE('',*,*,#1285,.T.);
#1696=ORIENTED_EDGE('',*,*,#1286,.T.);
#1697=ORIENTED_EDGE('',*,*,#1287,.T.);
#1698=ORIENTED_EDGE('',*,*,#1288,.T.);
#1699=ORIENTED_EDGE('',*,*,#1289,.T.);
#1700=ORIENTED_EDGE('',*,*,#1267,.F.);
#1701=ORIENTED_EDGE('',*,*,#1290,.T.);
#1702=ORIENTED_EDGE('',*,*,#1291,.F.);
#1703=ORIENTED_EDGE('',*,*,#1271,.F.);
#1704=ORIENTED_EDGE('',*,*,#1272,.T.);
#1705=ORIENTED_EDGE('',*,*,#1291,.T.);
#1706=ORIENTED_EDGE('',*,*,#1292,.T.);
#1707=ORIENTED_EDGE('',*,*,#1293,.T.);
#1708=ORIENTED_EDGE('',*,*,#1254,.T.);
#1709=ORIENTED_EDGE('',*,*,#1294,.T.);
#1710=ORIENTED_EDGE('',*,*,#1295,.T.);
#1711=ORIENTED_EDGE('',*,*,#1296,.T.);
#1712=ORIENTED_EDGE('',*,*,#1138,.F.);
#1713=ORIENTED_EDGE('',*,*,#1146,.F.);
#1714=ORIENTED_EDGE('',*,*,#1297,.T.);
#1715=ORIENTED_EDGE('',*,*,#1298,.F.);
#1716=ORIENTED_EDGE('',*,*,#1255,.F.);
#1717=ORIENTED_EDGE('',*,*,#1296,.F.);
#1718=ORIENTED_EDGE('',*,*,#1299,.F.);
#1719=ORIENTED_EDGE('',*,*,#1300,.F.);
#1720=ORIENTED_EDGE('',*,*,#1182,.T.);
#1721=ORIENTED_EDGE('',*,*,#1301,.T.);
#1722=ORIENTED_EDGE('',*,*,#1302,.T.);
#1723=ORIENTED_EDGE('',*,*,#1302,.F.);
#1724=ORIENTED_EDGE('',*,*,#1303,.F.);
#1725=ORIENTED_EDGE('',*,*,#1304,.F.);
#1726=ORIENTED_EDGE('',*,*,#1305,.F.);
#1727=ORIENTED_EDGE('',*,*,#1306,.F.);
#1728=ORIENTED_EDGE('',*,*,#1307,.F.);
#1729=ORIENTED_EDGE('',*,*,#1308,.T.);
#1730=ORIENTED_EDGE('',*,*,#1309,.F.);
#1731=ORIENTED_EDGE('',*,*,#1181,.T.);
#1732=ORIENTED_EDGE('',*,*,#1310,.T.);
#1733=ORIENTED_EDGE('',*,*,#1303,.T.);
#1734=ORIENTED_EDGE('',*,*,#1301,.F.);
#1735=ORIENTED_EDGE('',*,*,#1311,.F.);
#1736=ORIENTED_EDGE('',*,*,#1304,.T.);
#1737=ORIENTED_EDGE('',*,*,#1310,.F.);
#1738=ORIENTED_EDGE('',*,*,#1180,.T.);
#1739=ORIENTED_EDGE('',*,*,#1229,.F.);
#1740=ORIENTED_EDGE('',*,*,#1217,.F.);
#1741=ORIENTED_EDGE('',*,*,#1273,.F.);
#1742=ORIENTED_EDGE('',*,*,#1293,.F.);
#1743=ORIENTED_EDGE('',*,*,#1312,.F.);
#1744=ORIENTED_EDGE('',*,*,#1313,.F.);
#1745=ORIENTED_EDGE('',*,*,#1142,.F.);
#1746=ORIENTED_EDGE('',*,*,#1227,.F.);
#1747=ORIENTED_EDGE('',*,*,#1313,.T.);
#1748=ORIENTED_EDGE('',*,*,#1314,.T.);
#1749=ORIENTED_EDGE('',*,*,#1241,.T.);
#1750=ORIENTED_EDGE('',*,*,#1315,.T.);
#1751=ORIENTED_EDGE('',*,*,#1266,.F.);
#1752=ORIENTED_EDGE('',*,*,#1242,.T.);
#1753=ORIENTED_EDGE('',*,*,#1314,.F.);
#1754=ORIENTED_EDGE('',*,*,#1312,.T.);
#1755=ORIENTED_EDGE('',*,*,#1292,.F.);
#1756=ORIENTED_EDGE('',*,*,#1290,.F.);
#1757=ORIENTED_EDGE('',*,*,#1316,.T.);
#1758=ORIENTED_EDGE('',*,*,#1317,.T.);
#1759=ORIENTED_EDGE('',*,*,#1318,.T.);
#1760=ORIENTED_EDGE('',*,*,#1319,.T.);
#1761=ORIENTED_EDGE('',*,*,#1320,.T.);
#1762=ORIENTED_EDGE('',*,*,#1321,.T.);
#1763=ORIENTED_EDGE('',*,*,#1322,.T.);
#1764=ORIENTED_EDGE('',*,*,#1323,.T.);
#1765=ORIENTED_EDGE('',*,*,#1239,.T.);
#1766=ORIENTED_EDGE('',*,*,#1256,.T.);
#1767=ORIENTED_EDGE('',*,*,#1298,.T.);
#1768=ORIENTED_EDGE('',*,*,#1324,.T.);
#1769=ORIENTED_EDGE('',*,*,#1322,.F.);
#1770=ORIENTED_EDGE('',*,*,#1325,.F.);
#1771=ORIENTED_EDGE('',*,*,#1276,.F.);
#1772=ORIENTED_EDGE('',*,*,#1326,.T.);
#1773=ORIENTED_EDGE('',*,*,#1263,.F.);
#1774=ORIENTED_EDGE('',*,*,#1327,.T.);
#1775=ORIENTED_EDGE('',*,*,#1328,.F.);
#1776=ORIENTED_EDGE('',*,*,#1329,.F.);
#1777=ORIENTED_EDGE('',*,*,#1321,.F.);
#1778=ORIENTED_EDGE('',*,*,#1330,.F.);
#1779=ORIENTED_EDGE('',*,*,#1277,.F.);
#1780=ORIENTED_EDGE('',*,*,#1325,.T.);
#1781=ORIENTED_EDGE('',*,*,#1264,.F.);
#1782=ORIENTED_EDGE('',*,*,#1329,.T.);
#1783=ORIENTED_EDGE('',*,*,#1331,.F.);
#1784=ORIENTED_EDGE('',*,*,#1332,.F.);
#1785=ORIENTED_EDGE('',*,*,#1323,.F.);
#1786=ORIENTED_EDGE('',*,*,#1326,.F.);
#1787=ORIENTED_EDGE('',*,*,#1275,.F.);
#1788=ORIENTED_EDGE('',*,*,#1333,.T.);
#1789=ORIENTED_EDGE('',*,*,#1320,.F.);
#1790=ORIENTED_EDGE('',*,*,#1333,.F.);
#1791=ORIENTED_EDGE('',*,*,#1274,.F.);
#1792=ORIENTED_EDGE('',*,*,#1330,.T.);
#1793=ORIENTED_EDGE('',*,*,#1261,.F.);
#1794=ORIENTED_EDGE('',*,*,#1332,.T.);
#1795=ORIENTED_EDGE('',*,*,#1334,.F.);
#1796=ORIENTED_EDGE('',*,*,#1335,.F.);
#1797=ORIENTED_EDGE('',*,*,#1262,.F.);
#1798=ORIENTED_EDGE('',*,*,#1335,.T.);
#1799=ORIENTED_EDGE('',*,*,#1336,.F.);
#1800=ORIENTED_EDGE('',*,*,#1327,.F.);
#1801=ORIENTED_EDGE('',*,*,#1318,.F.);
#1802=ORIENTED_EDGE('',*,*,#1337,.F.);
#1803=ORIENTED_EDGE('',*,*,#1280,.F.);
#1804=ORIENTED_EDGE('',*,*,#1338,.T.);
#1805=ORIENTED_EDGE('',*,*,#1259,.F.);
#1806=ORIENTED_EDGE('',*,*,#1339,.T.);
#1807=ORIENTED_EDGE('',*,*,#1340,.F.);
#1808=ORIENTED_EDGE('',*,*,#1341,.F.);
#1809=ORIENTED_EDGE('',*,*,#1317,.F.);
#1810=ORIENTED_EDGE('',*,*,#1342,.F.);
#1811=ORIENTED_EDGE('',*,*,#1281,.F.);
#1812=ORIENTED_EDGE('',*,*,#1337,.T.);
#1813=ORIENTED_EDGE('',*,*,#1260,.F.);
#1814=ORIENTED_EDGE('',*,*,#1341,.T.);
#1815=ORIENTED_EDGE('',*,*,#1343,.F.);
#1816=ORIENTED_EDGE('',*,*,#1344,.F.);
#1817=ORIENTED_EDGE('',*,*,#1319,.F.);
#1818=ORIENTED_EDGE('',*,*,#1338,.F.);
#1819=ORIENTED_EDGE('',*,*,#1279,.F.);
#1820=ORIENTED_EDGE('',*,*,#1345,.T.);
#1821=ORIENTED_EDGE('',*,*,#1316,.F.);
#1822=ORIENTED_EDGE('',*,*,#1345,.F.);
#1823=ORIENTED_EDGE('',*,*,#1278,.F.);
#1824=ORIENTED_EDGE('',*,*,#1342,.T.);
#1825=ORIENTED_EDGE('',*,*,#1257,.F.);
#1826=ORIENTED_EDGE('',*,*,#1344,.T.);
#1827=ORIENTED_EDGE('',*,*,#1346,.F.);
#1828=ORIENTED_EDGE('',*,*,#1347,.F.);
#1829=ORIENTED_EDGE('',*,*,#1258,.F.);
#1830=ORIENTED_EDGE('',*,*,#1347,.T.);
#1831=ORIENTED_EDGE('',*,*,#1348,.F.);
#1832=ORIENTED_EDGE('',*,*,#1339,.F.);
#1833=ORIENTED_EDGE('',*,*,#1235,.F.);
#1834=ORIENTED_EDGE('',*,*,#1349,.T.);
#1835=ORIENTED_EDGE('',*,*,#1294,.F.);
#1836=ORIENTED_EDGE('',*,*,#1253,.F.);
#1837=ORIENTED_EDGE('',*,*,#1350,.T.);
#1838=ORIENTED_EDGE('',*,*,#1351,.T.);
#1839=ORIENTED_EDGE('',*,*,#1249,.T.);
#1840=ORIENTED_EDGE('',*,*,#1352,.T.);
#1841=ORIENTED_EDGE('',*,*,#1351,.F.);
#1842=ORIENTED_EDGE('',*,*,#1353,.F.);
#1843=ORIENTED_EDGE('',*,*,#1354,.F.);
#1844=ORIENTED_EDGE('',*,*,#1355,.F.);
#1845=ORIENTED_EDGE('',*,*,#1356,.F.);
#1846=ORIENTED_EDGE('',*,*,#1250,.F.);
#1847=ORIENTED_EDGE('',*,*,#1357,.T.);
#1848=ORIENTED_EDGE('',*,*,#1358,.T.);
#1849=ORIENTED_EDGE('',*,*,#1359,.T.);
#1850=ORIENTED_EDGE('',*,*,#1360,.T.);
#1851=ORIENTED_EDGE('',*,*,#1361,.T.);
#1852=ORIENTED_EDGE('',*,*,#1362,.T.);
#1853=ORIENTED_EDGE('',*,*,#1363,.T.);
#1854=ORIENTED_EDGE('',*,*,#1364,.T.);
#1855=ORIENTED_EDGE('',*,*,#1247,.T.);
#1856=ORIENTED_EDGE('',*,*,#1365,.T.);
#1857=ORIENTED_EDGE('',*,*,#1210,.T.);
#1858=ORIENTED_EDGE('',*,*,#1366,.T.);
#1859=ORIENTED_EDGE('',*,*,#1365,.F.);
#1860=ORIENTED_EDGE('',*,*,#1246,.F.);
#1861=ORIENTED_EDGE('',*,*,#1367,.F.);
#1862=ORIENTED_EDGE('',*,*,#1368,.T.);
#1863=ORIENTED_EDGE('',*,*,#1369,.F.);
#1864=ORIENTED_EDGE('',*,*,#1211,.F.);
#1865=ORIENTED_EDGE('',*,*,#1370,.T.);
#1866=ORIENTED_EDGE('',*,*,#1371,.T.);
#1867=ORIENTED_EDGE('',*,*,#1372,.T.);
#1868=ORIENTED_EDGE('',*,*,#1373,.T.);
#1869=ORIENTED_EDGE('',*,*,#1374,.T.);
#1870=ORIENTED_EDGE('',*,*,#1375,.T.);
#1871=ORIENTED_EDGE('',*,*,#1376,.T.);
#1872=ORIENTED_EDGE('',*,*,#1377,.T.);
#1873=ORIENTED_EDGE('',*,*,#1378,.T.);
#1874=ORIENTED_EDGE('',*,*,#1379,.T.);
#1875=ORIENTED_EDGE('',*,*,#1354,.T.);
#1876=ORIENTED_EDGE('',*,*,#1380,.T.);
#1877=ORIENTED_EDGE('',*,*,#1379,.F.);
#1878=ORIENTED_EDGE('',*,*,#1381,.F.);
#1879=ORIENTED_EDGE('',*,*,#1382,.F.);
#1880=ORIENTED_EDGE('',*,*,#1355,.T.);
#1881=ORIENTED_EDGE('',*,*,#1136,.F.);
#1882=ORIENTED_EDGE('',*,*,#1299,.T.);
#1883=ORIENTED_EDGE('',*,*,#1295,.F.);
#1884=ORIENTED_EDGE('',*,*,#1349,.F.);
#1885=ORIENTED_EDGE('',*,*,#1234,.F.);
#1886=ORIENTED_EDGE('',*,*,#1252,.F.);
#1887=ORIENTED_EDGE('',*,*,#1383,.F.);
#1888=ORIENTED_EDGE('',*,*,#1381,.T.);
#1889=ORIENTED_EDGE('',*,*,#1378,.F.);
#1890=ORIENTED_EDGE('',*,*,#1384,.F.);
#1891=ORIENTED_EDGE('',*,*,#1161,.F.);
#1892=ORIENTED_EDGE('',*,*,#1183,.T.);
#1893=ORIENTED_EDGE('',*,*,#1300,.T.);
#1894=ORIENTED_EDGE('',*,*,#1309,.T.);
#1895=ORIENTED_EDGE('',*,*,#1385,.T.);
#1896=ORIENTED_EDGE('',*,*,#1386,.T.);
#1897=ORIENTED_EDGE('',*,*,#1387,.T.);
#1898=ORIENTED_EDGE('',*,*,#1305,.T.);
#1899=ORIENTED_EDGE('',*,*,#1311,.T.);
#1900=ORIENTED_EDGE('',*,*,#1179,.T.);
#1901=ORIENTED_EDGE('',*,*,#1334,.T.);
#1902=ORIENTED_EDGE('',*,*,#1331,.T.);
#1903=ORIENTED_EDGE('',*,*,#1328,.T.);
#1904=ORIENTED_EDGE('',*,*,#1336,.T.);
#1905=ORIENTED_EDGE('',*,*,#1346,.T.);
#1906=ORIENTED_EDGE('',*,*,#1343,.T.);
#1907=ORIENTED_EDGE('',*,*,#1340,.T.);
#1908=ORIENTED_EDGE('',*,*,#1348,.T.);
#1909=ORIENTED_EDGE('',*,*,#1388,.T.);
#1910=ORIENTED_EDGE('',*,*,#1389,.T.);
#1911=ORIENTED_EDGE('',*,*,#1390,.T.);
#1912=ORIENTED_EDGE('',*,*,#1391,.T.);
#1913=ORIENTED_EDGE('',*,*,#1392,.T.);
#1914=ORIENTED_EDGE('',*,*,#1393,.T.);
#1915=ORIENTED_EDGE('',*,*,#1394,.T.);
#1916=ORIENTED_EDGE('',*,*,#1395,.T.);
#1917=ORIENTED_EDGE('',*,*,#1383,.T.);
#1918=ORIENTED_EDGE('',*,*,#1251,.T.);
#1919=ORIENTED_EDGE('',*,*,#1356,.T.);
#1920=ORIENTED_EDGE('',*,*,#1382,.T.);
#1921=ORIENTED_EDGE('',*,*,#1270,.T.);
#1922=ORIENTED_EDGE('',*,*,#1396,.T.);
#1923=ORIENTED_EDGE('',*,*,#1367,.T.);
#1924=ORIENTED_EDGE('',*,*,#1245,.T.);
#1925=ORIENTED_EDGE('',*,*,#1396,.F.);
#1926=ORIENTED_EDGE('',*,*,#1269,.T.);
#1927=ORIENTED_EDGE('',*,*,#1397,.F.);
#1928=ORIENTED_EDGE('',*,*,#1368,.F.);
#1929=ORIENTED_EDGE('',*,*,#1268,.T.);
#1930=ORIENTED_EDGE('',*,*,#1212,.T.);
#1931=ORIENTED_EDGE('',*,*,#1369,.T.);
#1932=ORIENTED_EDGE('',*,*,#1397,.T.);
#1933=ORIENTED_EDGE('',*,*,#1376,.F.);
#1934=ORIENTED_EDGE('',*,*,#1398,.F.);
#1935=ORIENTED_EDGE('',*,*,#1284,.F.);
#1936=ORIENTED_EDGE('',*,*,#1399,.T.);
#1937=ORIENTED_EDGE('',*,*,#1363,.F.);
#1938=ORIENTED_EDGE('',*,*,#1400,.T.);
#1939=ORIENTED_EDGE('',*,*,#1390,.F.);
#1940=ORIENTED_EDGE('',*,*,#1401,.F.);
#1941=ORIENTED_EDGE('',*,*,#1375,.F.);
#1942=ORIENTED_EDGE('',*,*,#1402,.F.);
#1943=ORIENTED_EDGE('',*,*,#1285,.F.);
#1944=ORIENTED_EDGE('',*,*,#1398,.T.);
#1945=ORIENTED_EDGE('',*,*,#1364,.F.);
#1946=ORIENTED_EDGE('',*,*,#1401,.T.);
#1947=ORIENTED_EDGE('',*,*,#1389,.F.);
#1948=ORIENTED_EDGE('',*,*,#1403,.F.);
#1949=ORIENTED_EDGE('',*,*,#1377,.F.);
#1950=ORIENTED_EDGE('',*,*,#1399,.F.);
#1951=ORIENTED_EDGE('',*,*,#1283,.F.);
#1952=ORIENTED_EDGE('',*,*,#1404,.T.);
#1953=ORIENTED_EDGE('',*,*,#1374,.F.);
#1954=ORIENTED_EDGE('',*,*,#1404,.F.);
#1955=ORIENTED_EDGE('',*,*,#1282,.F.);
#1956=ORIENTED_EDGE('',*,*,#1402,.T.);
#1957=ORIENTED_EDGE('',*,*,#1361,.F.);
#1958=ORIENTED_EDGE('',*,*,#1403,.T.);
#1959=ORIENTED_EDGE('',*,*,#1388,.F.);
#1960=ORIENTED_EDGE('',*,*,#1405,.F.);
#1961=ORIENTED_EDGE('',*,*,#1362,.F.);
#1962=ORIENTED_EDGE('',*,*,#1405,.T.);
#1963=ORIENTED_EDGE('',*,*,#1391,.F.);
#1964=ORIENTED_EDGE('',*,*,#1400,.F.);
#1965=ORIENTED_EDGE('',*,*,#1372,.F.);
#1966=ORIENTED_EDGE('',*,*,#1406,.F.);
#1967=ORIENTED_EDGE('',*,*,#1288,.F.);
#1968=ORIENTED_EDGE('',*,*,#1407,.T.);
#1969=ORIENTED_EDGE('',*,*,#1359,.F.);
#1970=ORIENTED_EDGE('',*,*,#1408,.T.);
#1971=ORIENTED_EDGE('',*,*,#1394,.F.);
#1972=ORIENTED_EDGE('',*,*,#1409,.F.);
#1973=ORIENTED_EDGE('',*,*,#1371,.F.);
#1974=ORIENTED_EDGE('',*,*,#1410,.F.);
#1975=ORIENTED_EDGE('',*,*,#1289,.F.);
#1976=ORIENTED_EDGE('',*,*,#1406,.T.);
#1977=ORIENTED_EDGE('',*,*,#1360,.F.);
#1978=ORIENTED_EDGE('',*,*,#1409,.T.);
#1979=ORIENTED_EDGE('',*,*,#1393,.F.);
#1980=ORIENTED_EDGE('',*,*,#1411,.F.);
#1981=ORIENTED_EDGE('',*,*,#1373,.F.);
#1982=ORIENTED_EDGE('',*,*,#1407,.F.);
#1983=ORIENTED_EDGE('',*,*,#1287,.F.);
#1984=ORIENTED_EDGE('',*,*,#1412,.T.);
#1985=ORIENTED_EDGE('',*,*,#1370,.F.);
#1986=ORIENTED_EDGE('',*,*,#1412,.F.);
#1987=ORIENTED_EDGE('',*,*,#1286,.F.);
#1988=ORIENTED_EDGE('',*,*,#1410,.T.);
#1989=ORIENTED_EDGE('',*,*,#1357,.F.);
#1990=ORIENTED_EDGE('',*,*,#1411,.T.);
#1991=ORIENTED_EDGE('',*,*,#1392,.F.);
#1992=ORIENTED_EDGE('',*,*,#1413,.F.);
#1993=ORIENTED_EDGE('',*,*,#1358,.F.);
#1994=ORIENTED_EDGE('',*,*,#1413,.T.);
#1995=ORIENTED_EDGE('',*,*,#1395,.F.);
#1996=ORIENTED_EDGE('',*,*,#1408,.F.);
#1997=ORIENTED_EDGE('',*,*,#1233,.T.);
#1998=ORIENTED_EDGE('',*,*,#1414,.T.);
#1999=ORIENTED_EDGE('',*,*,#1415,.F.);
#2000=ORIENTED_EDGE('',*,*,#1414,.F.);
#2001=ORIENTED_EDGE('',*,*,#1416,.T.);
#2002=ORIENTED_EDGE('',*,*,#1417,.T.);
#2003=ORIENTED_EDGE('',*,*,#1418,.T.);
#2004=ORIENTED_EDGE('',*,*,#1307,.T.);
#2005=ORIENTED_EDGE('',*,*,#1416,.F.);
#2006=ORIENTED_EDGE('',*,*,#1306,.T.);
#2007=ORIENTED_EDGE('',*,*,#1387,.F.);
#2008=ORIENTED_EDGE('',*,*,#1419,.F.);
#2009=ORIENTED_EDGE('',*,*,#1415,.T.);
#2010=ORIENTED_EDGE('',*,*,#1386,.F.);
#2011=ORIENTED_EDGE('',*,*,#1420,.F.);
#2012=ORIENTED_EDGE('',*,*,#1417,.F.);
#2013=ORIENTED_EDGE('',*,*,#1419,.T.);
#2014=ORIENTED_EDGE('',*,*,#1418,.F.);
#2015=ORIENTED_EDGE('',*,*,#1420,.T.);
#2016=ORIENTED_EDGE('',*,*,#1385,.F.);
#2017=ORIENTED_EDGE('',*,*,#1308,.F.);
#2018=ORIENTED_EDGE('',*,*,#1352,.F.);
#2019=ORIENTED_EDGE('',*,*,#1248,.T.);
#2020=ORIENTED_EDGE('',*,*,#1366,.F.);
#2021=ORIENTED_EDGE('',*,*,#1195,.F.);
#2022=ORIENTED_EDGE('',*,*,#1421,.F.);
#2023=ORIENTED_EDGE('',*,*,#1315,.F.);
#2024=ORIENTED_EDGE('',*,*,#1240,.F.);
#2025=ORIENTED_EDGE('',*,*,#1324,.F.);
#2026=ORIENTED_EDGE('',*,*,#1297,.F.);
#2027=ORIENTED_EDGE('',*,*,#1143,.F.);
#2028=ORIENTED_EDGE('',*,*,#1230,.T.);
#2029=ORIENTED_EDGE('',*,*,#1162,.F.);
#2030=ORIENTED_EDGE('',*,*,#1384,.T.);
#2031=ORIENTED_EDGE('',*,*,#1380,.F.);
#2032=ORIENTED_EDGE('',*,*,#1353,.T.);
#2033=ORIENTED_EDGE('',*,*,#1350,.F.);
#2034=ORIENTED_EDGE('',*,*,#1421,.T.);
#2035=ORIENTED_EDGE('',*,*,#1198,.F.);
#2036=B_SPLINE_SURFACE_WITH_KNOTS('',3,3,((#2883,#2884,#2885,#2886,#2887,
#2888,#2889,#2890,#2891,#2892),(#2893,#2894,#2895,#2896,#2897,#2898,#2899,
#2900,#2901,#2902),(#2903,#2904,#2905,#2906,#2907,#2908,#2909,#2910,#2911,
#2912),(#2913,#2914,#2915,#2916,#2917,#2918,#2919,#2920,#2921,#2922),(#2923,
#2924,#2925,#2926,#2927,#2928,#2929,#2930,#2931,#2932)),.UNSPECIFIED.,.F.,
 .F.,.F.,(4,1,4),(4,2,1,1,1,1,4),(0.,0.571428571428571,1.),(-0.00136868600490536,
0.,0.25531391433568,0.510627828671359,0.765941743007039,1.02125565734272,
1.2765695716784),.UNSPECIFIED.);
#2037=B_SPLINE_SURFACE_WITH_KNOTS('',3,3,((#2957,#2958,#2959,#2960),(#2961,
#2962,#2963,#2964),(#2965,#2966,#2967,#2968),(#2969,#2970,#2971,#2972),
(#2973,#2974,#2975,#2976)),.UNSPECIFIED.,.F.,.F.,.F.,(4,1,4),(4,4),(0.,
0.571428571428571,1.),(0.,0.308183118569417),.UNSPECIFIED.);
#2038=B_SPLINE_SURFACE_WITH_KNOTS('',3,3,((#3012,#3013,#3014,#3015,#3016,
#3017,#3018,#3019),(#3020,#3021,#3022,#3023,#3024,#3025,#3026,#3027),(#3028,
#3029,#3030,#3031,#3032,#3033,#3034,#3035),(#3036,#3037,#3038,#3039,#3040,
#3041,#3042,#3043),(#3044,#3045,#3046,#3047,#3048,#3049,#3050,#3051)),
 .UNSPECIFIED.,.F.,.F.,.F.,(4,1,4),(4,1,1,1,1,4),(0.,0.571428571428571,
1.),(0.,0.204433566209537,0.613300698628611,1.02216783104769,1.22660139725722,
1.43103496346676),.UNSPECIFIED.);
#2039=B_SPLINE_SURFACE_WITH_KNOTS('',3,3,((#3126,#3127,#3128,#3129,#3130,
#3131,#3132),(#3133,#3134,#3135,#3136,#3137,#3138,#3139),(#3140,#3141,#3142,
#3143,#3144,#3145,#3146),(#3147,#3148,#3149,#3150,#3151,#3152,#3153),(#3154,
#3155,#3156,#3157,#3158,#3159,#3160)),.UNSPECIFIED.,.F.,.F.,.F.,(4,1,4),
(4,1,1,1,4),(0.,0.571428571428571,1.),(1.59667909619817E-17,0.204433566209537,
0.613300698628611,1.02216783104769,1.43103496346676),.UNSPECIFIED.);
#2040=B_SPLINE_SURFACE_WITH_KNOTS('',3,3,((#3192,#3193,#3194,#3195,#3196,
#3197,#3198,#3199),(#3200,#3201,#3202,#3203,#3204,#3205,#3206,#3207),(#3208,
#3209,#3210,#3211,#3212,#3213,#3214,#3215),(#3216,#3217,#3218,#3219,#3220,
#3221,#3222,#3223),(#3224,#3225,#3226,#3227,#3228,#3229,#3230,#3231)),
 .UNSPECIFIED.,.F.,.F.,.F.,(4,1,4),(4,2,1,1,4),(0.,0.571428571428571,1.),
(-0.00167443819241151,0.,0.76719247506475,1.02292330008633,1.27865412510792),
 .UNSPECIFIED.);
#2041=B_SPLINE_SURFACE_WITH_KNOTS('',3,3,((#3252,#3253,#3254,#3255),(#3256,
#3257,#3258,#3259),(#3260,#3261,#3262,#3263),(#3264,#3265,#3266,#3267),
(#3268,#3269,#3270,#3271)),.UNSPECIFIED.,.F.,.F.,.F.,(4,1,4),(4,4),(0.,
0.571428571428571,1.),(2.1269654208704E-12,0.308183167766673),
 .UNSPECIFIED.);
#2042=B_SPLINE_SURFACE_WITH_KNOTS('',3,3,((#3401,#3402,#3403,#3404,#3405,
#3406,#3407,#3408),(#3409,#3410,#3411,#3412,#3413,#3414,#3415,#3416),(#3417,
#3418,#3419,#3420,#3421,#3422,#3423,#3424),(#3425,#3426,#3427,#3428,#3429,
#3430,#3431,#3432),(#3433,#3434,#3435,#3436,#3437,#3438,#3439,#3440),(#3441,
#3442,#3443,#3444,#3445,#3446,#3447,#3448),(#3449,#3450,#3451,#3452,#3453,
#3454,#3455,#3456)),.UNSPECIFIED.,.F.,.F.,.F.,(4,1,1,1,4),(4,1,1,1,1,4),
(0.,0.285714285714286,0.571428571428571,0.785714285714286,1.),(3.31177606569192E-16,
0.150724800116013,0.301449600232026,0.452174400348038,0.753624000580064,
1.05507360081209),.UNSPECIFIED.);
#2043=B_SPLINE_SURFACE_WITH_KNOTS('',3,3,((#3467,#3468,#3469,#3470,#3471,
#3472,#3473,#3474,#3475,#3476,#3477),(#3478,#3479,#3480,#3481,#3482,#3483,
#3484,#3485,#3486,#3487,#3488),(#3489,#3490,#3491,#3492,#3493,#3494,#3495,
#3496,#3497,#3498,#3499),(#3500,#3501,#3502,#3503,#3504,#3505,#3506,#3507,
#3508,#3509,#3510),(#3511,#3512,#3513,#3514,#3515,#3516,#3517,#3518,#3519,
#3520,#3521)),.UNSPECIFIED.,.F.,.F.,.F.,(4,1,4),(4,1,1,1,1,1,1,1,4),(0.,
0.571428571428571,1.),(0.,0.00236961684597238,0.00473923369194475,0.00947846738388951,
0.018956934767779,0.037913869535558,0.0473923369194475,0.0663492716872265,
0.132698543374453),.UNSPECIFIED.);
#2044=B_SPLINE_SURFACE_WITH_KNOTS('',3,3,((#3537,#3538,#3539,#3540),(#3541,
#3542,#3543,#3544),(#3545,#3546,#3547,#3548),(#3549,#3550,#3551,#3552),
(#3553,#3554,#3555,#3556)),.UNSPECIFIED.,.F.,.F.,.F.,(4,1,4),(4,4),(0.,
0.571428571428571,1.),(0.132698543374453,0.154202142011679),
 .UNSPECIFIED.);
#2045=B_SPLINE_SURFACE_WITH_KNOTS('',3,3,((#3589,#3590,#3591,#3592,#3593),
(#3594,#3595,#3596,#3597,#3598),(#3599,#3600,#3601,#3602,#3603),(#3604,
#3605,#3606,#3607,#3608),(#3609,#3610,#3611,#3612,#3613),(#3614,#3615,#3616,
#3617,#3618),(#3619,#3620,#3621,#3622,#3623)),.UNSPECIFIED.,.F.,.F.,.F.,
(4,1,1,1,4),(4,1,4),(0.,0.285714285714286,0.571428571428571,0.785714285714286,
1.),(0.,0.435034594571493,0.761310540500113),.UNSPECIFIED.);
#2046=B_SPLINE_SURFACE_WITH_KNOTS('',3,3,((#3668,#3669,#3670,#3671,#3672,
#3673,#3674,#3675),(#3676,#3677,#3678,#3679,#3680,#3681,#3682,#3683),(#3684,
#3685,#3686,#3687,#3688,#3689,#3690,#3691),(#3692,#3693,#3694,#3695,#3696,
#3697,#3698,#3699),(#3700,#3701,#3702,#3703,#3704,#3705,#3706,#3707),(#3708,
#3709,#3710,#3711,#3712,#3713,#3714,#3715),(#3716,#3717,#3718,#3719,#3720,
#3721,#3722,#3723)),.UNSPECIFIED.,.F.,.F.,.F.,(4,1,1,1,4),(4,1,1,1,1,4),
(0.,0.285714285714286,0.571428571428571,0.785714285714286,1.),(0.376593427059749,
0.678043027291106,0.979492627522464,1.20557982769598,1.28094222775382,1.4316670278695),
 .UNSPECIFIED.);
#2047=B_SPLINE_SURFACE_WITH_KNOTS('',3,3,((#3728,#3729,#3730,#3731,#3732,
#3733,#3734,#3735,#3736),(#3737,#3738,#3739,#3740,#3741,#3742,#3743,#3744,
#3745),(#3746,#3747,#3748,#3749,#3750,#3751,#3752,#3753,#3754),(#3755,#3756,
#3757,#3758,#3759,#3760,#3761,#3762,#3763),(#3764,#3765,#3766,#3767,#3768,
#3769,#3770,#3771,#3772)),.UNSPECIFIED.,.F.,.F.,.F.,(4,1,4),(4,1,1,1,1,
1,4),(0.,0.571428571428571,1.),(-0.132859001482797,-0.0664295007413986,
-0.0474496433867133,-0.0189798573546853,-0.00948992867734266,-0.00474496433867133,
0.),.UNSPECIFIED.);
#2048=B_SPLINE_SURFACE_WITH_KNOTS('',3,3,((#3776,#3777,#3778,#3779,#3780),
(#3781,#3782,#3783,#3784,#3785),(#3786,#3787,#3788,#3789,#3790),(#3791,
#3792,#3793,#3794,#3795),(#3796,#3797,#3798,#3799,#3800),(#3801,#3802,#3803,
#3804,#3805),(#3806,#3807,#3808,#3809,#3810)),.UNSPECIFIED.,.F.,.F.,.F.,
(4,1,1,1,4),(4,1,4),(0.,0.285714285714286,0.571428571428571,0.785714285714286,
1.),(0.,0.298399801358553,0.696266203169957),.UNSPECIFIED.);
#2049=B_SPLINE_SURFACE_WITH_KNOTS('',3,3,((#3813,#3814,#3815,#3816),(#3817,
#3818,#3819,#3820),(#3821,#3822,#3823,#3824),(#3825,#3826,#3827,#3828),
(#3829,#3830,#3831,#3832)),.UNSPECIFIED.,.F.,.F.,.F.,(4,1,4),(4,4),(0.,
0.571428571428571,1.),(0.479188909974398,0.500695031058481),
 .UNSPECIFIED.);
#2050=ADVANCED_FACE('',(#583),#2036,.F.);
#2051=ADVANCED_FACE('',(#584),#2037,.F.);
#2052=ADVANCED_FACE('',(#585),#576,.T.);
#2053=ADVANCED_FACE('',(#586),#558,.T.);
#2054=ADVANCED_FACE('',(#587),#111,.T.);
#2055=ADVANCED_FACE('',(#588),#577,.T.);
#2056=ADVANCED_FACE('',(#589),#2038,.F.);
#2057=ADVANCED_FACE('',(#590),#559,.T.);
#2058=ADVANCED_FACE('',(#591),#112,.T.);
#2059=ADVANCED_FACE('',(#592),#560,.F.);
#2060=ADVANCED_FACE('',(#593),#561,.T.);
#2061=ADVANCED_FACE('',(#594),#562,.F.);
#2062=ADVANCED_FACE('',(#595),#563,.T.);
#2063=ADVANCED_FACE('',(#596),#38,.T.);
#2064=ADVANCED_FACE('',(#597),#564,.T.);
#2065=ADVANCED_FACE('',(#598),#578,.T.);
#2066=ADVANCED_FACE('',(#599),#2039,.F.);
#2067=ADVANCED_FACE('',(#600),#565,.T.);
#2068=ADVANCED_FACE('',(#601),#566,.T.);
#2069=ADVANCED_FACE('',(#602),#2040,.F.);
#2070=ADVANCED_FACE('',(#603),#2041,.F.);
#2071=ADVANCED_FACE('',(#604),#579,.T.);
#2072=ADVANCED_FACE('',(#605),#113,.T.);
#2073=ADVANCED_FACE('',(#606),#114,.T.);
#2074=ADVANCED_FACE('',(#607),#567,.F.);
#2075=ADVANCED_FACE('',(#608),#568,.T.);
#2076=ADVANCED_FACE('',(#609),#39,.T.);
#2077=ADVANCED_FACE('',(#610),#569,.T.);
#2078=ADVANCED_FACE('',(#611),#570,.T.);
#2079=ADVANCED_FACE('',(#612),#571,.F.);
#2080=ADVANCED_FACE('',(#613),#40,.T.);
#2081=ADVANCED_FACE('',(#614),#572,.F.);
#2082=ADVANCED_FACE('',(#615),#41,.T.);
#2083=ADVANCED_FACE('',(#616),#580,.T.);
#2084=ADVANCED_FACE('',(#617),#2042,.F.);
#2085=ADVANCED_FACE('',(#618),#2043,.F.);
#2086=ADVANCED_FACE('',(#619),#2044,.F.);
#2087=ADVANCED_FACE('',(#620),#42,.T.);
#2088=ADVANCED_FACE('',(#621),#2045,.F.);
#2089=ADVANCED_FACE('',(#622),#581,.T.);
#2090=ADVANCED_FACE('',(#623),#2046,.F.);
#2091=ADVANCED_FACE('',(#624),#582,.T.);
#2092=ADVANCED_FACE('',(#625),#2047,.F.);
#2093=ADVANCED_FACE('',(#626),#2048,.F.);
#2094=ADVANCED_FACE('',(#627),#115,.T.);
#2095=ADVANCED_FACE('',(#628),#2049,.F.);
#2096=ADVANCED_FACE('',(#629),#573,.F.);
#2097=ADVANCED_FACE('',(#630,#19),#43,.T.);
#2098=ADVANCED_FACE('',(#631),#44,.T.);
#2099=ADVANCED_FACE('',(#632),#45,.T.);
#2100=ADVANCED_FACE('',(#633,#20,#21),#46,.F.);
#2101=ADVANCED_FACE('',(#634),#47,.T.);
#2102=ADVANCED_FACE('',(#635,#22,#23,#24,#25),#48,.T.);
#2103=ADVANCED_FACE('',(#636),#49,.F.);
#2104=ADVANCED_FACE('',(#637),#50,.T.);
#2105=ADVANCED_FACE('',(#638),#51,.T.);
#2106=ADVANCED_FACE('',(#639),#52,.T.);
#2107=ADVANCED_FACE('',(#640),#53,.F.);
#2108=ADVANCED_FACE('',(#641),#54,.T.);
#2109=ADVANCED_FACE('',(#642),#574,.F.);
#2110=ADVANCED_FACE('',(#643),#55,.F.);
#2111=ADVANCED_FACE('',(#644),#56,.T.);
#2112=ADVANCED_FACE('',(#645),#57,.T.);
#2113=ADVANCED_FACE('',(#646,#26,#27),#58,.F.);
#2114=ADVANCED_FACE('',(#647),#59,.T.);
#2115=ADVANCED_FACE('',(#648),#60,.T.);
#2116=ADVANCED_FACE('',(#649),#61,.T.);
#2117=ADVANCED_FACE('',(#650),#62,.T.);
#2118=ADVANCED_FACE('',(#651),#63,.T.);
#2119=ADVANCED_FACE('',(#652),#64,.T.);
#2120=ADVANCED_FACE('',(#653),#65,.T.);
#2121=ADVANCED_FACE('',(#654),#66,.T.);
#2122=ADVANCED_FACE('',(#655),#67,.T.);
#2123=ADVANCED_FACE('',(#656),#68,.T.);
#2124=ADVANCED_FACE('',(#657),#69,.T.);
#2125=ADVANCED_FACE('',(#658),#70,.T.);
#2126=ADVANCED_FACE('',(#659),#71,.T.);
#2127=ADVANCED_FACE('',(#660),#72,.T.);
#2128=ADVANCED_FACE('',(#661),#73,.T.);
#2129=ADVANCED_FACE('',(#662),#74,.T.);
#2130=ADVANCED_FACE('',(#663),#75,.T.);
#2131=ADVANCED_FACE('',(#664),#76,.F.);
#2132=ADVANCED_FACE('',(#665),#77,.T.);
#2133=ADVANCED_FACE('',(#666,#28,#29),#78,.T.);
#2134=ADVANCED_FACE('',(#667),#79,.T.);
#2135=ADVANCED_FACE('',(#668,#30,#31),#80,.T.);
#2136=ADVANCED_FACE('',(#669),#81,.T.);
#2137=ADVANCED_FACE('',(#670),#82,.T.);
#2138=ADVANCED_FACE('',(#671,#32,#33,#34,#35),#83,.T.);
#2139=ADVANCED_FACE('',(#672),#84,.T.);
#2140=ADVANCED_FACE('',(#673),#85,.T.);
#2141=ADVANCED_FACE('',(#674),#86,.T.);
#2142=ADVANCED_FACE('',(#675),#87,.T.);
#2143=ADVANCED_FACE('',(#676),#88,.F.);
#2144=ADVANCED_FACE('',(#677),#89,.F.);
#2145=ADVANCED_FACE('',(#678),#90,.F.);
#2146=ADVANCED_FACE('',(#679),#91,.F.);
#2147=ADVANCED_FACE('',(#680),#92,.F.);
#2148=ADVANCED_FACE('',(#681),#93,.F.);
#2149=ADVANCED_FACE('',(#682),#94,.F.);
#2150=ADVANCED_FACE('',(#683),#95,.F.);
#2151=ADVANCED_FACE('',(#684),#96,.F.);
#2152=ADVANCED_FACE('',(#685),#97,.F.);
#2153=ADVANCED_FACE('',(#686),#98,.F.);
#2154=ADVANCED_FACE('',(#687),#99,.F.);
#2155=ADVANCED_FACE('',(#688),#100,.F.);
#2156=ADVANCED_FACE('',(#689),#101,.F.);
#2157=ADVANCED_FACE('',(#690),#102,.F.);
#2158=ADVANCED_FACE('',(#691),#103,.F.);
#2159=ADVANCED_FACE('',(#692),#575,.F.);
#2160=ADVANCED_FACE('',(#693),#104,.F.);
#2161=ADVANCED_FACE('',(#694,#36),#105,.T.);
#2162=ADVANCED_FACE('',(#695),#106,.T.);
#2163=ADVANCED_FACE('',(#696),#107,.T.);
#2164=ADVANCED_FACE('',(#697),#108,.T.);
#2165=ADVANCED_FACE('',(#698,#37),#109,.T.);
#2166=ADVANCED_FACE('',(#699),#110,.T.);
#2167=CLOSED_SHELL('',(#2050,#2051,#2052,#2053,#2054,#2055,#2056,#2057,
#2058,#2059,#2060,#2061,#2062,#2063,#2064,#2065,#2066,#2067,#2068,#2069,
#2070,#2071,#2072,#2073,#2074,#2075,#2076,#2077,#2078,#2079,#2080,#2081,
#2082,#2083,#2084,#2085,#2086,#2087,#2088,#2089,#2090,#2091,#2092,#2093,
#2094,#2095,#2096,#2097,#2098,#2099,#2100,#2101,#2102,#2103,#2104,#2105,
#2106,#2107,#2108,#2109,#2110,#2111,#2112,#2113,#2114,#2115,#2116,#2117,
#2118,#2119,#2120,#2121,#2122,#2123,#2124,#2125,#2126,#2127,#2128,#2129,
#2130,#2131,#2132,#2133,#2134,#2135,#2136,#2137,#2138,#2139,#2140,#2141,
#2142,#2143,#2144,#2145,#2146,#2147,#2148,#2149,#2150,#2151,#2152,#2153,
#2154,#2155,#2156,#2157,#2158,#2159,#2160,#2161,#2162,#2163,#2164,#2165,
#2166));
#2168=DERIVED_UNIT_ELEMENT(#2170,1.);
#2169=DERIVED_UNIT_ELEMENT(#4241,-3.);
#2170=(
MASS_UNIT()
NAMED_UNIT(*)
SI_UNIT(.KILO.,.GRAM.)
);
#2171=DERIVED_UNIT((#2168,#2169));
#2172=MEASURE_REPRESENTATION_ITEM('density measure',
POSITIVE_RATIO_MEASURE(7850.),#2171);
#2173=PROPERTY_DEFINITION_REPRESENTATION(#2178,#2175);
#2174=PROPERTY_DEFINITION_REPRESENTATION(#2179,#2176);
#2175=REPRESENTATION('material name',(#2177),#4238);
#2176=REPRESENTATION('density',(#2172),#4238);
#2177=DESCRIPTIVE_REPRESENTATION_ITEM('Stahl','Stahl');
#2178=PROPERTY_DEFINITION('material property','material name',#4253);
#2179=PROPERTY_DEFINITION('material property','density of part',#4253);
#2180=AXIS2_PLACEMENT_3D('',#2881,#2340,#2341);
#2181=AXIS2_PLACEMENT_3D('',#2882,#2342,#2343);
#2182=AXIS2_PLACEMENT_3D('',#2935,#2344,#2345);
#2183=AXIS2_PLACEMENT_3D('',#2979,#2346,#2347);
#2184=AXIS2_PLACEMENT_3D('',#2988,#2348,#2349);
#2185=AXIS2_PLACEMENT_3D('',#2991,#2350,#2351);
#2186=AXIS2_PLACEMENT_3D('',#2992,#2352,#2353);
#2187=AXIS2_PLACEMENT_3D('',#2993,#2354,#2355);
#2188=AXIS2_PLACEMENT_3D('',#2994,#2356,#2357);
#2189=AXIS2_PLACEMENT_3D('',#2996,#2358,#2359);
#2190=AXIS2_PLACEMENT_3D('',#3000,#2361,#2362);
#2191=AXIS2_PLACEMENT_3D('',#3002,#2364,#2365);
#2192=AXIS2_PLACEMENT_3D('',#3003,#2366,#2367);
#2193=AXIS2_PLACEMENT_3D('',#3004,#2368,#2369);
#2194=AXIS2_PLACEMENT_3D('',#3006,#2370,#2371);
#2195=AXIS2_PLACEMENT_3D('',#3008,#2372,#2373);
#2196=AXIS2_PLACEMENT_3D('',#3010,#2374,#2375);
#2197=AXIS2_PLACEMENT_3D('',#3011,#2376,#2377);
#2198=AXIS2_PLACEMENT_3D('',#3062,#2378,#2379);
#2199=AXIS2_PLACEMENT_3D('',#3071,#2380,#2381);
#2200=AXIS2_PLACEMENT_3D('',#3074,#2382,#2383);
#2201=AXIS2_PLACEMENT_3D('',#3077,#2386,#2387);
#2202=AXIS2_PLACEMENT_3D('',#3078,#2388,#2389);
#2203=AXIS2_PLACEMENT_3D('',#3079,#2390,#2391);
#2204=AXIS2_PLACEMENT_3D('',#3094,#2395,#2396);
#2205=AXIS2_PLACEMENT_3D('',#3097,#2398,#2399);
#2206=AXIS2_PLACEMENT_3D('',#3098,#2400,#2401);
#2207=AXIS2_PLACEMENT_3D('',#3101,#2404,#2405);
#2208=AXIS2_PLACEMENT_3D('',#3104,#2407,#2408);
#2209=AXIS2_PLACEMENT_3D('',#3105,#2409,#2410);
#2210=AXIS2_PLACEMENT_3D('',#3113,#2412,#2413);
#2211=AXIS2_PLACEMENT_3D('',#3116,#2415,#2416);
#2212=AXIS2_PLACEMENT_3D('',#3117,#2417,#2418);
#2213=AXIS2_PLACEMENT_3D('',#3120,#2419,#2420);
#2214=AXIS2_PLACEMENT_3D('',#3122,#2421,#2422);
#2215=AXIS2_PLACEMENT_3D('',#3124,#2423,#2424);
#2216=AXIS2_PLACEMENT_3D('',#3125,#2425,#2426);
#2217=AXIS2_PLACEMENT_3D('',#3163,#2427,#2428);
#2218=AXIS2_PLACEMENT_3D('',#3178,#2429,#2430);
#2219=AXIS2_PLACEMENT_3D('',#3181,#2431,#2432);
#2220=AXIS2_PLACEMENT_3D('',#3184,#2435,#2436);
#2221=AXIS2_PLACEMENT_3D('',#3186,#2437,#2438);
#2222=AXIS2_PLACEMENT_3D('',#3190,#2440,#2441);
#2223=AXIS2_PLACEMENT_3D('',#3234,#2443,#2444);
#2224=AXIS2_PLACEMENT_3D('',#3274,#2445,#2446);
#2225=AXIS2_PLACEMENT_3D('',#3283,#2447,#2448);
#2226=AXIS2_PLACEMENT_3D('',#3285,#2449,#2450);
#2227=AXIS2_PLACEMENT_3D('',#3286,#2451,#2452);
#2228=AXIS2_PLACEMENT_3D('',#3287,#2453,#2454);
#2229=AXIS2_PLACEMENT_3D('',#3288,#2455,#2456);
#2230=AXIS2_PLACEMENT_3D('',#3289,#2457,#2458);
#2231=AXIS2_PLACEMENT_3D('',#3290,#2459,#2460);
#2232=AXIS2_PLACEMENT_3D('',#3291,#2461,#2462);
#2233=AXIS2_PLACEMENT_3D('',#3292,#2463,#2464);
#2234=AXIS2_PLACEMENT_3D('',#3294,#2465,#2466);
#2235=AXIS2_PLACEMENT_3D('',#3318,#2469,#2470);
#2236=AXIS2_PLACEMENT_3D('',#3321,#2472,#2473);
#2237=AXIS2_PLACEMENT_3D('',#3322,#2474,#2475);
#2238=AXIS2_PLACEMENT_3D('',#3325,#2477,#2478);
#2239=AXIS2_PLACEMENT_3D('',#3326,#2479,#2480);
#2240=AXIS2_PLACEMENT_3D('',#3334,#2482,#2483);
#2241=AXIS2_PLACEMENT_3D('',#3358,#2485,#2486);
#2242=AXIS2_PLACEMENT_3D('',#3361,#2488,#2489);
#2243=AXIS2_PLACEMENT_3D('',#3362,#2490,#2491);
#2244=AXIS2_PLACEMENT_3D('',#3375,#2494,#2495);
#2245=AXIS2_PLACEMENT_3D('',#3376,#2496,#2497);
#2246=AXIS2_PLACEMENT_3D('',#3379,#2500,#2501);
#2247=AXIS2_PLACEMENT_3D('',#3380,#2502,#2503);
#2248=AXIS2_PLACEMENT_3D('',#3382,#2504,#2505);
#2249=AXIS2_PLACEMENT_3D('',#3384,#2506,#2507);
#2250=AXIS2_PLACEMENT_3D('',#3458,#2508,#2509);
#2251=AXIS2_PLACEMENT_3D('',#3524,#2510,#2511);
#2252=AXIS2_PLACEMENT_3D('',#3576,#2513,#2514);
#2253=AXIS2_PLACEMENT_3D('',#3629,#2519,#2520);
#2254=AXIS2_PLACEMENT_3D('',#3631,#2521,#2522);
#2255=AXIS2_PLACEMENT_3D('',#3662,#2523,#2524);
#2256=AXIS2_PLACEMENT_3D('',#3724,#2525,#2526);
#2257=AXIS2_PLACEMENT_3D('',#3725,#2527,#2528);
#2258=AXIS2_PLACEMENT_3D('',#3726,#2529,#2530);
#2259=AXIS2_PLACEMENT_3D('',#3727,#2531,#2532);
#2260=AXIS2_PLACEMENT_3D('',#3774,#2533,#2534);
#2261=AXIS2_PLACEMENT_3D('',#3811,#2536,#2537);
#2262=AXIS2_PLACEMENT_3D('',#3812,#2538,#2539);
#2263=AXIS2_PLACEMENT_3D('',#3847,#2540,#2541);
#2264=AXIS2_PLACEMENT_3D('',#3849,#2542,#2543);
#2265=AXIS2_PLACEMENT_3D('',#3852,#2545,#2546);
#2266=AXIS2_PLACEMENT_3D('',#3853,#2547,#2548);
#2267=AXIS2_PLACEMENT_3D('',#3855,#2549,#2550);
#2268=AXIS2_PLACEMENT_3D('',#3856,#2551,#2552);
#2269=AXIS2_PLACEMENT_3D('',#3865,#2557,#2558);
#2270=AXIS2_PLACEMENT_3D('',#3895,#2574,#2575);
#2271=AXIS2_PLACEMENT_3D('',#3919,#2588,#2589);
#2272=AXIS2_PLACEMENT_3D('',#3925,#2593,#2594);
#2273=AXIS2_PLACEMENT_3D('',#3968,#2617,#2618);
#2274=AXIS2_PLACEMENT_3D('',#3972,#2621,#2622);
#2275=AXIS2_PLACEMENT_3D('',#3976,#2625,#2626);
#2276=AXIS2_PLACEMENT_3D('',#3982,#2630,#2631);
#2277=AXIS2_PLACEMENT_3D('',#3987,#2635,#2636);
#2278=AXIS2_PLACEMENT_3D('',#3993,#2640,#2641);
#2279=AXIS2_PLACEMENT_3D('',#3995,#2642,#2643);
#2280=AXIS2_PLACEMENT_3D('',#4007,#2650,#2651);
#2281=AXIS2_PLACEMENT_3D('',#4009,#2653,#2654);
#2282=AXIS2_PLACEMENT_3D('',#4011,#2656,#2657);
#2283=AXIS2_PLACEMENT_3D('',#4015,#2660,#2661);
#2284=AXIS2_PLACEMENT_3D('',#4018,#2664,#2665);
#2285=AXIS2_PLACEMENT_3D('',#4035,#2674,#2675);
#2286=AXIS2_PLACEMENT_3D('',#4037,#2677,#2678);
#2287=AXIS2_PLACEMENT_3D('',#4040,#2681,#2682);
#2288=AXIS2_PLACEMENT_3D('',#4046,#2686,#2687);
#2289=AXIS2_PLACEMENT_3D('',#4048,#2689,#2690);
#2290=AXIS2_PLACEMENT_3D('',#4052,#2693,#2694);
#2291=AXIS2_PLACEMENT_3D('',#4054,#2696,#2697);
#2292=AXIS2_PLACEMENT_3D('',#4055,#2698,#2699);
#2293=AXIS2_PLACEMENT_3D('',#4059,#2702,#2703);
#2294=AXIS2_PLACEMENT_3D('',#4061,#2705,#2706);
#2295=AXIS2_PLACEMENT_3D('',#4064,#2709,#2710);
#2296=AXIS2_PLACEMENT_3D('',#4070,#2714,#2715);
#2297=AXIS2_PLACEMENT_3D('',#4072,#2717,#2718);
#2298=AXIS2_PLACEMENT_3D('',#4076,#2721,#2722);
#2299=AXIS2_PLACEMENT_3D('',#4078,#2724,#2725);
#2300=AXIS2_PLACEMENT_3D('',#4079,#2726,#2727);
#2301=AXIS2_PLACEMENT_3D('',#4083,#2730,#2731);
#2302=AXIS2_PLACEMENT_3D('',#4085,#2733,#2734);
#2303=AXIS2_PLACEMENT_3D('',#4087,#2736,#2737);
#2304=AXIS2_PLACEMENT_3D('',#4093,#2741,#2742);
#2305=AXIS2_PLACEMENT_3D('',#4117,#2755,#2756);
#2306=AXIS2_PLACEMENT_3D('',#4120,#2759,#2760);
#2307=AXIS2_PLACEMENT_3D('',#4142,#2772,#2773);
#2308=AXIS2_PLACEMENT_3D('',#4148,#2777,#2778);
#2309=AXIS2_PLACEMENT_3D('',#4152,#2781,#2782);
#2310=AXIS2_PLACEMENT_3D('',#4176,#2796,#2797);
#2311=AXIS2_PLACEMENT_3D('',#4177,#2798,#2799);
#2312=AXIS2_PLACEMENT_3D('',#4179,#2801,#2802);
#2313=AXIS2_PLACEMENT_3D('',#4181,#2804,#2805);
#2314=AXIS2_PLACEMENT_3D('',#4182,#2806,#2807);
#2315=AXIS2_PLACEMENT_3D('',#4185,#2810,#2811);
#2316=AXIS2_PLACEMENT_3D('',#4188,#2814,#2815);
#2317=AXIS2_PLACEMENT_3D('',#4190,#2817,#2818);
#2318=AXIS2_PLACEMENT_3D('',#4192,#2820,#2821);
#2319=AXIS2_PLACEMENT_3D('',#4194,#2823,#2824);
#2320=AXIS2_PLACEMENT_3D('',#4195,#2825,#2826);
#2321=AXIS2_PLACEMENT_3D('',#4197,#2828,#2829);
#2322=AXIS2_PLACEMENT_3D('',#4198,#2830,#2831);
#2323=AXIS2_PLACEMENT_3D('',#4201,#2834,#2835);
#2324=AXIS2_PLACEMENT_3D('',#4204,#2838,#2839);
#2325=AXIS2_PLACEMENT_3D('',#4206,#2841,#2842);
#2326=AXIS2_PLACEMENT_3D('',#4208,#2844,#2845);
#2327=AXIS2_PLACEMENT_3D('',#4210,#2847,#2848);
#2328=AXIS2_PLACEMENT_3D('',#4211,#2849,#2850);
#2329=AXIS2_PLACEMENT_3D('',#4213,#2852,#2853);
#2330=AXIS2_PLACEMENT_3D('',#4214,#2854,#2855);
#2331=AXIS2_PLACEMENT_3D('',#4217,#2857,#2858);
#2332=AXIS2_PLACEMENT_3D('',#4218,#2859,#2860);
#2333=AXIS2_PLACEMENT_3D('',#4224,#2864,#2865);
#2334=AXIS2_PLACEMENT_3D('',#4226,#2867,#2868);
#2335=AXIS2_PLACEMENT_3D('',#4228,#2870,#2871);
#2336=AXIS2_PLACEMENT_3D('',#4229,#2872,#2873);
#2337=AXIS2_PLACEMENT_3D('',#4231,#2875,#2876);
#2338=AXIS2_PLACEMENT_3D('',#4232,#2877,#2878);
#2339=AXIS2_PLACEMENT_3D('',#4233,#2879,#2880);
#2340=DIRECTION('axis',(0.,0.,1.));
#2341=DIRECTION('refdir',(1.,0.,0.));
#2342=DIRECTION('axis',(0.,0.,1.));
#2343=DIRECTION('refdir',(1.,0.,0.));
#2344=DIRECTION('center_axis',(-0.942809041581706,0.333333333334345,-5.06407154340614E-12));
#2345=DIRECTION('ref_axis',(0.333333333334345,0.942809041581706,0.));
#2346=DIRECTION('center_axis',(-0.976771023655532,-3.8619248532998E-15,
-0.214285714285682));
#2347=DIRECTION('ref_axis',(-4.44089209850063E-15,1.,2.22044604925032E-15));
#2348=DIRECTION('center_axis',(0.,-1.,0.));
#2349=DIRECTION('ref_axis',(0.,0.,-1.));
#2350=DIRECTION('center_axis',(-0.820651806648289,0.,-0.571428571428573));
#2351=DIRECTION('ref_axis',(0.,1.,0.));
#2352=DIRECTION('center_axis',(0.,1.,0.));
#2353=DIRECTION('ref_axis',(0.393836540441021,0.,-0.919180493381712));
#2354=DIRECTION('center_axis',(0.,-1.,0.));
#2355=DIRECTION('ref_axis',(0.393836540441021,0.,-0.919180493381712));
#2356=DIRECTION('center_axis',(0.,0.,1.));
#2357=DIRECTION('ref_axis',(0.707106781186546,0.707106781186549,0.));
#2358=DIRECTION('center_axis',(0.,0.,1.));
#2359=DIRECTION('ref_axis',(1.,0.,0.));
#2360=DIRECTION('',(0.,0.,1.));
#2361=DIRECTION('center_axis',(0.,0.,-1.));
#2362=DIRECTION('ref_axis',(0.,1.,0.));
#2363=DIRECTION('',(0.,0.,-1.));
#2364=DIRECTION('center_axis',(0.,0.,1.));
#2365=DIRECTION('ref_axis',(1.,0.,0.));
#2366=DIRECTION('center_axis',(0.,1.,0.));
#2367=DIRECTION('ref_axis',(0.886405260427919,0.,-0.462910049886274));
#2368=DIRECTION('center_axis',(0.,1.,0.));
#2369=DIRECTION('ref_axis',(0.,0.,1.));
#2370=DIRECTION('center_axis',(-0.745355992499931,0.,-0.666666666666665));
#2371=DIRECTION('ref_axis',(-0.666666666666665,0.,0.745355992499931));
#2372=DIRECTION('center_axis',(0.,1.,0.));
#2373=DIRECTION('ref_axis',(0.482036099295735,0.,-0.876151356202655));
#2374=DIRECTION('center_axis',(0.968245836551865,-5.55111512312486E-16,
0.249999999999959));
#2375=DIRECTION('ref_axis',(0.,1.,2.22044604925031E-15));
#2376=DIRECTION('center_axis',(0.,-1.,0.));
#2377=DIRECTION('ref_axis',(0.482036099295735,0.,-0.876151356202656));
#2378=DIRECTION('center_axis',(0.,-1.,0.));
#2379=DIRECTION('ref_axis',(1.,0.,0.));
#2380=DIRECTION('center_axis',(0.,1.,0.));
#2381=DIRECTION('ref_axis',(0.86602540378445,0.,0.499999999999981));
#2382=DIRECTION('center_axis',(0.,-1.,0.));
#2383=DIRECTION('ref_axis',(0.86602540378445,0.,0.499999999999981));
#2384=DIRECTION('',(0.,-1.,0.));
#2385=DIRECTION('',(0.,1.,0.));
#2386=DIRECTION('center_axis',(-0.966091783079295,0.207019667802708,0.154303349962093));
#2387=DIRECTION('ref_axis',(0.258198889747163,0.774596669241483,0.577350269189626));
#2388=DIRECTION('center_axis',(0.,1.,0.));
#2389=DIRECTION('ref_axis',(0.40824829046386,0.,0.912870929175278));
#2390=DIRECTION('center_axis',(0.,-1.,0.));
#2391=DIRECTION('ref_axis',(-0.70710678118654,0.,0.707106781186555));
#2392=DIRECTION('',(0.,-1.,0.));
#2393=DIRECTION('',(0.,1.,0.));
#2394=DIRECTION('',(0.,1.,0.));
#2395=DIRECTION('center_axis',(0.,1.,0.));
#2396=DIRECTION('ref_axis',(1.,0.,0.));
#2397=DIRECTION('',(0.,1.,0.));
#2398=DIRECTION('center_axis',(0.,-1.,0.));
#2399=DIRECTION('ref_axis',(0.299456335174009,0.,-0.954110005882001));
#2400=DIRECTION('center_axis',(0.,0.,-1.));
#2401=DIRECTION('ref_axis',(-0.707106781186548,-0.707106781186548,0.));
#2402=DIRECTION('',(0.,0.,1.));
#2403=DIRECTION('',(0.,0.,-1.));
#2404=DIRECTION('center_axis',(0.,1.,0.));
#2405=DIRECTION('ref_axis',(0.886405260427919,0.,-0.462910049886275));
#2406=DIRECTION('',(0.,-1.,0.));
#2407=DIRECTION('center_axis',(0.,-1.,0.));
#2408=DIRECTION('ref_axis',(0.886405260427919,0.,-0.462910049886274));
#2409=DIRECTION('center_axis',(1.,0.,0.));
#2410=DIRECTION('ref_axis',(0.,0.,-1.));
#2411=DIRECTION('',(0.,1.,0.));
#2412=DIRECTION('center_axis',(0.,1.,0.));
#2413=DIRECTION('ref_axis',(0.408248290463862,0.,0.912870929175277));
#2414=DIRECTION('',(0.,-1.,0.));
#2415=DIRECTION('center_axis',(-3.30739989162413E-30,-1.,-2.97904098389674E-15));
#2416=DIRECTION('ref_axis',(1.,0.,-1.11022302462516E-15));
#2417=DIRECTION('center_axis',(0.,1.,0.));
#2418=DIRECTION('ref_axis',(0.,0.,1.));
#2419=DIRECTION('center_axis',(0.968245836551864,0.,-0.249999999999963));
#2420=DIRECTION('ref_axis',(-0.249999999999963,0.,-0.968245836551864));
#2421=DIRECTION('center_axis',(0.,1.,0.));
#2422=DIRECTION('ref_axis',(0.482036099295735,0.,0.876151356202655));
#2423=DIRECTION('center_axis',(-0.745355992499931,0.,0.666666666666666));
#2424=DIRECTION('ref_axis',(0.,1.,0.));
#2425=DIRECTION('center_axis',(0.,-1.,0.));
#2426=DIRECTION('ref_axis',(0.482036099295735,0.,0.876151356202655));
#2427=DIRECTION('center_axis',(0.,-1.,0.));
#2428=DIRECTION('ref_axis',(0.500000000000037,0.,-0.866025403784417));
#2429=DIRECTION('center_axis',(0.,-1.,0.));
#2430=DIRECTION('ref_axis',(0.86602540378445,0.,-0.499999999999981));
#2431=DIRECTION('center_axis',(0.,-1.,0.));
#2432=DIRECTION('ref_axis',(0.86602540378445,0.,-0.499999999999981));
#2433=DIRECTION('',(0.,-1.,0.));
#2434=DIRECTION('',(0.,1.,0.));
#2435=DIRECTION('center_axis',(0.,0.,1.));
#2436=DIRECTION('ref_axis',(0.707106781186546,0.707106781186549,0.));
#2437=DIRECTION('center_axis',(0.,0.,1.));
#2438=DIRECTION('ref_axis',(1.,0.,0.));
#2439=DIRECTION('',(0.,0.,1.));
#2440=DIRECTION('center_axis',(0.,0.,-1.));
#2441=DIRECTION('ref_axis',(0.,1.,0.));
#2442=DIRECTION('',(0.,0.,-1.));
#2443=DIRECTION('center_axis',(-0.94280904157919,0.333333333341461,4.0278105206645E-11));
#2444=DIRECTION('ref_axis',(4.2721381987576E-11,0.,1.));
#2445=DIRECTION('center_axis',(-0.976771023655532,0.,0.214285714285678));
#2446=DIRECTION('ref_axis',(0.214285714285678,0.,0.976771023655532));
#2447=DIRECTION('center_axis',(0.,-1.,0.));
#2448=DIRECTION('ref_axis',(0.,0.,-1.));
#2449=DIRECTION('center_axis',(-0.820651806648289,0.,0.571428571428573));
#2450=DIRECTION('ref_axis',(0.571428571428573,0.,0.820651806648289));
#2451=DIRECTION('center_axis',(0.,-1.,0.));
#2452=DIRECTION('ref_axis',(0.393836540441021,0.,0.919180493381712));
#2453=DIRECTION('center_axis',(0.,1.,0.));
#2454=DIRECTION('ref_axis',(0.393836540441021,0.,0.919180493381712));
#2455=DIRECTION('center_axis',(0.,0.,1.));
#2456=DIRECTION('ref_axis',(1.,0.,0.));
#2457=DIRECTION('center_axis',(0.,1.,0.));
#2458=DIRECTION('ref_axis',(0.886405260427919,0.,0.462910049886274));
#2459=DIRECTION('center_axis',(-0.966091783079295,0.207019667802708,-0.154303349962093));
#2460=DIRECTION('ref_axis',(0.258198889747163,0.774596669241483,-0.577350269189626));
#2461=DIRECTION('center_axis',(0.,1.,0.));
#2462=DIRECTION('ref_axis',(0.40824829046386,0.,-0.912870929175278));
#2463=DIRECTION('center_axis',(0.,1.,0.));
#2464=DIRECTION('ref_axis',(-1.,0.,-1.22464679914735E-16));
#2465=DIRECTION('center_axis',(0.,-1.,0.));
#2466=DIRECTION('ref_axis',(1.,0.,0.));
#2467=DIRECTION('',(0.,1.,0.));
#2468=DIRECTION('',(0.,-1.,0.));
#2469=DIRECTION('center_axis',(0.,-1.,0.));
#2470=DIRECTION('ref_axis',(1.,0.,0.));
#2471=DIRECTION('',(0.,1.,0.));
#2472=DIRECTION('center_axis',(0.,1.,0.));
#2473=DIRECTION('ref_axis',(-1.,0.,1.22464679914735E-16));
#2474=DIRECTION('center_axis',(0.,1.,0.));
#2475=DIRECTION('ref_axis',(0.408248290463862,0.,-0.912870929175277));
#2476=DIRECTION('',(0.,-1.,0.));
#2477=DIRECTION('center_axis',(1.11022302462513E-15,-1.,2.13497937179266E-14));
#2478=DIRECTION('ref_axis',(-0.666666666666666,-1.66533453693774E-14,-0.745355992499931));
#2479=DIRECTION('center_axis',(1.,0.,0.));
#2480=DIRECTION('ref_axis',(0.,0.,-1.));
#2481=DIRECTION('',(0.,1.,0.));
#2482=DIRECTION('center_axis',(0.,1.,0.));
#2483=DIRECTION('ref_axis',(0.886405260427919,0.,0.462910049886275));
#2484=DIRECTION('',(0.,-1.,0.));
#2485=DIRECTION('center_axis',(0.,1.,0.));
#2486=DIRECTION('ref_axis',(1.,0.,0.));
#2487=DIRECTION('',(0.,1.,0.));
#2488=DIRECTION('center_axis',(0.,-1.,0.));
#2489=DIRECTION('ref_axis',(0.264768170325487,0.,0.964312094698855));
#2490=DIRECTION('center_axis',(0.,1.,0.));
#2491=DIRECTION('ref_axis',(-0.70710678118654,0.,-0.707106781186555));
#2492=DIRECTION('',(0.,-1.,0.));
#2493=DIRECTION('',(0.,-1.,0.));
#2494=DIRECTION('center_axis',(0.,1.,0.));
#2495=DIRECTION('ref_axis',(-1.,0.,0.));
#2496=DIRECTION('center_axis',(0.,0.,-1.));
#2497=DIRECTION('ref_axis',(-0.707106781186548,-0.707106781186548,0.));
#2498=DIRECTION('',(0.,0.,1.));
#2499=DIRECTION('',(0.,0.,-1.));
#2500=DIRECTION('center_axis',(0.,1.,0.));
#2501=DIRECTION('ref_axis',(-1.,0.,0.));
#2502=DIRECTION('center_axis',(0.,-1.,0.));
#2503=DIRECTION('ref_axis',(0.,0.,-1.));
#2504=DIRECTION('center_axis',(1.,3.15975012171889E-15,2.22044604925031E-14));
#2505=DIRECTION('ref_axis',(-2.22044604925031E-14,0.,1.));
#2506=DIRECTION('center_axis',(0.,1.,0.));
#2507=DIRECTION('ref_axis',(0.264768170325487,0.,0.964312094698855));
#2508=DIRECTION('center_axis',(-5.03993452129819E-12,0.184829350964161,
-0.982770629914309));
#2509=DIRECTION('ref_axis',(1.,-5.05817610019222E-12,-6.07958128284737E-12));
#2510=DIRECTION('center_axis',(-0.970142500145326,2.18578598567055E-17,
-0.242535625036358));
#2511=DIRECTION('ref_axis',(0.242535625036358,0.,-0.970142500145326));
#2512=DIRECTION('',(0.,-1.,0.));
#2513=DIRECTION('center_axis',(1.,0.,0.));
#2514=DIRECTION('ref_axis',(0.,0.,-1.));
#2515=DIRECTION('',(0.,0.707106781186547,-0.707106781186548));
#2516=DIRECTION('',(0.,-6.16790569236198E-17,1.));
#2517=DIRECTION('',(0.,1.,0.));
#2518=DIRECTION('',(0.,0.,1.));
#2519=DIRECTION('center_axis',(0.,-1.,0.));
#2520=DIRECTION('ref_axis',(-1.,0.,-6.12323399573676E-17));
#2521=DIRECTION('center_axis',(0.,-1.,0.));
#2522=DIRECTION('ref_axis',(-1.,0.,1.22464679914735E-16));
#2523=DIRECTION('center_axis',(0.,1.,0.));
#2524=DIRECTION('ref_axis',(0.299456335174009,0.,-0.954110005882001));
#2525=DIRECTION('center_axis',(-1.13389667801111E-12,0.184829350966284,
0.982770629913909));
#2526=DIRECTION('ref_axis',(0.0553637607294477,-0.981263306252037,0.184545869098209));
#2527=DIRECTION('center_axis',(-1.,3.8619168154345E-15,2.44249065417535E-14));
#2528=DIRECTION('ref_axis',(-2.44249065417535E-14,0.,-1.));
#2529=DIRECTION('center_axis',(0.,-1.,0.));
#2530=DIRECTION('ref_axis',(0.,0.,-1.));
#2531=DIRECTION('center_axis',(-0.82065180664829,1.05599287922033E-15,-0.571428571428571));
#2532=DIRECTION('ref_axis',(0.571428571428571,0.,-0.82065180664829));
#2533=DIRECTION('center_axis',(-0.970142500145327,-9.34423508874155E-16,
0.242535625036351));
#2534=DIRECTION('ref_axis',(0.030525795527212,-0.992047876226912,0.122103182108835));
#2535=DIRECTION('',(0.,1.,0.));
#2536=DIRECTION('center_axis',(-9.89880415437519E-15,0.759570919578416,
0.650424490721867));
#2537=DIRECTION('ref_axis',(-0.467532467532465,-0.574959574576072,0.67144238725769));
#2538=DIRECTION('center_axis',(0.,0.,1.));
#2539=DIRECTION('ref_axis',(1.,0.,0.));
#2540=DIRECTION('center_axis',(0.,0.,1.));
#2541=DIRECTION('ref_axis',(-1.,0.,0.));
#2542=DIRECTION('center_axis',(-1.53134210293125E-16,0.,1.));
#2543=DIRECTION('ref_axis',(-1.,0.,0.));
#2544=DIRECTION('',(0.,0.,1.));
#2545=DIRECTION('center_axis',(0.,0.,1.));
#2546=DIRECTION('ref_axis',(-1.,0.,0.));
#2547=DIRECTION('center_axis',(0.,0.,-1.));
#2548=DIRECTION('ref_axis',(-1.,0.,0.));
#2549=DIRECTION('center_axis',(0.,0.,-1.));
#2550=DIRECTION('ref_axis',(-1.,0.,0.));
#2551=DIRECTION('center_axis',(-0.70710678118645,0.,-0.707106781186645));
#2552=DIRECTION('ref_axis',(-0.707106781186645,0.,0.70710678118645));
#2553=DIRECTION('',(0.707106781186645,0.,-0.70710678118645));
#2554=DIRECTION('',(0.,-1.,0.));
#2555=DIRECTION('',(-0.707106781186645,0.,0.70710678118645));
#2556=DIRECTION('',(0.,1.,0.));
#2557=DIRECTION('center_axis',(-1.,0.,1.11022302462516E-16));
#2558=DIRECTION('ref_axis',(1.11022302462516E-16,0.,1.));
#2559=DIRECTION('',(0.,0.,-1.));
#2560=DIRECTION('',(-7.85046229341888E-17,0.707106781186548,-0.707106781186548));
#2561=DIRECTION('',(0.,-1.,0.));
#2562=DIRECTION('',(7.85046229341887E-17,0.707106781186548,0.707106781186547));
#2563=DIRECTION('',(0.,6.16790569236198E-17,1.));
#2564=DIRECTION('',(0.,1.,0.));
#2565=DIRECTION('',(0.,0.,-1.));
#2566=DIRECTION('',(0.,-1.,0.));
#2567=DIRECTION('',(0.,6.16790569236198E-17,-1.));
#2568=DIRECTION('',(7.85046229341888E-17,-0.707106781186547,0.707106781186548));
#2569=DIRECTION('',(0.,-1.,0.));
#2570=DIRECTION('',(-7.85046229341888E-17,-0.707106781186547,-0.707106781186548));
#2571=DIRECTION('',(0.,0.,1.));
#2572=DIRECTION('',(0.,-1.,0.));
#2573=DIRECTION('',(0.,0.,-1.));
#2574=DIRECTION('center_axis',(0.,1.,0.));
#2575=DIRECTION('ref_axis',(0.,0.,1.));
#2576=DIRECTION('',(1.,0.,0.));
#2577=DIRECTION('',(-0.70710678118645,0.,-0.707106781186645));
#2578=DIRECTION('',(0.,0.,1.));
#2579=DIRECTION('',(1.,0.,1.53134210293125E-16));
#2580=DIRECTION('',(0.,0.,-1.));
#2581=DIRECTION('',(-1.,0.,0.));
#2582=DIRECTION('',(-2.91433543964103E-15,0.,1.));
#2583=DIRECTION('',(1.,0.,0.));
#2584=DIRECTION('',(0.,0.,1.));
#2585=DIRECTION('',(1.,0.,0.));
#2586=DIRECTION('',(2.77555756156289E-15,0.,-1.));
#2587=DIRECTION('',(-1.,0.,0.));
#2588=DIRECTION('center_axis',(-0.70710678118645,0.,-0.707106781186645));
#2589=DIRECTION('ref_axis',(-0.707106781186645,0.,0.70710678118645));
#2590=DIRECTION('',(-0.707106781186645,0.,0.70710678118645));
#2591=DIRECTION('',(0.707106781186645,-4.36136794078766E-17,-0.70710678118645));
#2592=DIRECTION('',(0.,-1.,0.));
#2593=DIRECTION('center_axis',(0.,-1.,0.));
#2594=DIRECTION('ref_axis',(0.,0.,-1.));
#2595=DIRECTION('',(0.70710678118645,0.,-0.707106781186645));
#2596=DIRECTION('',(1.,0.,0.));
#2597=DIRECTION('',(0.707106781186643,0.,0.707106781186451));
#2598=DIRECTION('',(1.,0.,0.));
#2599=DIRECTION('',(-0.70710678118645,0.,-0.707106781186645));
#2600=DIRECTION('',(0.,0.,1.));
#2601=DIRECTION('',(0.,0.,1.));
#2602=DIRECTION('',(1.,0.,0.));
#2603=DIRECTION('',(2.77555756156289E-15,0.,-1.));
#2604=DIRECTION('',(-1.,0.,0.));
#2605=DIRECTION('',(0.,0.,-1.));
#2606=DIRECTION('',(-1.,0.,0.));
#2607=DIRECTION('',(-2.91433543964103E-15,0.,1.));
#2608=DIRECTION('',(1.,0.,0.));
#2609=DIRECTION('',(0.,0.,1.));
#2610=DIRECTION('',(1.,0.,0.));
#2611=DIRECTION('',(-2.77555756156289E-15,0.,-1.));
#2612=DIRECTION('',(-1.,0.,0.));
#2613=DIRECTION('',(0.,0.,-1.));
#2614=DIRECTION('',(-1.,0.,0.));
#2615=DIRECTION('',(2.91433543964103E-15,0.,1.));
#2616=DIRECTION('',(1.,0.,0.));
#2617=DIRECTION('center_axis',(0.,0.,1.));
#2618=DIRECTION('ref_axis',(0.,-1.,0.));
#2619=DIRECTION('',(1.,0.,0.));
#2620=DIRECTION('',(0.,1.,0.));
#2621=DIRECTION('center_axis',(0.707106781186645,0.,-0.70710678118645));
#2622=DIRECTION('ref_axis',(-0.70710678118645,0.,-0.707106781186645));
#2623=DIRECTION('',(0.70710678118645,4.36136794078886E-17,0.707106781186645));
#2624=DIRECTION('',(0.,-1.,0.));
#2625=DIRECTION('center_axis',(0.707106781186645,0.,-0.70710678118645));
#2626=DIRECTION('ref_axis',(-0.70710678118645,0.,-0.707106781186645));
#2627=DIRECTION('',(0.,1.,0.));
#2628=DIRECTION('',(0.70710678118645,0.,0.707106781186645));
#2629=DIRECTION('',(0.,-1.,0.));
#2630=DIRECTION('center_axis',(1.,0.,0.));
#2631=DIRECTION('ref_axis',(0.,0.,-1.));
#2632=DIRECTION('',(0.,1.,0.));
#2633=DIRECTION('',(0.,-0.707106781186548,0.707106781186548));
#2634=DIRECTION('',(0.,0.,-1.));
#2635=DIRECTION('center_axis',(0.,-4.74373440261249E-17,1.));
#2636=DIRECTION('ref_axis',(0.,1.,4.74373440261249E-17));
#2637=DIRECTION('',(-1.,0.,0.));
#2638=DIRECTION('',(-1.,0.,0.));
#2639=DIRECTION('',(0.,1.,4.74373440261249E-17));
#2640=DIRECTION('center_axis',(-1.,0.,0.));
#2641=DIRECTION('ref_axis',(0.,0.,1.));
#2642=DIRECTION('center_axis',(-1.,0.,0.));
#2643=DIRECTION('ref_axis',(0.,0.,1.));
#2644=DIRECTION('',(0.,-1.,4.74373440261249E-17));
#2645=DIRECTION('',(0.,0.,1.));
#2646=DIRECTION('',(0.,1.,0.));
#2647=DIRECTION('',(0.,0.,-1.));
#2648=DIRECTION('',(0.,1.,0.));
#2649=DIRECTION('',(0.,0.,1.));
#2650=DIRECTION('center_axis',(-1.,0.,0.));
#2651=DIRECTION('ref_axis',(0.,0.,1.));
#2652=DIRECTION('',(-1.,0.,0.));
#2653=DIRECTION('center_axis',(0.,-4.74373440261249E-17,-1.));
#2654=DIRECTION('ref_axis',(0.,-1.,4.74373440261249E-17));
#2655=DIRECTION('',(1.,0.,0.));
#2656=DIRECTION('center_axis',(1.,0.,0.));
#2657=DIRECTION('ref_axis',(0.,0.,-1.));
#2658=DIRECTION('',(0.,-6.16790569236198E-17,-1.));
#2659=DIRECTION('',(0.,-0.707106781186548,-0.707106781186547));
#2660=DIRECTION('center_axis',(1.08282238529916E-16,0.707106781186547,-0.707106781186548));
#2661=DIRECTION('ref_axis',(-1.,0.,-1.53134210293125E-16));
#2662=DIRECTION('',(-1.,-9.44517367362322E-33,-1.53134210293125E-16));
#2663=DIRECTION('',(1.,9.44517367362322E-33,1.53134210293125E-16));
#2664=DIRECTION('center_axis',(0.,-1.,6.16790569236198E-17));
#2665=DIRECTION('ref_axis',(0.,-6.16790569236198E-17,-1.));
#2666=DIRECTION('',(0.,6.16790569236198E-17,1.));
#2667=DIRECTION('',(-1.,0.,0.));
#2668=DIRECTION('',(2.91433543964103E-15,-6.16790569236198E-17,-1.));
#2669=DIRECTION('',(1.,0.,0.));
#2670=DIRECTION('',(0.,-6.16790569236198E-17,-1.));
#2671=DIRECTION('',(1.,0.,0.));
#2672=DIRECTION('',(-2.77555756156289E-15,6.16790569236198E-17,1.));
#2673=DIRECTION('',(-1.,0.,0.));
#2674=DIRECTION('center_axis',(1.08282238529916E-16,-0.707106781186548,
-0.707106781186548));
#2675=DIRECTION('ref_axis',(-1.,0.,-1.53134210293125E-16));
#2676=DIRECTION('',(-1.,0.,-1.53134210293125E-16));
#2677=DIRECTION('center_axis',(-1.,0.,-2.77555756156289E-15));
#2678=DIRECTION('ref_axis',(-2.77555756156289E-15,0.,1.));
#2679=DIRECTION('',(0.,1.,0.));
#2680=DIRECTION('',(0.,1.,0.));
#2681=DIRECTION('center_axis',(-1.,0.,-2.77555756156289E-15));
#2682=DIRECTION('ref_axis',(-2.77555756156289E-15,0.,1.));
#2683=DIRECTION('',(0.,1.,0.));
#2684=DIRECTION('',(-2.77555756156289E-15,0.,1.));
#2685=DIRECTION('',(0.,1.,0.));
#2686=DIRECTION('center_axis',(0.,0.,1.));
#2687=DIRECTION('ref_axis',(1.,0.,0.));
#2688=DIRECTION('',(0.,1.,0.));
#2689=DIRECTION('center_axis',(0.,0.,1.));
#2690=DIRECTION('ref_axis',(1.,0.,0.));
#2691=DIRECTION('',(1.,0.,0.));
#2692=DIRECTION('',(0.,1.,0.));
#2693=DIRECTION('center_axis',(0.,0.,-1.));
#2694=DIRECTION('ref_axis',(-1.,0.,0.));
#2695=DIRECTION('',(0.,1.,0.));
#2696=DIRECTION('center_axis',(1.,0.,0.));
#2697=DIRECTION('ref_axis',(0.,0.,-1.));
#2698=DIRECTION('center_axis',(1.,0.,0.));
#2699=DIRECTION('ref_axis',(0.,0.,-1.));
#2700=DIRECTION('',(0.,0.,-1.));
#2701=DIRECTION('',(0.,1.,0.));
#2702=DIRECTION('center_axis',(0.,0.,-1.));
#2703=DIRECTION('ref_axis',(-1.,0.,0.));
#2704=DIRECTION('',(-1.,0.,0.));
#2705=DIRECTION('center_axis',(1.,0.,2.91433543964103E-15));
#2706=DIRECTION('ref_axis',(2.91433543964103E-15,0.,-1.));
#2707=DIRECTION('',(0.,1.,0.));
#2708=DIRECTION('',(0.,1.,0.));
#2709=DIRECTION('center_axis',(1.,0.,2.91433543964103E-15));
#2710=DIRECTION('ref_axis',(2.91433543964103E-15,0.,-1.));
#2711=DIRECTION('',(0.,1.,0.));
#2712=DIRECTION('',(2.91433543964103E-15,0.,-1.));
#2713=DIRECTION('',(0.,1.,0.));
#2714=DIRECTION('center_axis',(0.,0.,-1.));
#2715=DIRECTION('ref_axis',(-1.,0.,0.));
#2716=DIRECTION('',(0.,1.,0.));
#2717=DIRECTION('center_axis',(0.,0.,-1.));
#2718=DIRECTION('ref_axis',(-1.,0.,0.));
#2719=DIRECTION('',(-1.,0.,0.));
#2720=DIRECTION('',(0.,1.,0.));
#2721=DIRECTION('center_axis',(0.,0.,1.));
#2722=DIRECTION('ref_axis',(1.,0.,0.));
#2723=DIRECTION('',(0.,1.,0.));
#2724=DIRECTION('center_axis',(-1.,0.,0.));
#2725=DIRECTION('ref_axis',(0.,0.,1.));
#2726=DIRECTION('center_axis',(-1.,0.,0.));
#2727=DIRECTION('ref_axis',(0.,0.,1.));
#2728=DIRECTION('',(0.,0.,1.));
#2729=DIRECTION('',(0.,1.,0.));
#2730=DIRECTION('center_axis',(0.,0.,1.));
#2731=DIRECTION('ref_axis',(1.,0.,0.));
#2732=DIRECTION('',(1.,0.,0.));
#2733=DIRECTION('center_axis',(0.,0.,1.));
#2734=DIRECTION('ref_axis',(0.,-1.,0.));
#2735=DIRECTION('',(1.,0.,0.));
#2736=DIRECTION('center_axis',(0.,-0.707106781186548,0.707106781186547));
#2737=DIRECTION('ref_axis',(1.,0.,0.));
#2738=DIRECTION('',(0.,0.707106781186547,0.707106781186548));
#2739=DIRECTION('',(-1.,0.,0.));
#2740=DIRECTION('',(1.,0.,0.));
#2741=DIRECTION('center_axis',(0.,-1.,0.));
#2742=DIRECTION('ref_axis',(0.,0.,-1.));
#2743=DIRECTION('',(0.,0.,-1.));
#2744=DIRECTION('',(0.70710678118645,0.,-0.707106781186645));
#2745=DIRECTION('',(1.,0.,0.));
#2746=DIRECTION('',(0.707106781186643,0.,0.707106781186451));
#2747=DIRECTION('',(0.,0.,-1.));
#2748=DIRECTION('',(-1.,0.,0.));
#2749=DIRECTION('',(2.91433543964103E-15,0.,1.));
#2750=DIRECTION('',(1.,0.,0.));
#2751=DIRECTION('',(0.,0.,1.));
#2752=DIRECTION('',(1.,0.,0.));
#2753=DIRECTION('',(-2.77555756156289E-15,0.,-1.));
#2754=DIRECTION('',(-1.,0.,0.));
#2755=DIRECTION('center_axis',(0.,0.707106781186548,0.707106781186547));
#2756=DIRECTION('ref_axis',(1.,0.,0.));
#2757=DIRECTION('',(1.,0.,0.));
#2758=DIRECTION('',(-1.,0.,0.));
#2759=DIRECTION('center_axis',(0.,1.,6.16790569236198E-17));
#2760=DIRECTION('ref_axis',(0.,-6.16790569236198E-17,1.));
#2761=DIRECTION('',(-0.707106781186643,4.36136794078767E-17,-0.707106781186451));
#2762=DIRECTION('',(1.,0.,0.));
#2763=DIRECTION('',(-0.70710678118645,-4.36136794078886E-17,0.707106781186645));
#2764=DIRECTION('',(0.,-6.16790569236198E-17,1.));
#2765=DIRECTION('',(-1.,0.,0.));
#2766=DIRECTION('',(-2.91433543964103E-15,6.16790569236198E-17,-1.));
#2767=DIRECTION('',(1.,0.,0.));
#2768=DIRECTION('',(0.,6.16790569236198E-17,-1.));
#2769=DIRECTION('',(1.,0.,0.));
#2770=DIRECTION('',(2.77555756156289E-15,-6.16790569236198E-17,1.));
#2771=DIRECTION('',(-1.,0.,0.));
#2772=DIRECTION('center_axis',(0.707106781186645,0.,0.70710678118645));
#2773=DIRECTION('ref_axis',(0.70710678118645,0.,-0.707106781186645));
#2774=DIRECTION('',(-0.70710678118645,0.,0.707106781186645));
#2775=DIRECTION('',(0.,-1.,0.));
#2776=DIRECTION('',(0.,1.,0.));
#2777=DIRECTION('center_axis',(0.,0.,1.));
#2778=DIRECTION('ref_axis',(0.,-1.,0.));
#2779=DIRECTION('',(1.,0.,0.));
#2780=DIRECTION('',(0.,1.,0.));
#2781=DIRECTION('center_axis',(0.,1.,0.));
#2782=DIRECTION('ref_axis',(0.,0.,1.));
#2783=DIRECTION('',(-0.707106781186643,0.,-0.707106781186451));
#2784=DIRECTION('',(0.,0.,1.));
#2785=DIRECTION('',(-1.,0.,0.));
#2786=DIRECTION('',(0.,0.,-1.));
#2787=DIRECTION('',(1.,0.,0.));
#2788=DIRECTION('',(0.,0.,-1.));
#2789=DIRECTION('',(1.,0.,0.));
#2790=DIRECTION('',(2.77555756156289E-15,0.,1.));
#2791=DIRECTION('',(-1.,0.,0.));
#2792=DIRECTION('',(0.,0.,1.));
#2793=DIRECTION('',(-1.,0.,0.));
#2794=DIRECTION('',(-2.91433543964103E-15,0.,-1.));
#2795=DIRECTION('',(1.,0.,0.));
#2796=DIRECTION('center_axis',(-0.707106781186452,0.,0.707106781186644));
#2797=DIRECTION('ref_axis',(0.707106781186643,0.,0.707106781186451));
#2798=DIRECTION('center_axis',(-0.707106781186452,0.,0.707106781186644));
#2799=DIRECTION('ref_axis',(0.707106781186643,0.,0.707106781186451));
#2800=DIRECTION('',(0.,1.,0.));
#2801=DIRECTION('center_axis',(0.,0.,1.));
#2802=DIRECTION('ref_axis',(0.,-1.,0.));
#2803=DIRECTION('',(0.,-1.,0.));
#2804=DIRECTION('center_axis',(0.707106781186645,0.,0.70710678118645));
#2805=DIRECTION('ref_axis',(0.70710678118645,0.,-0.707106781186645));
#2806=DIRECTION('center_axis',(1.,0.,-2.77555756156289E-15));
#2807=DIRECTION('ref_axis',(-2.77555756156289E-15,0.,-1.));
#2808=DIRECTION('',(0.,1.,0.));
#2809=DIRECTION('',(0.,1.,0.));
#2810=DIRECTION('center_axis',(1.,0.,-2.77555756156289E-15));
#2811=DIRECTION('ref_axis',(-2.77555756156289E-15,0.,-1.));
#2812=DIRECTION('',(0.,1.,0.));
#2813=DIRECTION('',(0.,1.,0.));
#2814=DIRECTION('center_axis',(0.,0.,-1.));
#2815=DIRECTION('ref_axis',(-1.,0.,0.));
#2816=DIRECTION('',(0.,1.,0.));
#2817=DIRECTION('center_axis',(0.,0.,-1.));
#2818=DIRECTION('ref_axis',(-1.,0.,0.));
#2819=DIRECTION('',(0.,1.,0.));
#2820=DIRECTION('center_axis',(0.,0.,1.));
#2821=DIRECTION('ref_axis',(1.,0.,0.));
#2822=DIRECTION('',(0.,1.,0.));
#2823=DIRECTION('center_axis',(-1.,0.,0.));
#2824=DIRECTION('ref_axis',(0.,0.,1.));
#2825=DIRECTION('center_axis',(-1.,0.,0.));
#2826=DIRECTION('ref_axis',(0.,0.,1.));
#2827=DIRECTION('',(0.,1.,0.));
#2828=DIRECTION('center_axis',(0.,0.,1.));
#2829=DIRECTION('ref_axis',(1.,0.,0.));
#2830=DIRECTION('center_axis',(-1.,0.,2.91433543964103E-15));
#2831=DIRECTION('ref_axis',(2.91433543964103E-15,0.,1.));
#2832=DIRECTION('',(0.,1.,0.));
#2833=DIRECTION('',(0.,1.,0.));
#2834=DIRECTION('center_axis',(-1.,0.,2.91433543964103E-15));
#2835=DIRECTION('ref_axis',(2.91433543964103E-15,0.,1.));
#2836=DIRECTION('',(0.,1.,0.));
#2837=DIRECTION('',(0.,1.,0.));
#2838=DIRECTION('center_axis',(0.,0.,1.));
#2839=DIRECTION('ref_axis',(1.,0.,0.));
#2840=DIRECTION('',(0.,1.,0.));
#2841=DIRECTION('center_axis',(0.,0.,1.));
#2842=DIRECTION('ref_axis',(1.,0.,0.));
#2843=DIRECTION('',(0.,1.,0.));
#2844=DIRECTION('center_axis',(0.,0.,-1.));
#2845=DIRECTION('ref_axis',(-1.,0.,0.));
#2846=DIRECTION('',(0.,1.,0.));
#2847=DIRECTION('center_axis',(1.,0.,0.));
#2848=DIRECTION('ref_axis',(0.,0.,-1.));
#2849=DIRECTION('center_axis',(1.,0.,0.));
#2850=DIRECTION('ref_axis',(0.,0.,-1.));
#2851=DIRECTION('',(0.,1.,0.));
#2852=DIRECTION('center_axis',(0.,0.,-1.));
#2853=DIRECTION('ref_axis',(-1.,0.,0.));
#2854=DIRECTION('center_axis',(0.,0.,1.));
#2855=DIRECTION('ref_axis',(-1.,0.,0.));
#2856=DIRECTION('',(0.,0.,1.));
#2857=DIRECTION('center_axis',(0.,0.,-1.));
#2858=DIRECTION('ref_axis',(-1.,0.,0.));
#2859=DIRECTION('center_axis',(0.,-1.,0.));
#2860=DIRECTION('ref_axis',(1.,0.,0.));
#2861=DIRECTION('',(-1.,0.,0.));
#2862=DIRECTION('',(0.,0.,1.));
#2863=DIRECTION('',(1.,0.,0.));
#2864=DIRECTION('center_axis',(0.,0.,1.));
#2865=DIRECTION('ref_axis',(1.,0.,0.));
#2866=DIRECTION('',(0.,1.,0.));
#2867=DIRECTION('center_axis',(1.,0.,0.));
#2868=DIRECTION('ref_axis',(0.,0.,-1.));
#2869=DIRECTION('',(0.,1.,0.));
#2870=DIRECTION('center_axis',(0.,0.,-1.));
#2871=DIRECTION('ref_axis',(-1.,0.,0.));
#2872=DIRECTION('center_axis',(0.,0.,1.));
#2873=DIRECTION('ref_axis',(1.,0.,0.));
#2874=DIRECTION('',(0.,-1.,0.));
#2875=DIRECTION('center_axis',(1.53134210293125E-16,0.,-1.));
#2876=DIRECTION('ref_axis',(-1.,0.,-1.53134210293125E-16));
#2877=DIRECTION('center_axis',(1.,0.,0.));
#2878=DIRECTION('ref_axis',(0.,0.,-1.));
#2879=DIRECTION('',(0.,0.,1.));
#2880=DIRECTION('',(1.,0.,0.));
#2881=CARTESIAN_POINT('',(0.,0.,0.));
#2882=CARTESIAN_POINT('',(0.,0.,0.));
#2883=CARTESIAN_POINT('Ctrl Pts',(14.5,28.,-20.));
#2884=CARTESIAN_POINT('Ctrl Pts',(14.5,27.9968587277029,-19.9971145571504));
#2885=CARTESIAN_POINT('Ctrl Pts',(14.5000020476816,27.9937172824241,-19.9942289949668));
#2886=CARTESIAN_POINT('Ctrl Pts',(14.5006429541655,27.4046517211606,-19.4531272992484));
#2887=CARTESIAN_POINT('Ctrl Pts',(14.6318825997886,26.2236098059583,-18.3684636523814));
#2888=CARTESIAN_POINT('Ctrl Pts',(15.2261228564745,24.5012631412259,-16.8166887117246));
#2889=CARTESIAN_POINT('Ctrl Pts',(16.2570420617264,22.869205628436,-15.4196716441617));
#2890=CARTESIAN_POINT('Ctrl Pts',(17.7686272556819,21.4259720540461,-14.3294478936964));
#2891=CARTESIAN_POINT('Ctrl Pts',(19.1201118018369,20.709689558049,-14.0000000000012));
#2892=CARTESIAN_POINT('Ctrl Pts',(19.8333333333252,20.4575276673464,-14.));
#2893=CARTESIAN_POINT('Ctrl Pts',(14.5,28.,-20.));
#2894=CARTESIAN_POINT('Ctrl Pts',(14.5000004622004,27.9967842825378,-19.9972063690722));
#2895=CARTESIAN_POINT('Ctrl Pts',(14.5000017238595,27.9935673352124,-19.9944119945845));
#2896=CARTESIAN_POINT('Ctrl Pts',(14.5006682695783,27.3905025983821,-19.47049529973));
#2897=CARTESIAN_POINT('Ctrl Pts',(14.6382796466063,26.1812718303914,-18.4202633407792));
#2898=CARTESIAN_POINT('Ctrl Pts',(15.2584881995136,24.4284384355332,-16.9241817445374));
#2899=CARTESIAN_POINT('Ctrl Pts',(16.3213837285234,22.789141892076,-15.5913779662349));
#2900=CARTESIAN_POINT('Ctrl Pts',(17.8458055313254,21.374784902698,-14.5759683926083));
#2901=CARTESIAN_POINT('Ctrl Pts',(19.1568665267736,20.6968730445887,-14.2906409833999));
#2902=CARTESIAN_POINT('Ctrl Pts',(19.8333333333256,20.4575276673462,-14.2991993003418));
#2903=CARTESIAN_POINT('Ctrl Pts',(14.5,28.,-20.));
#2904=CARTESIAN_POINT('Ctrl Pts',(14.500000681388,27.9966532886863,-19.9973670536988));
#2905=CARTESIAN_POINT('Ctrl Pts',(14.5000015542191,27.9933056701678,-19.9947321986436));
#2906=CARTESIAN_POINT('Ctrl Pts',(14.5006889213755,27.3656837312477,-19.5009122540407));
#2907=CARTESIAN_POINT('Ctrl Pts',(14.6414061971321,26.1072758518227,-18.5108075831336));
#2908=CARTESIAN_POINT('Ctrl Pts',(15.2743787047466,24.2853857981588,-17.1123337572973));
#2909=CARTESIAN_POINT('Ctrl Pts',(16.3494651127844,22.5881719324363,-15.8912296510883));
#2910=CARTESIAN_POINT('Ctrl Pts',(17.865142316242,21.1392197307086,-15.005356378556));
#2911=CARTESIAN_POINT('Ctrl Pts',(19.1179192628037,20.460275728962,-14.7943334775633));
#2912=CARTESIAN_POINT('Ctrl Pts',(19.7495962069169,20.2206833076619,-14.8171013020924));
#2913=CARTESIAN_POINT('Ctrl Pts',(14.5,28.,-20.));
#2914=CARTESIAN_POINT('Ctrl Pts',(14.5000002607816,27.9965222131935,-19.997527146754));
#2915=CARTESIAN_POINT('Ctrl Pts',(14.5000018106352,27.9930440870331,-19.9950530283093));
#2916=CARTESIAN_POINT('Ctrl Pts',(14.5006207958952,27.3408638549657,-19.5312796639136));
#2917=CARTESIAN_POINT('Ctrl Pts',(14.6308232406401,26.0332895255952,-18.6014930473083));
#2918=CARTESIAN_POINT('Ctrl Pts',(15.2176650605477,24.1303476493137,-17.2810396699677));
#2919=CARTESIAN_POINT('Ctrl Pts',(16.2245022982009,22.3359453563478,-16.1117795948064));
#2920=CARTESIAN_POINT('Ctrl Pts',(17.6721422267286,20.7645960549438,-15.2311603417484));
#2921=CARTESIAN_POINT('Ctrl Pts',(18.9249104662352,19.9967304049243,-14.9899135976187));
#2922=CARTESIAN_POINT('Ctrl Pts',(19.5747998250781,19.7262844799625,-14.9999999999999));
#2923=CARTESIAN_POINT('Ctrl Pts',(14.5,28.,-20.));
#2924=CARTESIAN_POINT('Ctrl Pts',(14.5,27.9964660686661,-19.9975954642923));
#2925=CARTESIAN_POINT('Ctrl Pts',(14.5000019197015,27.9929319427271,-19.995190829139));
#2926=CARTESIAN_POINT('Ctrl Pts',(14.5006027695302,27.330233186306,-19.5442727493738));
#2927=CARTESIAN_POINT('Ctrl Pts',(14.6236399373018,26.0015610317031,-18.6403863769845));
#2928=CARTESIAN_POINT('Ctrl Pts',(15.1807401779449,24.0639210338792,-17.3472405931039));
#2929=CARTESIAN_POINT('Ctrl Pts',(16.1472269328686,22.2278563319905,-16.1830597034681));
#2930=CARTESIAN_POINT('Ctrl Pts',(17.5643380522018,20.6042185608019,-15.2745399114137));
#2931=CARTESIAN_POINT('Ctrl Pts',(18.8313548142222,19.7984007528051,-15.000000000001));
#2932=CARTESIAN_POINT('Ctrl Pts',(19.4999999999924,19.5147186257646,-15.));
#2933=CARTESIAN_POINT('',(19.8333333333252,20.4575276673464,-14.));
#2934=CARTESIAN_POINT('',(19.4999999999963,19.5147186257647,-15.));
#2935=CARTESIAN_POINT('Origin',(19.4999999999909,19.5147186257647,-14.));
#2936=CARTESIAN_POINT('',(14.5,28.,-20.));
#2937=CARTESIAN_POINT('Ctrl Pts',(19.4999999999924,19.5147186257646,-15.));
#2938=CARTESIAN_POINT('Ctrl Pts',(18.8313548142222,19.7984007528051,-15.000000000001));
#2939=CARTESIAN_POINT('Ctrl Pts',(17.5643380522018,20.6042185608019,-15.2745399114137));
#2940=CARTESIAN_POINT('Ctrl Pts',(16.1472269328686,22.2278563319905,-16.1830597034681));
#2941=CARTESIAN_POINT('Ctrl Pts',(15.1807401779449,24.0639210338792,-17.3472405931039));
#2942=CARTESIAN_POINT('Ctrl Pts',(14.6236399373018,26.0015610317031,-18.6403863769845));
#2943=CARTESIAN_POINT('Ctrl Pts',(14.5006027695302,27.330233186306,-19.5442727493738));
#2944=CARTESIAN_POINT('Ctrl Pts',(14.5000019197015,27.9929319427271,-19.995190829139));
#2945=CARTESIAN_POINT('Ctrl Pts',(14.5,27.9964660686661,-19.9975954642923));
#2946=CARTESIAN_POINT('Ctrl Pts',(14.5,28.,-20.));
#2947=CARTESIAN_POINT('Ctrl Pts',(14.5,28.,-20.));
#2948=CARTESIAN_POINT('Ctrl Pts',(14.5,27.9968587277029,-19.9971145571504));
#2949=CARTESIAN_POINT('Ctrl Pts',(14.5000020476816,27.9937172824241,-19.9942289949668));
#2950=CARTESIAN_POINT('Ctrl Pts',(14.5006429541655,27.4046517211606,-19.4531272992484));
#2951=CARTESIAN_POINT('Ctrl Pts',(14.6318825997886,26.2236098059583,-18.3684636523814));
#2952=CARTESIAN_POINT('Ctrl Pts',(15.2261228564745,24.5012631412259,-16.8166887117246));
#2953=CARTESIAN_POINT('Ctrl Pts',(16.2570420617264,22.869205628436,-15.4196716441617));
#2954=CARTESIAN_POINT('Ctrl Pts',(17.7686272556819,21.4259720540461,-14.3294478936964));
#2955=CARTESIAN_POINT('Ctrl Pts',(19.1201118018369,20.709689558049,-14.0000000000012));
#2956=CARTESIAN_POINT('Ctrl Pts',(19.8333333333252,20.4575276673464,-14.));
#2957=CARTESIAN_POINT('Ctrl Pts',(19.8333333333287,20.4575276673451,-14.));
#2958=CARTESIAN_POINT('Ctrl Pts',(20.6942454241439,20.1531492786341,-14.0000000000004));
#2959=CARTESIAN_POINT('Ctrl Pts',(21.6080760290418,20.,-13.8949251301556));
#2960=CARTESIAN_POINT('Ctrl Pts',(22.5,20.,-13.6747943311774));
#2961=CARTESIAN_POINT('Ctrl Pts',(19.8333333333286,20.4575276673452,-14.2991993003419));
#2962=CARTESIAN_POINT('Ctrl Pts',(20.7123197696233,20.146567052099,-14.2947116907157));
#2963=CARTESIAN_POINT('Ctrl Pts',(21.6500129361456,19.9926333910372,-14.1873579540152));
#2964=CARTESIAN_POINT('Ctrl Pts',(22.5641141357876,20.,-13.9670435380494));
#2965=CARTESIAN_POINT('Ctrl Pts',(19.7496002538854,20.2206947542105,-14.8171158694596));
#2966=CARTESIAN_POINT('Ctrl Pts',(20.6904793651292,19.8963891660943,-14.8054847460317));
#2967=CARTESIAN_POINT('Ctrl Pts',(21.693956156222,19.7374416701201,-14.6941308837162));
#2968=CARTESIAN_POINT('Ctrl Pts',(22.6750962577413,19.7488007616714,-14.4729294354346));
#2969=CARTESIAN_POINT('Ctrl Pts',(19.57479982508,19.7262844799613,-15.));
#2970=CARTESIAN_POINT('Ctrl Pts',(20.5873748711755,19.3893001306772,-14.9947764386927));
#2971=CARTESIAN_POINT('Ctrl Pts',(21.6629481102263,19.2210160722254,-14.8821465453671));
#2972=CARTESIAN_POINT('Ctrl Pts',(22.7142857142857,19.2243994752564,-14.651565354833));
#2973=CARTESIAN_POINT('Ctrl Pts',(19.4999999999944,19.5147186257633,-15.));
#2974=CARTESIAN_POINT('Ctrl Pts',(20.5377065380306,19.1722929384633,-15.0000000000004));
#2975=CARTESIAN_POINT('Ctrl Pts',(21.6391987850057,19.,-14.8874197823095));
#2976=CARTESIAN_POINT('Ctrl Pts',(22.7142857142857,19.,-14.651565354833));
#2977=CARTESIAN_POINT('',(22.5,20.,-13.6747943311774));
#2978=CARTESIAN_POINT('',(22.7142857142857,19.,-14.651565354833));
#2979=CARTESIAN_POINT('Origin',(22.5,19.,-13.6747943311774));
#2980=CARTESIAN_POINT('Ctrl Pts',(22.7142857142857,19.,-14.651565354833));
#2981=CARTESIAN_POINT('Ctrl Pts',(21.6391987850057,19.,-14.8874197823095));
#2982=CARTESIAN_POINT('Ctrl Pts',(20.5377065380306,19.1722929384633,-15.0000000000004));
#2983=CARTESIAN_POINT('Ctrl Pts',(19.4999999999944,19.5147186257633,-15.));
#2984=CARTESIAN_POINT('Ctrl Pts',(19.8333333333287,20.4575276673451,-14.));
#2985=CARTESIAN_POINT('Ctrl Pts',(20.6942454241439,20.1531492786341,-14.0000000000004));
#2986=CARTESIAN_POINT('Ctrl Pts',(21.6080760290418,20.,-13.8949251301556));
#2987=CARTESIAN_POINT('Ctrl Pts',(22.5,20.,-13.6747943311774));
#2988=CARTESIAN_POINT('Origin',(19.5000000000005,19.,0.));
#2989=CARTESIAN_POINT('',(27.5000000000005,20.,-11.4891252930761));
#2990=CARTESIAN_POINT('',(28.071428571429,19.,-12.3097770997243));
#2991=CARTESIAN_POINT('Origin',(27.5000000000005,19.,-11.4891252930761));
#2992=CARTESIAN_POINT('Origin',(19.5000000000005,19.,0.));
#2993=CARTESIAN_POINT('Origin',(19.5000000000005,20.,0.));
#2994=CARTESIAN_POINT('Origin',(27.5000000000005,19.,-10.1483456376682));
#2995=CARTESIAN_POINT('',(28.5000000000005,19.,-11.4891252930761));
#2996=CARTESIAN_POINT('Origin',(27.5000000000005,19.,-11.4891252930761));
#2997=CARTESIAN_POINT('',(27.5000000000005,20.,-8.94427190999916));
#2998=CARTESIAN_POINT('',(27.5000000000005,20.,-10.1483456376682));
#2999=CARTESIAN_POINT('',(28.5000000000005,19.,-8.94427190999916));
#3000=CARTESIAN_POINT('Origin',(27.5000000000005,19.,-8.94427190999916));
#3001=CARTESIAN_POINT('',(28.5000000000005,19.,-10.1483456376682));
#3002=CARTESIAN_POINT('Origin',(27.5000000000005,19.,-11.4891252930761));
#3003=CARTESIAN_POINT('Origin',(27.5000000000005,19.,-11.4891252930761));
#3004=CARTESIAN_POINT('Origin',(19.5000000000005,19.,0.));
#3005=CARTESIAN_POINT('',(26.8333333333338,19.,-8.19891591749923));
#3006=CARTESIAN_POINT('Origin',(27.5000000000005,19.,-8.94427190999916));
#3007=CARTESIAN_POINT('',(22.5,20.,-11.6189500386224));
#3008=CARTESIAN_POINT('Origin',(19.5000000000005,20.,0.));
#3009=CARTESIAN_POINT('',(22.25,19.,-10.6507042020705));
#3010=CARTESIAN_POINT('Origin',(22.5,19.,-11.6189500386224));
#3011=CARTESIAN_POINT('Origin',(19.5000000000005,19.,0.));
#3012=CARTESIAN_POINT('Ctrl Pts',(14.,28.,-9.52627944162858));
#3013=CARTESIAN_POINT('Ctrl Pts',(14.,27.3185547793015,-9.52627944162858));
#3014=CARTESIAN_POINT('Ctrl Pts',(14.2181864828285,25.2705736345484,-9.6524399811854));
#3015=CARTESIAN_POINT('Ctrl Pts',(15.5775721630237,22.2139406230231,-10.375810874901));
#3016=CARTESIAN_POINT('Ctrl Pts',(18.0241806644698,20.0594720778191,-11.0079585553891));
#3017=CARTESIAN_POINT('Ctrl Pts',(20.4092091192396,19.1464808490836,-11.0137945703216));
#3018=CARTESIAN_POINT('Ctrl Pts',(21.6451773770355,19.,-10.8068687318139));
#3019=CARTESIAN_POINT('Ctrl Pts',(22.25,19.,-10.6507042020705));
#3020=CARTESIAN_POINT('Ctrl Pts',(14.1727427965938,28.,-9.62601254174255));
#3021=CARTESIAN_POINT('Ctrl Pts',(14.1727427965938,27.3360089018902,-9.62601254174255));
#3022=CARTESIAN_POINT('Ctrl Pts',(14.3928329020538,25.3403787061002,-9.74870929068217));
#3023=CARTESIAN_POINT('Ctrl Pts',(15.7666573614503,22.3723970925189,-10.4464457614181));
#3024=CARTESIAN_POINT('Ctrl Pts',(18.1784696703027,20.3142252865837,-11.0219798905046));
#3025=CARTESIAN_POINT('Ctrl Pts',(20.4772789858799,19.4472093975139,-11.0034112660826));
#3026=CARTESIAN_POINT('Ctrl Pts',(21.6659701525765,19.3027660047551,-10.8013514848028));
#3027=CARTESIAN_POINT('Ctrl Pts',(22.25,19.2991993003419,-10.6507042020705));
#3028=CARTESIAN_POINT('Ctrl Pts',(14.420519723956,28.,-9.89348282107415));
#3029=CARTESIAN_POINT('Ctrl Pts',(14.420519723956,27.3664414161538,-9.89348282107415));
#3030=CARTESIAN_POINT('Ctrl Pts',(14.6421292090335,25.462680451273,-10.017041763633));
#3031=CARTESIAN_POINT('Ctrl Pts',(16.0295654541118,22.6496301660318,-10.7216661038851));
#3032=CARTESIAN_POINT('Ctrl Pts',(18.4066764091492,20.7563663511852,-11.2820268009345));
#3033=CARTESIAN_POINT('Ctrl Pts',(20.6155196838388,19.9665156013381,-11.2496863916132));
#3034=CARTESIAN_POINT('Ctrl Pts',(21.7518087411646,19.8263675998904,-11.0452262811135));
#3035=CARTESIAN_POINT('Ctrl Pts',(22.312798259982,19.8171233066664,-10.8939208171514));
#3036=CARTESIAN_POINT('Ctrl Pts',(14.5,28.,-10.2427051952421));
#3037=CARTESIAN_POINT('Ctrl Pts',(14.5,27.3877430324277,-10.2427051952421));
#3038=CARTESIAN_POINT('Ctrl Pts',(14.7155973877947,25.5475574673082,-10.3760973175825));
#3039=CARTESIAN_POINT('Ctrl Pts',(16.0610153204577,22.8157595270194,-11.139925047803));
#3040=CARTESIAN_POINT('Ctrl Pts',(18.43132719387,20.9311310886543,-11.7909059568592));
#3041=CARTESIAN_POINT('Ctrl Pts',(20.6980749829831,20.1375171867228,-11.7857337647906));
#3042=CARTESIAN_POINT('Ctrl Pts',(21.8691292654983,20.0041516309839,-11.5663450808319));
#3043=CARTESIAN_POINT('Ctrl Pts',(22.4439001311859,20.,-11.4016761809809));
#3044=CARTESIAN_POINT('Ctrl Pts',(14.5,28.,-10.392304845413));
#3045=CARTESIAN_POINT('Ctrl Pts',(14.5,27.3942709149349,-10.392304845413));
#3046=CARTESIAN_POINT('Ctrl Pts',(14.7115747712276,25.5738432307097,-10.5299345249295));
#3047=CARTESIAN_POINT('Ctrl Pts',(16.0297669459623,22.8568361093539,-11.3190664089829));
#3048=CARTESIAN_POINT('Ctrl Pts',(18.4022357958495,20.9417529580614,-12.0086820604244));
#3049=CARTESIAN_POINT('Ctrl Pts',(20.7149906610808,20.1302051991854,-12.015048622169));
#3050=CARTESIAN_POINT('Ctrl Pts',(21.9135053353072,20.,-11.7893113437969));
#3051=CARTESIAN_POINT('Ctrl Pts',(22.5,20.,-11.6189500386224));
#3052=CARTESIAN_POINT('',(14.5,28.,-10.392304845413));
#3053=CARTESIAN_POINT('Ctrl Pts',(22.5,20.,-11.6189500386224));
#3054=CARTESIAN_POINT('Ctrl Pts',(21.9135053353072,20.,-11.7893113437969));
#3055=CARTESIAN_POINT('Ctrl Pts',(20.7149906610808,20.1302051991854,-12.015048622169));
#3056=CARTESIAN_POINT('Ctrl Pts',(18.4022357958495,20.9417529580614,-12.0086820604244));
#3057=CARTESIAN_POINT('Ctrl Pts',(16.0297669459623,22.8568361093539,-11.3190664089829));
#3058=CARTESIAN_POINT('Ctrl Pts',(14.7115747712276,25.5738432307097,-10.5299345249295));
#3059=CARTESIAN_POINT('Ctrl Pts',(14.5,27.3942709149349,-10.392304845413));
#3060=CARTESIAN_POINT('Ctrl Pts',(14.5,28.,-10.392304845413));
#3061=CARTESIAN_POINT('',(14.,28.,-9.52627944162858));
#3062=CARTESIAN_POINT('Origin',(13.5,28.,-10.392304845413));
#3063=CARTESIAN_POINT('Ctrl Pts',(14.,28.,-9.52627944162858));
#3064=CARTESIAN_POINT('Ctrl Pts',(14.,27.3185547793015,-9.52627944162858));
#3065=CARTESIAN_POINT('Ctrl Pts',(14.2181864828285,25.2705736345484,-9.6524399811854));
#3066=CARTESIAN_POINT('Ctrl Pts',(15.5775721630237,22.2139406230231,-10.375810874901));
#3067=CARTESIAN_POINT('Ctrl Pts',(18.0241806644698,20.0594720778191,-11.0079585553891));
#3068=CARTESIAN_POINT('Ctrl Pts',(20.4092091192396,19.1464808490836,-11.0137945703216));
#3069=CARTESIAN_POINT('Ctrl Pts',(21.6451773770355,19.,-10.8068687318139));
#3070=CARTESIAN_POINT('Ctrl Pts',(22.25,19.,-10.6507042020705));
#3071=CARTESIAN_POINT('Origin',(13.5,-7.,-10.392304845413));
#3072=CARTESIAN_POINT('',(14.5,45.,-10.392304845413));
#3073=CARTESIAN_POINT('',(14.,45.,-9.52627944162858));
#3074=CARTESIAN_POINT('Origin',(13.5,45.,-10.392304845413));
#3075=CARTESIAN_POINT('',(14.,-7.,-9.52627944162858));
#3076=CARTESIAN_POINT('',(14.5,-7.,-10.392304845413));
#3077=CARTESIAN_POINT('Origin',(27.5000000000005,19.,-8.94427190999916));
#3078=CARTESIAN_POINT('Origin',(27.5000000000005,19.,-8.94427190999916));
#3079=CARTESIAN_POINT('Origin',(19.5,-7.,-20.));
#3080=CARTESIAN_POINT('',(19.5000000000001,-1.32455532033676,-15.));
#3081=CARTESIAN_POINT('',(19.5000000000001,-7.,-15.));
#3082=CARTESIAN_POINT('',(14.5,-5.79389636877355,-20.0000000000053));
#3083=CARTESIAN_POINT('Ctrl Pts',(14.5,-5.79389636877241,-20.0000000000055));
#3084=CARTESIAN_POINT('Ctrl Pts',(14.4999999999991,-5.60815317297902,-19.1769752451089));
#3085=CARTESIAN_POINT('Ctrl Pts',(14.9264782479122,-4.93860976448204,-17.5920112861848));
#3086=CARTESIAN_POINT('Ctrl Pts',(16.2146296968935,-3.41955848276861,-16.0948908629388));
#3087=CARTESIAN_POINT('Ctrl Pts',(17.4046409628882,-2.24041382447768,-15.4149041355746));
#3088=CARTESIAN_POINT('Ctrl Pts',(18.4657911200492,-1.52976255551235,-15.0817047013093));
#3089=CARTESIAN_POINT('Ctrl Pts',(19.0813199996788,-1.32455532033676,-15.));
#3090=CARTESIAN_POINT('Ctrl Pts',(19.5000000000001,-1.32455532033676,-15.));
#3091=CARTESIAN_POINT('',(14.5,1.,-20.));
#3092=CARTESIAN_POINT('',(14.5,-7.,-20.));
#3093=CARTESIAN_POINT('',(14.5,0.,-20.));
#3094=CARTESIAN_POINT('Origin',(19.5000000000005,-7.,0.));
#3095=CARTESIAN_POINT('',(28.071428571429,-1.32455532033675,-12.3097770997243));
#3096=CARTESIAN_POINT('',(28.071428571429,-7.,-12.3097770997243));
#3097=CARTESIAN_POINT('Origin',(19.5000000000005,-1.32455532033675,0.));
#3098=CARTESIAN_POINT('Origin',(22.5,28.,3.01393202250021));
#3099=CARTESIAN_POINT('',(14.5,28.,3.01393202250021));
#3100=CARTESIAN_POINT('',(22.5,20.,3.01393202250021));
#3101=CARTESIAN_POINT('Origin',(27.5000000000005,-7.,-11.4891252930761));
#3102=CARTESIAN_POINT('',(28.5000000000005,-1.32455532033679,-11.4891252930761));
#3103=CARTESIAN_POINT('',(28.5000000000005,-7.,-11.4891252930761));
#3104=CARTESIAN_POINT('Origin',(27.5000000000005,-1.32455532033675,-11.4891252930761));
#3105=CARTESIAN_POINT('Origin',(28.5000000000005,-7.,-6.32455532033676));
#3106=CARTESIAN_POINT('',(28.5000000000005,5.,-8.94427190999916));
#3107=CARTESIAN_POINT('',(28.5000000000005,-7.,-8.94427190999916));
#3108=CARTESIAN_POINT('Ctrl Pts',(28.5000000000005,-1.32455532033679,-11.4891252930761));
#3109=CARTESIAN_POINT('Ctrl Pts',(28.5000000000005,-0.56903594860368,-10.8421701636423));
#3110=CARTESIAN_POINT('Ctrl Pts',(28.5000000000005,1.37078509797198,-9.53321369061198));
#3111=CARTESIAN_POINT('Ctrl Pts',(28.5000000000005,3.67377866062866,-8.94427190999916));
#3112=CARTESIAN_POINT('Ctrl Pts',(28.5000000000005,5.,-8.94427190999916));
#3113=CARTESIAN_POINT('Origin',(27.5000000000005,-7.,-8.94427190999916));
#3114=CARTESIAN_POINT('',(26.8333333333338,5.,-8.19891591749923));
#3115=CARTESIAN_POINT('',(26.8333333333338,-7.,-8.19891591749923));
#3116=CARTESIAN_POINT('Origin',(27.5000000000005,5.,-8.94427190999916));
#3117=CARTESIAN_POINT('Origin',(19.5000000000005,19.,0.));
#3118=CARTESIAN_POINT('',(22.25,19.,10.6507042020705));
#3119=CARTESIAN_POINT('',(22.5,20.,11.6189500386224));
#3120=CARTESIAN_POINT('Origin',(22.5,19.,11.6189500386224));
#3121=CARTESIAN_POINT('',(27.5000000000005,20.,8.94427190999916));
#3122=CARTESIAN_POINT('Origin',(19.5000000000005,20.,0.));
#3123=CARTESIAN_POINT('',(26.8333333333338,19.,8.19891591749923));
#3124=CARTESIAN_POINT('Origin',(27.5000000000005,19.,8.94427190999916));
#3125=CARTESIAN_POINT('Origin',(19.5000000000005,19.,0.));
#3126=CARTESIAN_POINT('Ctrl Pts',(22.25,19.,10.6507042020705));
#3127=CARTESIAN_POINT('Ctrl Pts',(21.6451773770356,19.,10.8068687318139));
#3128=CARTESIAN_POINT('Ctrl Pts',(19.7811867440246,19.2166811590245,11.1223770852242));
#3129=CARTESIAN_POINT('Ctrl Pts',(16.8964404952468,20.7574822408881,10.8330938781924));
#3130=CARTESIAN_POINT('Ctrl Pts',(14.5858571551613,23.9392944466318,9.89252491588646));
#3131=CARTESIAN_POINT('Ctrl Pts',(14.,26.6371095586031,9.52627944162858));
#3132=CARTESIAN_POINT('Ctrl Pts',(14.,28.,9.52627944162858));
#3133=CARTESIAN_POINT('Ctrl Pts',(22.25,19.2991993003419,10.6507042020705));
#3134=CARTESIAN_POINT('Ctrl Pts',(21.6659701525765,19.3027660047551,10.8013514848028));
#3135=CARTESIAN_POINT('Ctrl Pts',(19.876435735879,19.5162453985994,11.1093394817553));
#3136=CARTESIAN_POINT('Ctrl Pts',(17.0797148220944,20.9747763416028,10.8714568813347));
#3137=CARTESIAN_POINT('Ctrl Pts',(14.7666068218558,24.0429350224144,9.98409120784943));
#3138=CARTESIAN_POINT('Ctrl Pts',(14.1727427965938,26.6720178037802,9.62601254174255));
#3139=CARTESIAN_POINT('Ctrl Pts',(14.1727427965938,28.,9.62601254174255));
#3140=CARTESIAN_POINT('Ctrl Pts',(22.312798259982,19.8171233066664,10.8939208171514));
#3141=CARTESIAN_POINT('Ctrl Pts',(21.7518087411646,19.8263675998904,11.0452262811135));
#3142=CARTESIAN_POINT('Ctrl Pts',(20.0441402778489,20.0332504846789,11.3571194039687));
#3143=CARTESIAN_POINT('Ctrl Pts',(17.3372241519791,21.3530676273599,11.1418432358254));
#3144=CARTESIAN_POINT('Ctrl Pts',(15.0212127860339,24.2247918175618,10.2565555246238));
#3145=CARTESIAN_POINT('Ctrl Pts',(14.420519723956,26.7328828323071,9.89348282107415));
#3146=CARTESIAN_POINT('Ctrl Pts',(14.420519723956,28.,9.89348282107415));
#3147=CARTESIAN_POINT('Ctrl Pts',(22.4439001311859,20.,11.4016761809809));
#3148=CARTESIAN_POINT('Ctrl Pts',(21.8691292654983,20.0041516309839,11.5663450808319));
#3149=CARTESIAN_POINT('Ctrl Pts',(20.1053795532729,20.2013731561527,11.9009035194355));
#3150=CARTESIAN_POINT('Ctrl Pts',(17.3495204773291,21.534569781154,11.6152720260003));
#3151=CARTESIAN_POINT('Ctrl Pts',(15.0813987250618,24.3515334935361,10.631284336139));
#3152=CARTESIAN_POINT('Ctrl Pts',(14.5,26.7754860648546,10.2427051952421));
#3153=CARTESIAN_POINT('Ctrl Pts',(14.5,28.,10.2427051952421));
#3154=CARTESIAN_POINT('Ctrl Pts',(22.5,20.,11.6189500386224));
#3155=CARTESIAN_POINT('Ctrl Pts',(21.9135053353072,20.,11.7893113437969));
#3156=CARTESIAN_POINT('Ctrl Pts',(20.1059992669329,20.1926054746884,12.13350227479));
#3157=CARTESIAN_POINT('Ctrl Pts',(17.3086695711483,21.5622064363449,11.8179205943917));
#3158=CARTESIAN_POINT('Ctrl Pts',(15.0681039080352,24.3904839525616,10.7918453627852));
#3159=CARTESIAN_POINT('Ctrl Pts',(14.5,26.7885418298691,10.392304845413));
#3160=CARTESIAN_POINT('Ctrl Pts',(14.5,28.,10.392304845413));
#3161=CARTESIAN_POINT('',(14.,28.,9.52627944162858));
#3162=CARTESIAN_POINT('',(14.5,28.,10.392304845413));
#3163=CARTESIAN_POINT('Origin',(13.5,28.,10.392304845413));
#3164=CARTESIAN_POINT('Ctrl Pts',(14.5,28.,10.392304845413));
#3165=CARTESIAN_POINT('Ctrl Pts',(14.5,26.7885418298691,10.392304845413));
#3166=CARTESIAN_POINT('Ctrl Pts',(15.0681039080352,24.3904839525616,10.7918453627852));
#3167=CARTESIAN_POINT('Ctrl Pts',(17.3086695711483,21.5622064363449,11.8179205943917));
#3168=CARTESIAN_POINT('Ctrl Pts',(20.1059992669329,20.1926054746884,12.13350227479));
#3169=CARTESIAN_POINT('Ctrl Pts',(21.9135053353072,20.,11.7893113437969));
#3170=CARTESIAN_POINT('Ctrl Pts',(22.5,20.,11.6189500386224));
#3171=CARTESIAN_POINT('Ctrl Pts',(22.25,19.,10.6507042020705));
#3172=CARTESIAN_POINT('Ctrl Pts',(21.6451773770356,19.,10.8068687318139));
#3173=CARTESIAN_POINT('Ctrl Pts',(19.7811867440246,19.2166811590245,11.1223770852242));
#3174=CARTESIAN_POINT('Ctrl Pts',(16.8964404952468,20.7574822408881,10.8330938781924));
#3175=CARTESIAN_POINT('Ctrl Pts',(14.5858571551613,23.9392944466318,9.89252491588646));
#3176=CARTESIAN_POINT('Ctrl Pts',(14.,26.6371095586031,9.52627944162858));
#3177=CARTESIAN_POINT('Ctrl Pts',(14.,28.,9.52627944162858));
#3178=CARTESIAN_POINT('Origin',(13.5,-7.,10.392304845413));
#3179=CARTESIAN_POINT('',(14.,45.,9.52627944162858));
#3180=CARTESIAN_POINT('',(14.5000000000008,45.,10.392304845413));
#3181=CARTESIAN_POINT('Origin',(13.5,45.,10.392304845413));
#3182=CARTESIAN_POINT('',(14.5,-7.,10.392304845413));
#3183=CARTESIAN_POINT('',(14.,-7.,9.52627944162858));
#3184=CARTESIAN_POINT('Origin',(27.5000000000005,19.,12.9860679774998));
#3185=CARTESIAN_POINT('',(28.5000000000005,19.,8.94427190999916));
#3186=CARTESIAN_POINT('Origin',(27.5000000000005,19.,8.94427190999916));
#3187=CARTESIAN_POINT('',(27.5000000000005,20.,11.4891252930761));
#3188=CARTESIAN_POINT('',(27.5000000000005,20.,12.9860679774998));
#3189=CARTESIAN_POINT('',(28.5000000000005,19.,11.4891252930761));
#3190=CARTESIAN_POINT('Origin',(27.5000000000005,19.,11.4891252930761));
#3191=CARTESIAN_POINT('',(28.5000000000005,19.,12.9860679774998));
#3192=CARTESIAN_POINT('Ctrl Pts',(14.5,28.,20.));
#3193=CARTESIAN_POINT('Ctrl Pts',(14.5,27.995676620527,19.997058312867));
#3194=CARTESIAN_POINT('Ctrl Pts',(14.4999968617297,27.9913454278634,19.9941067991643));
#3195=CARTESIAN_POINT('Ctrl Pts',(14.506144950682,26.0112677257165,18.6497955758285));
#3196=CARTESIAN_POINT('Ctrl Pts',(15.2047681270092,23.3213707770415,16.8003009211408));
#3197=CARTESIAN_POINT('Ctrl Pts',(17.5641147694871,20.5975857421286,15.268173967653));
#3198=CARTESIAN_POINT('Ctrl Pts',(18.8302629609367,19.7988639869293,15.0000000000082));
#3199=CARTESIAN_POINT('Ctrl Pts',(19.499999999939,19.5147186257873,15.));
#3200=CARTESIAN_POINT('Ctrl Pts',(14.5,28.,20.));
#3201=CARTESIAN_POINT('Ctrl Pts',(14.4997205353204,27.9957772995881,19.9969312104651));
#3202=CARTESIAN_POINT('Ctrl Pts',(14.5002567036135,27.9915198477692,19.9938966416201));
#3203=CARTESIAN_POINT('Ctrl Pts',(14.5016675725574,26.0536973425695,18.5978642743318));
#3204=CARTESIAN_POINT('Ctrl Pts',(15.2767513855804,23.4190171367502,16.6802948745261));
#3205=CARTESIAN_POINT('Ctrl Pts',(17.7096148005691,20.811520444339,15.2104863613318));
#3206=CARTESIAN_POINT('Ctrl Pts',(18.953988854336,20.0634027399412,14.9865854998629));
#3207=CARTESIAN_POINT('Ctrl Pts',(19.5997331000552,19.7968064313831,14.9999999999988));
#3208=CARTESIAN_POINT('Ctrl Pts',(14.5,28.,20.));
#3209=CARTESIAN_POINT('Ctrl Pts',(14.4996374130933,27.9959802874169,19.996749603176));
#3210=CARTESIAN_POINT('Ctrl Pts',(14.5003354043682,27.9918007565059,19.9934896376085));
#3211=CARTESIAN_POINT('Ctrl Pts',(14.4996776235229,26.1278896046461,18.5085801678386));
#3212=CARTESIAN_POINT('Ctrl Pts',(15.3366886431965,23.5905177902085,16.4636631055018));
#3213=CARTESIAN_POINT('Ctrl Pts',(17.8804190366011,21.1840069973614,14.9392813061743));
#3214=CARTESIAN_POINT('Ctrl Pts',(19.1348331776972,20.5220600065405,14.7273946595673));
#3215=CARTESIAN_POINT('Ctrl Pts',(19.7723671006395,20.2850891212844,14.7487886207702));
#3216=CARTESIAN_POINT('Ctrl Pts',(14.5,28.,20.));
#3217=CARTESIAN_POINT('Ctrl Pts',(14.4998033986453,27.9960966709458,19.996535428082));
#3218=CARTESIAN_POINT('Ctrl Pts',(14.5001794004827,27.9921620962356,19.9931134692574));
#3219=CARTESIAN_POINT('Ctrl Pts',(14.5033807741315,26.2007119660735,18.4183003683476));
#3220=CARTESIAN_POINT('Ctrl Pts',(15.2908929287101,23.7668708260617,16.2513847919189));
#3221=CARTESIAN_POINT('Ctrl Pts',(17.8274615821639,21.3816741331771,14.5069334506947));
#3222=CARTESIAN_POINT('Ctrl Pts',(19.1457714327729,20.7005676056865,14.2179479859414));
#3223=CARTESIAN_POINT('Ctrl Pts',(19.8333333332708,20.4575276673656,14.2243994752558));
#3224=CARTESIAN_POINT('Ctrl Pts',(14.5,28.,20.));
#3225=CARTESIAN_POINT('Ctrl Pts',(14.5,27.9961569960243,19.9964699754407));
#3226=CARTESIAN_POINT('Ctrl Pts',(14.4999966525117,27.9923070469897,19.9929281589972));
#3227=CARTESIAN_POINT('Ctrl Pts',(14.5065546140612,26.2322379784145,18.3797546909937));
#3228=CARTESIAN_POINT('Ctrl Pts',(15.2517526688097,23.8412184684814,16.1603611053691));
#3229=CARTESIAN_POINT('Ctrl Pts',(17.768389087453,21.4200762152254,14.3218087611835));
#3230=CARTESIAN_POINT('Ctrl Pts',(19.1189471583324,20.7101013217149,14.0000000000098));
#3231=CARTESIAN_POINT('Ctrl Pts',(19.8333333332683,20.4575276673665,14.));
#3232=CARTESIAN_POINT('',(19.4999999999696,19.5147186257873,15.));
#3233=CARTESIAN_POINT('',(19.8333333332683,20.4575276673665,14.));
#3234=CARTESIAN_POINT('Origin',(19.4999999999269,19.5147186257873,14.));
#3235=CARTESIAN_POINT('',(14.500000000001,28.,20.));
#3236=CARTESIAN_POINT('Ctrl Pts',(19.8333333332683,20.4575276673665,14.));
#3237=CARTESIAN_POINT('Ctrl Pts',(19.1189471583324,20.7101013217149,14.0000000000098));
#3238=CARTESIAN_POINT('Ctrl Pts',(17.768389087453,21.4200762152254,14.3218087611835));
#3239=CARTESIAN_POINT('Ctrl Pts',(15.2517526688097,23.8412184684814,16.1603611053691));
#3240=CARTESIAN_POINT('Ctrl Pts',(14.5065546140612,26.2322379784145,18.3797546909937));
#3241=CARTESIAN_POINT('Ctrl Pts',(14.4999966525117,27.9923070469897,19.9929281589972));
#3242=CARTESIAN_POINT('Ctrl Pts',(14.5,27.9961569960243,19.9964699754407));
#3243=CARTESIAN_POINT('Ctrl Pts',(14.5,28.,20.));
#3244=CARTESIAN_POINT('Ctrl Pts',(14.5,28.,20.));
#3245=CARTESIAN_POINT('Ctrl Pts',(14.5,27.995676620527,19.997058312867));
#3246=CARTESIAN_POINT('Ctrl Pts',(14.4999968617297,27.9913454278634,19.9941067991643));
#3247=CARTESIAN_POINT('Ctrl Pts',(14.506144950682,26.0112677257165,18.6497955758285));
#3248=CARTESIAN_POINT('Ctrl Pts',(15.2047681270092,23.3213707770415,16.8003009211408));
#3249=CARTESIAN_POINT('Ctrl Pts',(17.5641147694871,20.5975857421286,15.268173967653));
#3250=CARTESIAN_POINT('Ctrl Pts',(18.8302629609367,19.7988639869293,15.0000000000082));
#3251=CARTESIAN_POINT('Ctrl Pts',(19.499999999939,19.5147186257873,15.));
#3252=CARTESIAN_POINT('Ctrl Pts',(19.4999999999431,19.5147186257802,15.));
#3253=CARTESIAN_POINT('Ctrl Pts',(20.5377067036258,19.1722928838135,15.000000000004));
#3254=CARTESIAN_POINT('Ctrl Pts',(21.63919861339,19.,14.8874198199589));
#3255=CARTESIAN_POINT('Ctrl Pts',(22.7142857142857,19.,14.651565354833));
#3256=CARTESIAN_POINT('Ctrl Pts',(19.5997331000589,19.7968064313772,15.0000000000004));
#3257=CARTESIAN_POINT('Ctrl Pts',(20.6038274742942,19.4615827799588,14.9928895242873));
#3258=CARTESIAN_POINT('Ctrl Pts',(21.6708934164158,19.2945500367529,14.8802745788879));
#3259=CARTESIAN_POINT('Ctrl Pts',(22.7142857142857,19.2991993003419,14.651565354833));
#3260=CARTESIAN_POINT('Ctrl Pts',(19.7723719564356,20.2851028555257,14.748800761672));
#3261=CARTESIAN_POINT('Ctrl Pts',(20.7008802247978,19.9627828481444,14.7378366199587));
#3262=CARTESIAN_POINT('Ctrl Pts',(21.6920514073612,19.8050657663636,14.6269971895313));
#3263=CARTESIAN_POINT('Ctrl Pts',(22.6604573060724,19.8171158694595,14.4062012176692));
#3264=CARTESIAN_POINT('Ctrl Pts',(19.8333333332854,20.4575276673604,14.2243994752566));
#3265=CARTESIAN_POINT('Ctrl Pts',(20.7079092118859,20.1482553311791,14.2211337114314));
#3266=CARTESIAN_POINT('Ctrl Pts',(21.639476720773,19.994588274067,14.1143284168923));
#3267=CARTESIAN_POINT('Ctrl Pts',(22.5480856018407,20.,13.8939812363314));
#3268=CARTESIAN_POINT('Ctrl Pts',(19.8333333332861,20.4575276673602,14.));
#3269=CARTESIAN_POINT('Ctrl Pts',(20.6942455615266,20.1531492300565,14.0000000000037));
#3270=CARTESIAN_POINT('Ctrl Pts',(21.6080758866645,20.,13.8949251652949));
#3271=CARTESIAN_POINT('Ctrl Pts',(22.5,20.,13.6747943311774));
#3272=CARTESIAN_POINT('',(22.7142857142857,19.,14.651565354833));
#3273=CARTESIAN_POINT('',(22.5,20.,13.6747943311774));
#3274=CARTESIAN_POINT('Origin',(22.5,19.,13.6747943311774));
#3275=CARTESIAN_POINT('Ctrl Pts',(22.5,20.,13.6747943311774));
#3276=CARTESIAN_POINT('Ctrl Pts',(21.6080758866645,20.,13.8949251652949));
#3277=CARTESIAN_POINT('Ctrl Pts',(20.6942455615266,20.1531492300565,14.0000000000037));
#3278=CARTESIAN_POINT('Ctrl Pts',(19.8333333332861,20.4575276673602,14.));
#3279=CARTESIAN_POINT('Ctrl Pts',(19.4999999999431,19.5147186257802,15.));
#3280=CARTESIAN_POINT('Ctrl Pts',(20.5377067036258,19.1722928838135,15.000000000004));
#3281=CARTESIAN_POINT('Ctrl Pts',(21.63919861339,19.,14.8874198199589));
#3282=CARTESIAN_POINT('Ctrl Pts',(22.7142857142857,19.,14.651565354833));
#3283=CARTESIAN_POINT('Origin',(19.5000000000005,19.,0.));
#3284=CARTESIAN_POINT('',(28.071428571429,19.,12.3097770997243));
#3285=CARTESIAN_POINT('Origin',(27.5000000000005,19.,11.4891252930761));
#3286=CARTESIAN_POINT('Origin',(19.5000000000005,20.,0.));
#3287=CARTESIAN_POINT('Origin',(19.5000000000005,19.,0.));
#3288=CARTESIAN_POINT('Origin',(27.5000000000005,19.,11.4891252930761));
#3289=CARTESIAN_POINT('Origin',(27.5000000000005,19.,11.4891252930761));
#3290=CARTESIAN_POINT('Origin',(27.5000000000005,19.,8.94427190999916));
#3291=CARTESIAN_POINT('Origin',(27.5000000000005,19.,8.94427190999916));
#3292=CARTESIAN_POINT('Origin',(19.5000000000005,-7.,0.));
#3293=CARTESIAN_POINT('',(8.91699475574209,45.,-3.));
#3294=CARTESIAN_POINT('Origin',(19.5000000000005,45.,0.));
#3295=CARTESIAN_POINT('',(8.91699475574209,35.,-3.));
#3296=CARTESIAN_POINT('',(8.91699475574209,-7.,-3.));
#3297=CARTESIAN_POINT('',(8.91699475574209,35.,3.));
#3298=CARTESIAN_POINT('Ctrl Pts',(8.91699475574209,35.,3.));
#3299=CARTESIAN_POINT('Ctrl Pts',(8.91699475574209,34.6211979207734,3.));
#3300=CARTESIAN_POINT('Ctrl Pts',(8.89453378778292,34.218545194158,2.92390180522678));
#3301=CARTESIAN_POINT('Ctrl Pts',(8.81470370176728,33.4800273626215,2.61716593696816));
#3302=CARTESIAN_POINT('Ctrl Pts',(8.75862532173749,33.143983480476,2.38662416759524));
#3303=CARTESIAN_POINT('Ctrl Pts',(8.65435197974345,32.6134289848782,1.85606967199746));
#3304=CARTESIAN_POINT('Ctrl Pts',(8.59919827303376,32.3828458907654,1.52000388353928));
#3305=CARTESIAN_POINT('Ctrl Pts',(8.52150773849166,32.0760797157492,0.781407545532095));
#3306=CARTESIAN_POINT('Ctrl Pts',(8.50000000000045,32.,0.378726187868804));
#3307=CARTESIAN_POINT('Ctrl Pts',(8.50000000000045,32.,-0.378726187868803));
#3308=CARTESIAN_POINT('Ctrl Pts',(8.52150773849166,32.0760797157492,-0.781407545532095));
#3309=CARTESIAN_POINT('Ctrl Pts',(8.59919827303376,32.3828458907654,-1.52000388353928));
#3310=CARTESIAN_POINT('Ctrl Pts',(8.65435197974345,32.6134289848782,-1.85606967199746));
#3311=CARTESIAN_POINT('Ctrl Pts',(8.75862532173749,33.143983480476,-2.38662416759524));
#3312=CARTESIAN_POINT('Ctrl Pts',(8.81470370176728,33.4800273626215,-2.61716593696816));
#3313=CARTESIAN_POINT('Ctrl Pts',(8.89453378778292,34.218545194158,-2.92390180522678));
#3314=CARTESIAN_POINT('Ctrl Pts',(8.91699475574209,34.6211979207734,-3.));
#3315=CARTESIAN_POINT('Ctrl Pts',(8.91699475574209,35.,-3.));
#3316=CARTESIAN_POINT('',(8.91699475574209,45.,3.));
#3317=CARTESIAN_POINT('',(8.91699475574209,-7.,3.));
#3318=CARTESIAN_POINT('Origin',(19.5000000000005,45.,0.));
#3319=CARTESIAN_POINT('',(26.8333333333338,5.,8.19891591749923));
#3320=CARTESIAN_POINT('',(26.8333333333338,-7.,8.19891591749923));
#3321=CARTESIAN_POINT('Origin',(19.5000000000005,5.,0.));
#3322=CARTESIAN_POINT('Origin',(27.5000000000005,-7.,8.94427190999916));
#3323=CARTESIAN_POINT('',(28.5000000000005,5.00000000000002,8.94427190999916));
#3324=CARTESIAN_POINT('',(28.5000000000005,-7.,8.94427190999916));
#3325=CARTESIAN_POINT('Origin',(27.5000000000005,5.00000000000002,8.94427190999916));
#3326=CARTESIAN_POINT('Origin',(28.5000000000005,-7.,12.));
#3327=CARTESIAN_POINT('',(28.5000000000005,-1.32455532033676,11.4891252930761));
#3328=CARTESIAN_POINT('',(28.5000000000005,-7.,11.4891252930761));
#3329=CARTESIAN_POINT('Ctrl Pts',(28.5000000000005,5.00000000000002,8.94427190999916));
#3330=CARTESIAN_POINT('Ctrl Pts',(28.5000000000005,3.54988468476171,8.94427190999916));
#3331=CARTESIAN_POINT('Ctrl Pts',(28.5000000000005,1.25280868961035,9.59057623459828));
#3332=CARTESIAN_POINT('Ctrl Pts',(28.5000000000005,-0.663879509009377,10.9215201611954));
#3333=CARTESIAN_POINT('Ctrl Pts',(28.5000000000005,-1.32483426561913,11.488800285725));
#3334=CARTESIAN_POINT('Origin',(27.5000000000005,-7.,11.4891252930761));
#3335=CARTESIAN_POINT('',(28.071428571429,-1.32455532033675,12.3097770997243));
#3336=CARTESIAN_POINT('',(28.071428571429,-7.,12.3097770997243));
#3337=CARTESIAN_POINT('',(28.4694964275961,-1.96296111854966,11.734230733402));
#3338=CARTESIAN_POINT('Ctrl Pts',(28.4694964275974,-1.96296111854749,11.7342307334007));
#3339=CARTESIAN_POINT('Ctrl Pts',(28.462783760839,-1.9424431311969,11.7607821899219));
#3340=CARTESIAN_POINT('Ctrl Pts',(28.455058592336,-1.92150199943974,11.7867469103901));
#3341=CARTESIAN_POINT('Ctrl Pts',(28.4100054312955,-1.81064318055749,11.9187822221605));
#3342=CARTESIAN_POINT('Ctrl Pts',(28.3569884893764,-1.71444578367512,12.015232828298));
#3343=CARTESIAN_POINT('Ctrl Pts',(28.2301000025141,-1.52197707346167,12.1800488993931));
#3344=CARTESIAN_POINT('Ctrl Pts',(28.1564510244954,-1.42490605728088,12.2501038829639));
#3345=CARTESIAN_POINT('Ctrl Pts',(28.0735016786252,-1.32699744580558,12.3083306532375));
#3346=CARTESIAN_POINT('Ctrl Pts',(28.0724658093197,-1.32577638266199,12.3090548599617));
#3347=CARTESIAN_POINT('Ctrl Pts',(28.071428571429,-1.32455532033675,12.3097770997243));
#3348=CARTESIAN_POINT('Ctrl Pts',(28.5000000000005,-1.32473946638847,11.4887189228409));
#3349=CARTESIAN_POINT('Ctrl Pts',(28.5000002053677,-1.32868604006363,11.4901823685559));
#3350=CARTESIAN_POINT('Ctrl Pts',(28.4999971144138,-1.33263227525329,11.4916467392329));
#3351=CARTESIAN_POINT('Ctrl Pts',(28.4999907189154,-1.3365781463692,11.4931120229619));
#3352=CARTESIAN_POINT('Ctrl Pts',(28.4998033477566,-1.45218171570148,11.5360409540333));
#3353=CARTESIAN_POINT('Ctrl Pts',(28.4967884684909,-1.56469924467911,11.5787169889909));
#3354=CARTESIAN_POINT('Ctrl Pts',(28.49111715816,-1.67389767918972,11.6208760503086));
#3355=CARTESIAN_POINT('Ctrl Pts',(28.4859678911313,-1.77304441347084,11.6591543760808));
#3356=CARTESIAN_POINT('Ctrl Pts',(28.478627959636,-1.86945564021648,11.6970057650805));
#3357=CARTESIAN_POINT('Ctrl Pts',(28.4691886895948,-1.96296191875359,11.7342298872094));
#3358=CARTESIAN_POINT('Origin',(19.5000000000005,-7.,0.));
#3359=CARTESIAN_POINT('',(19.5000000000001,-1.32455532033675,15.));
#3360=CARTESIAN_POINT('',(19.5000000000001,-7.,15.));
#3361=CARTESIAN_POINT('Origin',(19.5000000000005,-1.32455532033675,0.));
#3362=CARTESIAN_POINT('Origin',(19.5,-7.,20.));
#3363=CARTESIAN_POINT('',(14.500000000001,1.,20.));
#3364=CARTESIAN_POINT('',(14.500000000001,0.,20.));
#3365=CARTESIAN_POINT('',(14.5,-5.79389636878179,20.0000000000236));
#3366=CARTESIAN_POINT('',(14.5,-7.,20.));
#3367=CARTESIAN_POINT('Ctrl Pts',(19.5000000000001,-1.32455532033676,15.));
#3368=CARTESIAN_POINT('Ctrl Pts',(19.0813199996779,-1.32455532033676,15.));
#3369=CARTESIAN_POINT('Ctrl Pts',(18.2626618715487,-1.60415372312526,15.1106425431676));
#3370=CARTESIAN_POINT('Ctrl Pts',(17.2529806699264,-2.39702218064993,15.4951508196502));
#3371=CARTESIAN_POINT('Ctrl Pts',(16.0970064883071,-3.55365879784379,16.2295988282155));
#3372=CARTESIAN_POINT('Ctrl Pts',(14.9269905684072,-4.94216739087821,17.5932096290438));
#3373=CARTESIAN_POINT('Ctrl Pts',(14.4999999999959,-5.60815317298506,19.1769752451259));
#3374=CARTESIAN_POINT('Ctrl Pts',(14.5,-5.79389636877673,20.0000000000247));
#3375=CARTESIAN_POINT('Origin',(21.5000000000002,20.,-13.9721359549996));
#3376=CARTESIAN_POINT('Origin',(22.5,28.,16.9860679774998));
#3377=CARTESIAN_POINT('',(14.5,28.,16.9860679774998));
#3378=CARTESIAN_POINT('',(22.5,20.,16.9860679774998));
#3379=CARTESIAN_POINT('Origin',(21.5000000000002,20.,13.9721359549996));
#3380=CARTESIAN_POINT('Origin',(19.5000000000005,-1.32455532033675,0.));
#3381=CARTESIAN_POINT('',(19.5000000000002,-1.89951489491282,13.1818181818182));
#3382=CARTESIAN_POINT('Origin',(19.5000000000001,-1.32455532033675,14.));
#3383=CARTESIAN_POINT('',(27.032467532468,-1.89951489491282,10.8176829058184));
#3384=CARTESIAN_POINT('Origin',(19.5000000000005,-1.89951489491282,0.));
#3385=CARTESIAN_POINT('Ctrl Pts',(27.0324675324687,-1.89951489492597,10.8176829058291));
#3386=CARTESIAN_POINT('Ctrl Pts',(27.0337938080936,-1.90077900684006,10.8178418715645));
#3387=CARTESIAN_POINT('Ctrl Pts',(27.0351217226874,-1.90204110693324,10.8180031681292));
#3388=CARTESIAN_POINT('Ctrl Pts',(27.1367309226312,-1.9983413669058,10.8305081223129));
#3389=CARTESIAN_POINT('Ctrl Pts',(27.2464111545704,-2.08198912282922,10.8561085180913));
#3390=CARTESIAN_POINT('Ctrl Pts',(27.4705947428942,-2.21340601096191,10.9307479790075));
#3391=CARTESIAN_POINT('Ctrl Pts',(27.5845684521271,-2.2627128978045,10.9785567697142));
#3392=CARTESIAN_POINT('Ctrl Pts',(27.8121575926661,-2.32224374994892,11.0954143820661));
#3393=CARTESIAN_POINT('Ctrl Pts',(27.9248031146368,-2.33229368211267,11.16390622665));
#3394=CARTESIAN_POINT('Ctrl Pts',(28.1219165850061,-2.30623239657681,11.3081091091981));
#3395=CARTESIAN_POINT('Ctrl Pts',(28.2061720795215,-2.27583931744225,11.3805006059769));
#3396=CARTESIAN_POINT('Ctrl Pts',(28.3470209133389,-2.17867980500783,11.5283523268127));
#3397=CARTESIAN_POINT('Ctrl Pts',(28.4020201497099,-2.114465552633,11.6013212809531));
#3398=CARTESIAN_POINT('Ctrl Pts',(28.4514928211642,-2.01307825438317,11.6929766354376));
#3399=CARTESIAN_POINT('Ctrl Pts',(28.4613257261372,-1.98845568634877,11.7138604806999));
#3400=CARTESIAN_POINT('Ctrl Pts',(28.4694964275967,-1.96296111854843,11.7342307334002));
#3401=CARTESIAN_POINT('Ctrl Pts',(19.5000000000001,-1.32455532033676,15.));
#3402=CARTESIAN_POINT('Ctrl Pts',(19.0813199996779,-1.32455532033676,15.));
#3403=CARTESIAN_POINT('Ctrl Pts',(18.2626618715487,-1.60415372312526,15.1106425431676));
#3404=CARTESIAN_POINT('Ctrl Pts',(17.2529806699264,-2.39702218064993,15.4951508196502));
#3405=CARTESIAN_POINT('Ctrl Pts',(16.0970064883071,-3.55365879784379,16.2295988282155));
#3406=CARTESIAN_POINT('Ctrl Pts',(14.9269905684072,-4.94216739087821,17.5932096290438));
#3407=CARTESIAN_POINT('Ctrl Pts',(14.4999999999959,-5.60815317298506,19.1769752451259));
#3408=CARTESIAN_POINT('Ctrl Pts',(14.5,-5.79389636877673,20.0000000000247));
#3409=CARTESIAN_POINT('Ctrl Pts',(19.5000000000001,-1.56541607417013,15.));
#3410=CARTESIAN_POINT('Ctrl Pts',(19.1223177849992,-1.56541607417014,15.));
#3411=CARTESIAN_POINT('Ctrl Pts',(18.3687627593788,-1.81210357928255,15.0874419883562));
#3412=CARTESIAN_POINT('Ctrl Pts',(17.3583222326699,-2.5694605365092,15.4407596235724));
#3413=CARTESIAN_POINT('Ctrl Pts',(16.1757274099537,-3.70228075400693,16.1553576644457));
#3414=CARTESIAN_POINT('Ctrl Pts',(14.9535359108558,-5.08067983654484,17.5253519548331));
#3415=CARTESIAN_POINT('Ctrl Pts',(14.5043902072829,-5.74782154187445,19.1371576147796));
#3416=CARTESIAN_POINT('Ctrl Pts',(14.4999999999999,-5.93573396719883,19.9733246492758));
#3417=CARTESIAN_POINT('Ctrl Pts',(19.5000000000001,-2.04638897414258,14.8178736245433));
#3418=CARTESIAN_POINT('Ctrl Pts',(19.1890150129058,-2.04638897414258,14.8178736245433));
#3419=CARTESIAN_POINT('Ctrl Pts',(18.5371736886424,-2.22746785088346,14.8781561742509));
#3420=CARTESIAN_POINT('Ctrl Pts',(17.505880210116,-2.91351992237394,15.2112397881246));
#3421=CARTESIAN_POINT('Ctrl Pts',(16.260965703957,-3.99889870856268,15.9338682608955));
#3422=CARTESIAN_POINT('Ctrl Pts',(14.9398332213833,-5.35728777184422,17.359435384606));
#3423=CARTESIAN_POINT('Ctrl Pts',(14.4494207614789,-6.02711288100406,19.0470170539795));
#3424=CARTESIAN_POINT('Ctrl Pts',(14.4365175001355,-6.21936493525211,19.9199822658726));
#3425=CARTESIAN_POINT('Ctrl Pts',(19.5000000000001,-2.37644404135392,14.1936194041611));
#3426=CARTESIAN_POINT('Ctrl Pts',(19.1929173483821,-2.37644404135392,14.1936194041611));
#3427=CARTESIAN_POINT('Ctrl Pts',(18.5397042825795,-2.5374790471038,14.2786020198376));
#3428=CARTESIAN_POINT('Ctrl Pts',(17.4616265616043,-3.20784181904029,14.6829728547902));
#3429=CARTESIAN_POINT('Ctrl Pts',(16.1503577598914,-4.29057059484843,15.5131332194085));
#3430=CARTESIAN_POINT('Ctrl Pts',(14.7454690044697,-5.65921879061012,17.090231748573));
#3431=CARTESIAN_POINT('Ctrl Pts',(14.2125610307317,-6.33986827345662,18.9173291510318));
#3432=CARTESIAN_POINT('Ctrl Pts',(14.1907912112665,-6.5372802223626,19.8601920417975));
#3433=CARTESIAN_POINT('Ctrl Pts',(19.5000000000001,-2.28458141368278,13.5752071408291));
#3434=CARTESIAN_POINT('Ctrl Pts',(19.1254050761533,-2.28458141368278,13.5752071408291));
#3435=CARTESIAN_POINT('Ctrl Pts',(18.3603177009199,-2.50039028740879,13.7030978181632));
#3436=CARTESIAN_POINT('Ctrl Pts',(17.239993548283,-3.24517315771956,14.1917324078422));
#3437=CARTESIAN_POINT('Ctrl Pts',(15.8963963975476,-4.39666673994331,15.1316722826933));
#3438=CARTESIAN_POINT('Ctrl Pts',(14.4629115357643,-5.82165623623038,16.8536216768559));
#3439=CARTESIAN_POINT('Ctrl Pts',(13.903996191263,-6.52175299963875,18.8138135512937));
#3440=CARTESIAN_POINT('Ctrl Pts',(13.8775656474563,-6.72265144562828,19.8253293364629));
#3441=CARTESIAN_POINT('Ctrl Pts',(19.5000000000002,-2.04731581203785,13.2856820792353));
#3442=CARTESIAN_POINT('Ctrl Pts',(19.0608730542631,-2.04731581203785,13.2856820792353));
#3443=CARTESIAN_POINT('Ctrl Pts',(18.1906849915848,-2.32186314167223,13.4336799561769));
#3444=CARTESIAN_POINT('Ctrl Pts',(17.0443202871054,-3.14505663910047,13.9549928672871));
#3445=CARTESIAN_POINT('Ctrl Pts',(15.6915732220816,-4.36787393393952,14.9394401563857));
#3446=CARTESIAN_POINT('Ctrl Pts',(14.2593205521127,-5.85000015708893,16.7308292847982));
#3447=CARTESIAN_POINT('Ctrl Pts',(13.6907246472757,-6.56706673357739,18.7655874688688));
#3448=CARTESIAN_POINT('Ctrl Pts',(13.6634409031533,-6.76927017788302,19.816561766735));
#3449=CARTESIAN_POINT('Ctrl Pts',(19.5000000000002,-1.89951489491282,13.1818181818182));
#3450=CARTESIAN_POINT('Ctrl Pts',(19.0269459736621,-1.89951489491282,13.1818181818182));
#3451=CARTESIAN_POINT('Ctrl Pts',(18.1013441540346,-2.20453133431847,13.335479251118));
#3452=CARTESIAN_POINT('Ctrl Pts',(16.9409390867947,-3.06947874252719,13.8638583179482));
#3453=CARTESIAN_POINT('Ctrl Pts',(15.5842671873705,-4.33126414310231,14.8601332858647));
#3454=CARTESIAN_POINT('Ctrl Pts',(14.1548477439435,-5.84600079004895,16.6775082604594));
#3455=CARTESIAN_POINT('Ctrl Pts',(13.5825833023304,-6.57253073416551,18.7462057688205));
#3456=CARTESIAN_POINT('Ctrl Pts',(13.5553637607288,-6.77515967502916,19.8154541309333));
#3457=CARTESIAN_POINT('',(13.5553637607288,-6.77515967502916,19.8154541309333));
#3458=CARTESIAN_POINT('Origin',(13.5,-5.79389636877673,20.0000000000296));
#3459=CARTESIAN_POINT('Ctrl Pts',(13.5553637607288,-6.77515967502916,19.8154541309333));
#3460=CARTESIAN_POINT('Ctrl Pts',(13.5825833023304,-6.57253073416551,18.7462057688205));
#3461=CARTESIAN_POINT('Ctrl Pts',(14.1548477439435,-5.84600079004895,16.6775082604594));
#3462=CARTESIAN_POINT('Ctrl Pts',(15.5842671873705,-4.33126414310231,14.8601332858647));
#3463=CARTESIAN_POINT('Ctrl Pts',(16.9409390867947,-3.06947874252719,13.8638583179482));
#3464=CARTESIAN_POINT('Ctrl Pts',(18.1013441540346,-2.20453133431847,13.335479251118));
#3465=CARTESIAN_POINT('Ctrl Pts',(19.0269459736621,-1.89951489491282,13.1818181818182));
#3466=CARTESIAN_POINT('Ctrl Pts',(19.5000000000002,-1.89951489491282,13.1818181818182));
#3467=CARTESIAN_POINT('Ctrl Pts',(14.5,-5.79389636877672,20.));
#3468=CARTESIAN_POINT('Ctrl Pts',(14.5,-5.79535628458901,20.));
#3469=CARTESIAN_POINT('Ctrl Pts',(14.5,-5.79825424873028,20.));
#3470=CARTESIAN_POINT('Ctrl Pts',(14.5,-5.80396037854018,20.));
#3471=CARTESIAN_POINT('Ctrl Pts',(14.5,-5.81369177082986,20.));
#3472=CARTESIAN_POINT('Ctrl Pts',(14.5,-5.83212522879972,20.));
#3473=CARTESIAN_POINT('Ctrl Pts',(14.5,-5.85037857138129,20.));
#3474=CARTESIAN_POINT('Ctrl Pts',(14.5,-5.86963918787339,20.));
#3475=CARTESIAN_POINT('Ctrl Pts',(14.5,-5.90153023913246,20.));
#3476=CARTESIAN_POINT('Ctrl Pts',(14.5,-5.91252663849604,20.));
#3477=CARTESIAN_POINT('Ctrl Pts',(14.5000029234615,-5.91252396881814,20.0000005711328));
#3478=CARTESIAN_POINT('Ctrl Pts',(14.4999999999984,-6.07757156562014,19.9466492985028));
#3479=CARTESIAN_POINT('Ctrl Pts',(14.4995756344328,-6.07885650438965,19.9469787148304));
#3480=CARTESIAN_POINT('Ctrl Pts',(14.4987495573474,-6.08141199258968,19.9476581139368));
#3481=CARTESIAN_POINT('Ctrl Pts',(14.4971527501607,-6.08645930299215,19.9490615015126));
#3482=CARTESIAN_POINT('Ctrl Pts',(14.4945518283353,-6.09511069495834,19.9516575912632));
#3483=CARTESIAN_POINT('Ctrl Pts',(14.4901522963091,-6.11166345441851,19.9573521163015));
#3484=CARTESIAN_POINT('Ctrl Pts',(14.4868621434362,-6.12836940994669,19.9642983198115));
#3485=CARTESIAN_POINT('Ctrl Pts',(14.4848149301909,-6.14627149390799,19.9727344786614));
#3486=CARTESIAN_POINT('Ctrl Pts',(14.4843793491724,-6.17645681043003,19.9886536802071));
#3487=CARTESIAN_POINT('Ctrl Pts',(14.4933282397113,-6.18768865025652,19.9983320599278));
#3488=CARTESIAN_POINT('Ctrl Pts',(14.5,-6.18768865025652,20.));
#3489=CARTESIAN_POINT('Ctrl Pts',(14.2672290882997,-6.56937703885543,19.8541556039983));
#3490=CARTESIAN_POINT('Ctrl Pts',(14.266496222892,-6.57038616173827,19.8569193175383));
#3491=CARTESIAN_POINT('Ctrl Pts',(14.2650987921994,-6.57239949488017,19.8624668481046));
#3492=CARTESIAN_POINT('Ctrl Pts',(14.2625919921336,-6.57640549262155,19.8736451281224));
#3493=CARTESIAN_POINT('Ctrl Pts',(14.2589653862837,-6.58334290065496,19.8933627112514));
#3494=CARTESIAN_POINT('Ctrl Pts',(14.2548130054472,-6.59687884696257,19.9332399998749));
#3495=CARTESIAN_POINT('Ctrl Pts',(14.2574463085108,-6.61110471249187,19.9782845162815));
#3496=CARTESIAN_POINT('Ctrl Pts',(14.2693118405271,-6.62681877006897,20.0313423498367));
#3497=CARTESIAN_POINT('Ctrl Pts',(14.3098444613326,-6.65430193643694,20.1311169718645));
#3498=CARTESIAN_POINT('Ctrl Pts',(14.3841183443965,-6.66551511936688,20.1879254953715));
#3499=CARTESIAN_POINT('Ctrl Pts',(14.4489656684065,-6.66551511936688,20.204137326374));
#3500=CARTESIAN_POINT('Ctrl Pts',(13.7715180455771,-6.76338068073594,19.8176694025314));
#3501=CARTESIAN_POINT('Ctrl Pts',(13.7711336446997,-6.76471896819187,19.8244338255887));
#3502=CARTESIAN_POINT('Ctrl Pts',(13.7705120711322,-6.76738047651776,19.8379791431386));
#3503=CARTESIAN_POINT('Ctrl Pts',(13.7698673422465,-6.77263875785723,19.865132372422));
#3504=CARTESIAN_POINT('Ctrl Pts',(13.770313961905,-6.78165410839563,19.9127061512738));
#3505=CARTESIAN_POINT('Ctrl Pts',(13.7776409360033,-6.79891196918181,20.0078161190951));
#3506=CARTESIAN_POINT('Ctrl Pts',(13.8006671743362,-6.816365273291,20.1134645699315));
#3507=CARTESIAN_POINT('Ctrl Pts',(13.8467215192856,-6.83510183941268,20.2373699624956));
#3508=CARTESIAN_POINT('Ctrl Pts',(13.9730805578497,-6.86677916763297,20.4699775724107));
#3509=CARTESIAN_POINT('Ctrl Pts',(14.1688227447954,-6.87860037389334,20.6072161780555));
#3510=CARTESIAN_POINT('Ctrl Pts',(14.3376445901514,-6.87860037389334,20.6494216393945));
#3511=CARTESIAN_POINT('Ctrl Pts',(13.5553637607288,-6.77515967502916,19.8154541309333));
#3512=CARTESIAN_POINT('Ctrl Pts',(13.5551498188992,-6.7767523104607,19.8238582750766));
#3513=CARTESIAN_POINT('Ctrl Pts',(13.5549031055882,-6.77991372588759,19.8406840218313));
#3514=CARTESIAN_POINT('Ctrl Pts',(13.5551390428379,-6.78613859477114,19.8743944546977));
#3515=CARTESIAN_POINT('Ctrl Pts',(13.5574729725189,-6.7967546590871,19.9334198321146));
#3516=CARTESIAN_POINT('Ctrl Pts',(13.5699920676782,-6.81686388596334,20.0513044711454));
#3517=CARTESIAN_POINT('Ctrl Pts',(13.6020215988301,-6.83677662332506,20.1820500551768));
#3518=CARTESIAN_POINT('Ctrl Pts',(13.6630055750071,-6.85778820495307,20.3354001074739));
#3519=CARTESIAN_POINT('Ctrl Pts',(13.8265900316083,-6.89257844269003,20.6233845543983));
#3520=CARTESIAN_POINT('Ctrl Pts',(14.0746239025467,-6.90457451472295,20.7946977510504));
#3521=CARTESIAN_POINT('Ctrl Pts',(14.2879901704909,-6.90457451472295,20.8480393180365));
#3522=CARTESIAN_POINT('',(14.5,-5.91252663849604,20.));
#3523=CARTESIAN_POINT('',(14.2879901704909,-6.90457451472295,20.8480393180365));
#3524=CARTESIAN_POINT('Origin',(14.2574643749636,-5.91252663849604,20.9701425001453));
#3525=CARTESIAN_POINT('Ctrl Pts',(14.2879901704909,-6.90457451472295,20.8480393180365));
#3526=CARTESIAN_POINT('Ctrl Pts',(14.0746239025467,-6.90457451472295,20.7946977510504));
#3527=CARTESIAN_POINT('Ctrl Pts',(13.8265900316083,-6.89257844269003,20.6233845543983));
#3528=CARTESIAN_POINT('Ctrl Pts',(13.6630055750071,-6.85778820495307,20.3354001074739));
#3529=CARTESIAN_POINT('Ctrl Pts',(13.6020215988301,-6.83677662332506,20.1820500551768));
#3530=CARTESIAN_POINT('Ctrl Pts',(13.5699920676782,-6.81686388596334,20.0513044711454));
#3531=CARTESIAN_POINT('Ctrl Pts',(13.5574729725189,-6.7967546590871,19.9334198321146));
#3532=CARTESIAN_POINT('Ctrl Pts',(13.5551390428379,-6.78613859477114,19.8743944546977));
#3533=CARTESIAN_POINT('Ctrl Pts',(13.5549031055882,-6.77991372588759,19.8406840218313));
#3534=CARTESIAN_POINT('Ctrl Pts',(13.5551498188992,-6.7767523104607,19.8238582750766));
#3535=CARTESIAN_POINT('Ctrl Pts',(13.5553637607288,-6.77515967502916,19.8154541309333));
#3536=CARTESIAN_POINT('',(14.5,-7.,20.));
#3537=CARTESIAN_POINT('Ctrl Pts',(14.5,-5.91252364303161,19.9999973491147));
#3538=CARTESIAN_POINT('Ctrl Pts',(14.5,-5.91252663849604,20.));
#3539=CARTESIAN_POINT('Ctrl Pts',(14.5,-5.91159854789684,20.));
#3540=CARTESIAN_POINT('Ctrl Pts',(14.5000006403497,-5.90970884345224,19.9999974386012));
#3541=CARTESIAN_POINT('Ctrl Pts',(14.5,-6.18768865025652,20.));
#3542=CARTESIAN_POINT('Ctrl Pts',(14.5021622970783,-6.18768865025652,20.0005405742696));
#3543=CARTESIAN_POINT('Ctrl Pts',(14.5049159204859,-6.18676734550708,20.0006705701606));
#3544=CARTESIAN_POINT('Ctrl Pts',(14.5072295699663,-6.18491023031289,20.0002154130449));
#3545=CARTESIAN_POINT('Ctrl Pts',(14.4489655015447,-6.66551440408192,20.2041379938213));
#3546=CARTESIAN_POINT('Ctrl Pts',(14.4699823206714,-6.66551440408192,20.2093921986029));
#3547=CARTESIAN_POINT('Ctrl Pts',(14.4915919969037,-6.66460668561386,20.2117454756983));
#3548=CARTESIAN_POINT('Ctrl Pts',(14.5135104771396,-6.66279206669916,20.2111282871376));
#3549=CARTESIAN_POINT('Ctrl Pts',(14.3376445901514,-6.87860037389334,20.6494216393945));
#3550=CARTESIAN_POINT('Ctrl Pts',(14.3923592332403,-6.87860037389334,20.6631003001667));
#3551=CARTESIAN_POINT('Ctrl Pts',(14.4486647665774,-6.87762783102955,20.6701663849286));
#3552=CARTESIAN_POINT('Ctrl Pts',(14.5054221774747,-6.87566751857511,20.6704361526703));
#3553=CARTESIAN_POINT('Ctrl Pts',(14.2879901704909,-6.90457451472295,20.8480393180365));
#3554=CARTESIAN_POINT('Ctrl Pts',(14.3571415245302,-6.90457451472295,20.8653271565463));
#3555=CARTESIAN_POINT('Ctrl Pts',(14.4283400333708,-6.90356205225111,20.8744643131153));
#3556=CARTESIAN_POINT('Ctrl Pts',(14.5,-6.90150383452328,20.8752115661077));
#3557=CARTESIAN_POINT('',(14.5,-6.90150383452328,20.8752115661077));
#3558=CARTESIAN_POINT('Ctrl Pts',(14.5,-5.91252663849604,20.));
#3559=CARTESIAN_POINT('Ctrl Pts',(14.5,-5.91447027592394,20.));
#3560=CARTESIAN_POINT('Ctrl Pts',(14.5,-5.91641393516971,20.0000058409842));
#3561=CARTESIAN_POINT('Ctrl Pts',(14.5,-5.97686144418284,20.0003687617276));
#3562=CARTESIAN_POINT('Ctrl Pts',(14.5,-6.03538721120975,20.0059894523847));
#3563=CARTESIAN_POINT('Ctrl Pts',(14.5,-6.14682911458012,20.0267246953314));
#3564=CARTESIAN_POINT('Ctrl Pts',(14.5,-6.19975272340797,20.0411701533298));
#3565=CARTESIAN_POINT('Ctrl Pts',(14.5,-6.35118574905823,20.0962235569265));
#3566=CARTESIAN_POINT('Ctrl Pts',(14.5,-6.44472302084844,20.1483219893546));
#3567=CARTESIAN_POINT('Ctrl Pts',(14.5,-6.63049048279381,20.2947327810268));
#3568=CARTESIAN_POINT('Ctrl Pts',(14.5000000000286,-6.71600055877196,20.3944866591423));
#3569=CARTESIAN_POINT('Ctrl Pts',(14.5000000000286,-6.84402990247407,20.6211986179238));
#3570=CARTESIAN_POINT('Ctrl Pts',(14.5,-6.88530487728474,20.7460063825079));
#3571=CARTESIAN_POINT('Ctrl Pts',(14.5,-6.90150383452328,20.8752115661077));
#3572=CARTESIAN_POINT('Ctrl Pts',(14.5,-6.90150383452328,20.8752115661077));
#3573=CARTESIAN_POINT('Ctrl Pts',(14.4283400333708,-6.90356205225111,20.8744643131153));
#3574=CARTESIAN_POINT('Ctrl Pts',(14.3571415245302,-6.90457451472295,20.8653271565463));
#3575=CARTESIAN_POINT('Ctrl Pts',(14.2879901704909,-6.90457451472295,20.8480393180365));
#3576=CARTESIAN_POINT('Origin',(14.5,0.,20.));
#3577=CARTESIAN_POINT('',(14.5000000000008,-2.,23.));
#3578=CARTESIAN_POINT('',(14.5,2.0122792321331E-15,21.));
#3579=CARTESIAN_POINT('',(14.5000000000008,-2.,67.));
#3580=CARTESIAN_POINT('',(14.5000000000008,-2.,65.));
#3581=CARTESIAN_POINT('',(14.5000000000022,-7.,67.));
#3582=CARTESIAN_POINT('',(14.5,-1.,67.));
#3583=CARTESIAN_POINT('',(14.5000000000008,-7.,22.4499443206437));
#3584=CARTESIAN_POINT('',(14.5000000000008,-7.,-70.));
#3585=CARTESIAN_POINT('Ctrl Pts',(14.5,-6.90150383452328,20.8752115661077));
#3586=CARTESIAN_POINT('Ctrl Pts',(14.5,-6.96905921295199,21.4140428590422));
#3587=CARTESIAN_POINT('Ctrl Pts',(14.5,-7.,21.9472035679937));
#3588=CARTESIAN_POINT('Ctrl Pts',(14.5,-7.,22.4499443206436));
#3589=CARTESIAN_POINT('Ctrl Pts',(28.5000000000005,5.00000000000002,8.94427190999916));
#3590=CARTESIAN_POINT('Ctrl Pts',(28.5000000000005,3.54988468476171,8.94427190999916));
#3591=CARTESIAN_POINT('Ctrl Pts',(28.5000000000005,1.03820971855109,9.65095570978451));
#3592=CARTESIAN_POINT('Ctrl Pts',(28.5000000000005,-1.01868381772145,11.1761762240172));
#3593=CARTESIAN_POINT('Ctrl Pts',(28.5000000000005,-1.80768345517314,11.9247592880985));
#3594=CARTESIAN_POINT('Ctrl Pts',(28.5000000000005,5.00000000000002,8.7251743878066));
#3595=CARTESIAN_POINT('Ctrl Pts',(28.5000000000005,3.5112014970009,8.7251743878066));
#3596=CARTESIAN_POINT('Ctrl Pts',(28.5000641430023,0.938092056330322,9.45986761362406));
#3597=CARTESIAN_POINT('Ctrl Pts',(28.5000560555223,-1.14325741776764,11.0213626327536));
#3598=CARTESIAN_POINT('Ctrl Pts',(28.5000000000005,-1.94034043560817,11.7849400556167));
#3599=CARTESIAN_POINT('Ctrl Pts',(28.3505263507116,5.00000000000002,8.28746793726202));
#3600=CARTESIAN_POINT('Ctrl Pts',(28.3505263507116,3.43367458802251,8.28746793726202));
#3601=CARTESIAN_POINT('Ctrl Pts',(28.3622368896164,0.737894905954279,9.07791259213674));
#3602=CARTESIAN_POINT('Ctrl Pts',(28.3787842133408,-1.39224532727951,10.7118385578801));
#3603=CARTESIAN_POINT('Ctrl Pts',(28.385324143518,-2.20548367139806,11.5054815333113));
#3604=CARTESIAN_POINT('Ctrl Pts',(27.8205713026188,5.00000000000002,7.93688731076139));
#3605=CARTESIAN_POINT('Ctrl Pts',(27.8205713026188,3.3716779647919,7.93688731076138));
#3606=CARTESIAN_POINT('Ctrl Pts',(27.867261781394,0.57327959903044,8.75314323203611));
#3607=CARTESIAN_POINT('Ctrl Pts',(27.9362330412556,-1.6166971183702,10.431646019848));
#3608=CARTESIAN_POINT('Ctrl Pts',(27.9639805261583,-2.45132720065523,11.2463647234864));
#3609=CARTESIAN_POINT('Ctrl Pts',(27.2556788163529,5.00000000000002,7.93243165810822));
#3610=CARTESIAN_POINT('Ctrl Pts',(27.2556788163529,3.37091556171087,7.93243165810822));
#3611=CARTESIAN_POINT('Ctrl Pts',(27.3247094425039,0.563582770171942,8.71478335881512));
#3612=CARTESIAN_POINT('Ctrl Pts',(27.4345021282615,-1.66627380279374,10.3676469105687));
#3613=CARTESIAN_POINT('Ctrl Pts',(27.4800167125235,-2.51756358521862,11.1765521857545));
#3614=CARTESIAN_POINT('Ctrl Pts',(26.9558125716649,5.00000000000002,8.08936715640295));
#3615=CARTESIAN_POINT('Ctrl Pts',(26.9558125716649,3.39860246048255,8.08936715640295));
#3616=CARTESIAN_POINT('Ctrl Pts',(27.0241344655993,0.630120386237812,8.82731752436289));
#3617=CARTESIAN_POINT('Ctrl Pts',(27.1420004977038,-1.61174612345692,10.4335140784103));
#3618=CARTESIAN_POINT('Ctrl Pts',(27.1923699675092,-2.47010244461531,11.2265757897149));
#3619=CARTESIAN_POINT('Ctrl Pts',(26.8333333333338,5.00000000000002,8.19891591749923));
#3620=CARTESIAN_POINT('Ctrl Pts',(26.8333333333338,3.41805601974007,8.19891591749923));
#3621=CARTESIAN_POINT('Ctrl Pts',(26.8964428001549,0.67804696569208,8.91194658387897));
#3622=CARTESIAN_POINT('Ctrl Pts',(27.0119642169607,-1.56583689205977,10.4896606784538));
#3623=CARTESIAN_POINT('Ctrl Pts',(27.0623934230706,-2.42656376927979,11.2724651515013));
#3624=CARTESIAN_POINT('Ctrl Pts',(27.0324086227004,-1.89977241303226,10.8173727099334));
#3625=CARTESIAN_POINT('Ctrl Pts',(26.9926047466757,-1.17874371101435,10.2263490054439));
#3626=CARTESIAN_POINT('Ctrl Pts',(26.8910502222093,0.912175269096964,8.85101953695972));
#3627=CARTESIAN_POINT('Ctrl Pts',(26.8333333333338,3.41805601974007,8.19891591749923));
#3628=CARTESIAN_POINT('Ctrl Pts',(26.8333333333338,5.00000000000002,8.19891591749923));
#3629=CARTESIAN_POINT('Origin',(19.5000000000005,5.,0.));
#3630=CARTESIAN_POINT('',(14.5000000000008,-7.,-22.4499443206437));
#3631=CARTESIAN_POINT('Origin',(19.5000000000005,-7.,0.));
#3632=CARTESIAN_POINT('',(14.5,-6.90150383452328,-20.8752115661077));
#3633=CARTESIAN_POINT('Ctrl Pts',(14.5,-7.,-22.4499443206436));
#3634=CARTESIAN_POINT('Ctrl Pts',(14.5,-7.,-21.9472035679937));
#3635=CARTESIAN_POINT('Ctrl Pts',(14.5,-6.96905921295199,-21.4140428590422));
#3636=CARTESIAN_POINT('Ctrl Pts',(14.5,-6.90150383452328,-20.8752115661077));
#3637=CARTESIAN_POINT('',(14.2879901704909,-6.90457451472295,-20.8480393180365));
#3638=CARTESIAN_POINT('Ctrl Pts',(14.2879901704909,-6.90457451472295,-20.8480393180365));
#3639=CARTESIAN_POINT('Ctrl Pts',(14.3571825477188,-6.90457451472295,-20.8653374123435));
#3640=CARTESIAN_POINT('Ctrl Pts',(14.4283276618276,-6.9035624075866,-20.8744641841078));
#3641=CARTESIAN_POINT('Ctrl Pts',(14.5,-6.90150383452328,-20.8752115661077));
#3642=CARTESIAN_POINT('',(13.5553637607294,-6.77515967502445,-19.8154541309085));
#3643=CARTESIAN_POINT('Ctrl Pts',(13.5553637607294,-6.77515967502445,-19.8154541309085));
#3644=CARTESIAN_POINT('Ctrl Pts',(13.554935359676,-6.77834879749381,-19.8322827436543));
#3645=CARTESIAN_POINT('Ctrl Pts',(13.5548057690308,-6.7846255292207,-19.8659852859368));
#3646=CARTESIAN_POINT('Ctrl Pts',(13.5574703204123,-6.79674127494784,-19.9333211278878));
#3647=CARTESIAN_POINT('Ctrl Pts',(13.5734167499953,-6.82242163711071,-20.0840586186877));
#3648=CARTESIAN_POINT('Ctrl Pts',(13.6296569372482,-6.85067459245993,-20.2765582490478));
#3649=CARTESIAN_POINT('Ctrl Pts',(13.8259597510889,-6.89250706086048,-20.6225033297682));
#3650=CARTESIAN_POINT('Ctrl Pts',(14.074264040686,-6.90457451472295,-20.7946077855853));
#3651=CARTESIAN_POINT('Ctrl Pts',(14.2879901704909,-6.90457451472295,-20.8480393180365));
#3652=CARTESIAN_POINT('',(19.5000000000002,-1.89951489491283,-13.1818181818182));
#3653=CARTESIAN_POINT('Ctrl Pts',(19.5000000000002,-1.89951489491282,-13.1818181818182));
#3654=CARTESIAN_POINT('Ctrl Pts',(19.0269459736633,-1.89951489491282,-13.1818181818182));
#3655=CARTESIAN_POINT('Ctrl Pts',(18.3309698027162,-2.12337733328621,-13.2952650438904));
#3656=CARTESIAN_POINT('Ctrl Pts',(17.1171116627609,-2.89863326306655,-13.7538264777157));
#3657=CARTESIAN_POINT('Ctrl Pts',(15.7279716034088,-4.18497289029303,-14.6806782284512));
#3658=CARTESIAN_POINT('Ctrl Pts',(14.154262395463,-5.84211974307132,-16.6758528698385));
#3659=CARTESIAN_POINT('Ctrl Pts',(13.5825833023348,-6.57253073415894,-18.7462057687984));
#3660=CARTESIAN_POINT('Ctrl Pts',(13.5553637607294,-6.77515967502445,-19.8154541309085));
#3661=CARTESIAN_POINT('',(27.032467532468,-1.89951489491282,-10.8176829058184));
#3662=CARTESIAN_POINT('Origin',(19.5000000000005,-1.89951489491282,0.));
#3663=CARTESIAN_POINT('Ctrl Pts',(26.8333333333338,5.,-8.19891591749923));
#3664=CARTESIAN_POINT('Ctrl Pts',(26.8333333333338,3.55321308432223,-8.19891591749923));
#3665=CARTESIAN_POINT('Ctrl Pts',(26.88575297666,1.04085647051487,-8.79330197900919));
#3666=CARTESIAN_POINT('Ctrl Pts',(26.9871566879293,-1.07531194393128,-10.1434640961354));
#3667=CARTESIAN_POINT('Ctrl Pts',(27.032467532468,-1.89951489491286,-10.8176829058184));
#3668=CARTESIAN_POINT('Ctrl Pts',(14.5,-5.79389636877241,-20.0000000000055));
#3669=CARTESIAN_POINT('Ctrl Pts',(14.4999999999991,-5.60815317297902,-19.1769752451089));
#3670=CARTESIAN_POINT('Ctrl Pts',(14.9264782479122,-4.93860976448204,-17.5920112861848));
#3671=CARTESIAN_POINT('Ctrl Pts',(16.2146296968935,-3.41955848276861,-16.0948908629388));
#3672=CARTESIAN_POINT('Ctrl Pts',(17.4046409628882,-2.24041382447768,-15.4149041355746));
#3673=CARTESIAN_POINT('Ctrl Pts',(18.4657911200492,-1.52976255551235,-15.0817047013093));
#3674=CARTESIAN_POINT('Ctrl Pts',(19.0813199996788,-1.32455532033676,-15.));
#3675=CARTESIAN_POINT('Ctrl Pts',(19.5000000000001,-1.32455532033676,-15.));
#3676=CARTESIAN_POINT('Ctrl Pts',(14.5,-5.93573396719446,-19.9733246492564));
#3677=CARTESIAN_POINT('Ctrl Pts',(14.5043902072863,-5.74782154186839,-19.1371576147623));
#3678=CARTESIAN_POINT('Ctrl Pts',(14.9540436754507,-5.07736361157806,-17.5244202457456));
#3679=CARTESIAN_POINT('Ctrl Pts',(16.297478876093,-3.56886612531056,-16.0196911722391));
#3680=CARTESIAN_POINT('Ctrl Pts',(17.5159140291796,-2.41718964585339,-15.3648112704968));
#3681=CARTESIAN_POINT('Ctrl Pts',(18.5573518641597,-1.7462162503746,-15.0647204441736));
#3682=CARTESIAN_POINT('Ctrl Pts',(19.1223177850001,-1.56541607417013,-15.));
#3683=CARTESIAN_POINT('Ctrl Pts',(19.5000000000001,-1.56541607417013,-15.));
#3684=CARTESIAN_POINT('Ctrl Pts',(14.4365175001358,-6.21936493524763,-19.9199822658523));
#3685=CARTESIAN_POINT('Ctrl Pts',(14.4494207614826,-6.02711288099796,-19.0470170539614));
#3686=CARTESIAN_POINT('Ctrl Pts',(14.9423070077573,-5.35445146571337,-17.3587498041324));
#3687=CARTESIAN_POINT('Ctrl Pts',(16.3905043673579,-3.86689342201649,-15.7922968993793));
#3688=CARTESIAN_POINT('Ctrl Pts',(17.6767770293318,-2.76988587318771,-15.1365384774538));
#3689=CARTESIAN_POINT('Ctrl Pts',(18.7036733212685,-2.17863799742711,-14.8625104911497));
#3690=CARTESIAN_POINT('Ctrl Pts',(19.1890150129068,-2.04638897414258,-14.8178736245433));
#3691=CARTESIAN_POINT('Ctrl Pts',(19.5000000000001,-2.04638897414258,-14.8178736245433));
#3692=CARTESIAN_POINT('Ctrl Pts',(14.190791211267,-6.53728022235801,-19.8601920417755));
#3693=CARTESIAN_POINT('Ctrl Pts',(14.2125610307358,-6.33986827345041,-18.9173291510122));
#3694=CARTESIAN_POINT('Ctrl Pts',(14.7485399949234,-5.65651349572434,-17.0891477068488));
#3695=CARTESIAN_POINT('Ctrl Pts',(16.2876365251669,-4.15737141998126,-15.3569556009497));
#3696=CARTESIAN_POINT('Ctrl Pts',(17.6426642079084,-3.06537776943357,-14.5942622876661));
#3697=CARTESIAN_POINT('Ctrl Pts',(18.7075284806174,-2.49381912866891,-14.2562883147832));
#3698=CARTESIAN_POINT('Ctrl Pts',(19.1929173483832,-2.37644404135392,-14.1936194041611));
#3699=CARTESIAN_POINT('Ctrl Pts',(19.5000000000001,-2.37644404135392,-14.1936194041611));
#3700=CARTESIAN_POINT('Ctrl Pts',(13.8775656474569,-6.72265144562362,-19.8253293364394));
#3701=CARTESIAN_POINT('Ctrl Pts',(13.9039961912673,-6.52175299963238,-18.8138135512728));
#3702=CARTESIAN_POINT('Ctrl Pts',(14.464559922799,-5.81850208468545,-16.8520756906602));
#3703=CARTESIAN_POINT('Ctrl Pts',(16.0380853347089,-4.25841002945805,-14.9616130895913));
#3704=CARTESIAN_POINT('Ctrl Pts',(17.4209484024033,-3.09182684137879,-14.0882249137257));
#3705=CARTESIAN_POINT('Ctrl Pts',(18.5536685624785,-2.44245545563666,-13.6694436669776));
#3706=CARTESIAN_POINT('Ctrl Pts',(19.1254050761545,-2.28458141368278,-13.5752071408291));
#3707=CARTESIAN_POINT('Ctrl Pts',(19.5000000000001,-2.28458141368278,-13.5752071408291));
#3708=CARTESIAN_POINT('Ctrl Pts',(13.6634409031539,-6.76927017787832,-19.8165617667105));
#3709=CARTESIAN_POINT('Ctrl Pts',(13.69072464728,-6.56706673357089,-18.765587468847));
#3710=CARTESIAN_POINT('Ctrl Pts',(14.2594879024733,-5.8463672376042,-16.7291649704806));
#3711=CARTESIAN_POINT('Ctrl Pts',(15.834744470096,-4.22453484683776,-14.7625968945861));
#3712=CARTESIAN_POINT('Ctrl Pts',(17.222136776004,-2.98033762135218,-13.8460402505019));
#3713=CARTESIAN_POINT('Ctrl Pts',(18.4077519885725,-2.24866024575411,-13.3948628952525));
#3714=CARTESIAN_POINT('Ctrl Pts',(19.0608730542644,-2.04731581203785,-13.2856820792353));
#3715=CARTESIAN_POINT('Ctrl Pts',(19.5000000000002,-2.04731581203785,-13.2856820792353));
#3716=CARTESIAN_POINT('Ctrl Pts',(13.5553637607294,-6.77515967502445,-19.8154541309085));
#3717=CARTESIAN_POINT('Ctrl Pts',(13.5825833023348,-6.57253073415894,-18.7462057687984));
#3718=CARTESIAN_POINT('Ctrl Pts',(14.154262395463,-5.84211974307132,-16.6758528698385));
#3719=CARTESIAN_POINT('Ctrl Pts',(15.7279716034088,-4.18497289029303,-14.6806782284512));
#3720=CARTESIAN_POINT('Ctrl Pts',(17.1171116627609,-2.89863326306655,-13.7538264777157));
#3721=CARTESIAN_POINT('Ctrl Pts',(18.3309698027162,-2.12337733328621,-13.2952650438904));
#3722=CARTESIAN_POINT('Ctrl Pts',(19.0269459736633,-1.89951489491282,-13.1818181818182));
#3723=CARTESIAN_POINT('Ctrl Pts',(19.5000000000002,-1.89951489491282,-13.1818181818182));
#3724=CARTESIAN_POINT('Origin',(13.5,-5.79389636877241,-20.0000000000067));
#3725=CARTESIAN_POINT('Origin',(19.5000000000001,-1.32455532033676,-14.));
#3726=CARTESIAN_POINT('Origin',(19.5000000000005,-1.32455532033675,0.));
#3727=CARTESIAN_POINT('Origin',(27.5000000000005,-1.32455532033675,-11.4891252930761));
#3728=CARTESIAN_POINT('Ctrl Pts',(14.5000029234615,-5.91252396881814,-20.0000005711328));
#3729=CARTESIAN_POINT('Ctrl Pts',(14.5,-5.91252663849604,-20.));
#3730=CARTESIAN_POINT('Ctrl Pts',(14.5,-5.90146480578889,-20.));
#3731=CARTESIAN_POINT('Ctrl Pts',(14.5,-5.86311837642165,-20.));
#3732=CARTESIAN_POINT('Ctrl Pts',(14.5,-5.83721983401822,-20.));
#3733=CARTESIAN_POINT('Ctrl Pts',(14.5,-5.81367950203552,-20.));
#3734=CARTESIAN_POINT('Ctrl Pts',(14.5,-5.80257340178564,-20.));
#3735=CARTESIAN_POINT('Ctrl Pts',(14.5,-5.79681973103599,-20.));
#3736=CARTESIAN_POINT('Ctrl Pts',(14.5,-5.79389636877241,-20.));
#3737=CARTESIAN_POINT('Ctrl Pts',(14.5,-6.18768865025652,-20.));
#3738=CARTESIAN_POINT('Ctrl Pts',(14.4933169871731,-6.18768865025652,-19.9983292467933));
#3739=CARTESIAN_POINT('Ctrl Pts',(14.4844412828431,-6.17639455672886,-19.9886648116391));
#3740=CARTESIAN_POINT('Ctrl Pts',(14.4850377047174,-6.14011356104609,-19.969609993778));
#3741=CARTESIAN_POINT('Ctrl Pts',(14.4888696451176,-6.11623800240741,-19.9588843518999));
#3742=CARTESIAN_POINT('Ctrl Pts',(14.4945669172275,-6.09510006408963,-19.951662525922));
#3743=CARTESIAN_POINT('Ctrl Pts',(14.4975385252035,-6.08522792622957,-19.9487064530785));
#3744=CARTESIAN_POINT('Ctrl Pts',(14.4991502425888,-6.08014455063243,-19.9473089278127));
#3745=CARTESIAN_POINT('Ctrl Pts',(14.4999999999996,-6.07757156561633,-19.9466492985017));
#3746=CARTESIAN_POINT('Ctrl Pts',(14.4489656684065,-6.66551511936689,-20.204137326374));
#3747=CARTESIAN_POINT('Ctrl Pts',(14.3840089734125,-6.66551511936689,-20.1878981526255));
#3748=CARTESIAN_POINT('Ctrl Pts',(14.3096346855569,-6.65422347036984,-20.1307778381843));
#3749=CARTESIAN_POINT('Ctrl Pts',(14.2610143893408,-6.62119827995085,-20.0109313186103));
#3750=CARTESIAN_POINT('Ctrl Pts',(14.2536845020262,-6.60063999254252,-19.9443604555442));
#3751=CARTESIAN_POINT('Ctrl Pts',(14.2589651294197,-6.58333142035705,-19.8933237371025));
#3752=CARTESIAN_POINT('Ctrl Pts',(14.2631044424385,-6.57541663800034,-19.8708331413225));
#3753=CARTESIAN_POINT('Ctrl Pts',(14.2657615851354,-6.57139772506613,-19.8596897147946));
#3754=CARTESIAN_POINT('Ctrl Pts',(14.2672290883019,-6.56937703885245,-19.8541556039901));
#3755=CARTESIAN_POINT('Ctrl Pts',(14.3376445901514,-6.87860037389334,-20.6494216393945));
#3756=CARTESIAN_POINT('Ctrl Pts',(14.1685380112056,-6.87860037389334,-20.6071449946581));
#3757=CARTESIAN_POINT('Ctrl Pts',(13.9725732716789,-6.8667094723322,-20.4692499519543));
#3758=CARTESIAN_POINT('Ctrl Pts',(13.8209453200578,-6.82863316201515,-20.1898229762895));
#3759=CARTESIAN_POINT('Ctrl Pts',(13.7796502782087,-6.80368550139647,-20.0342598751044));
#3760=CARTESIAN_POINT('Ctrl Pts',(13.7703115565708,-6.78164236719913,-19.9126238483894));
#3761=CARTESIAN_POINT('Ctrl Pts',(13.7698012028411,-6.77135484904998,-19.8583523729139));
#3762=CARTESIAN_POINT('Ctrl Pts',(13.7707483141937,-6.76606049213868,-19.8312146076078));
#3763=CARTESIAN_POINT('Ctrl Pts',(13.7715180455783,-6.76338068073198,-19.8176694025114));
#3764=CARTESIAN_POINT('Ctrl Pts',(14.2879901704909,-6.90457451472295,-20.8480393180365));
#3765=CARTESIAN_POINT('Ctrl Pts',(14.074264040686,-6.90457451472295,-20.7946077855853));
#3766=CARTESIAN_POINT('Ctrl Pts',(13.8259597510889,-6.89250706086048,-20.6225033297682));
#3767=CARTESIAN_POINT('Ctrl Pts',(13.6296569372482,-6.85067459245993,-20.2765582490478));
#3768=CARTESIAN_POINT('Ctrl Pts',(13.5734167499953,-6.82242163711071,-20.0840586186877));
#3769=CARTESIAN_POINT('Ctrl Pts',(13.5574703204123,-6.79674127494784,-19.9333211278878));
#3770=CARTESIAN_POINT('Ctrl Pts',(13.5548057690308,-6.7846255292207,-19.8659852859368));
#3771=CARTESIAN_POINT('Ctrl Pts',(13.554935359676,-6.77834879749381,-19.8322827436543));
#3772=CARTESIAN_POINT('Ctrl Pts',(13.5553637607294,-6.77515967502445,-19.8154541309085));
#3773=CARTESIAN_POINT('',(14.5,-5.91252663849604,-20.));
#3774=CARTESIAN_POINT('Origin',(14.2574643749636,-5.91252663849604,-20.9701425001453));
#3775=CARTESIAN_POINT('',(14.5,-7.,-20.));
#3776=CARTESIAN_POINT('Ctrl Pts',(28.5000000000005,-1.32455532033679,-11.4891252930761));
#3777=CARTESIAN_POINT('Ctrl Pts',(28.5000000000005,-0.56903594860368,-10.8421701636423));
#3778=CARTESIAN_POINT('Ctrl Pts',(28.5000000000005,1.37078509797198,-9.53321369061198));
#3779=CARTESIAN_POINT('Ctrl Pts',(28.5000000000005,3.67377866062866,-8.94427190999916));
#3780=CARTESIAN_POINT('Ctrl Pts',(28.5000000000005,5.,-8.94427190999916));
#3781=CARTESIAN_POINT('Ctrl Pts',(28.5000000000005,-1.45199476461299,-11.3403004913347));
#3782=CARTESIAN_POINT('Ctrl Pts',(28.5000545678066,-0.687878346122124,-10.6795917095221));
#3783=CARTESIAN_POINT('Ctrl Pts',(28.5000688708989,1.27787057962514,-9.3375961180956));
#3784=CARTESIAN_POINT('Ctrl Pts',(28.5000000000005,3.63840046101641,-8.7251743878066));
#3785=CARTESIAN_POINT('Ctrl Pts',(28.5000000000005,5.,-8.7251743878066));
#3786=CARTESIAN_POINT('Ctrl Pts',(28.3813726775819,-1.70669776233984,-11.042856294564));
#3787=CARTESIAN_POINT('Ctrl Pts',(28.375284083866,-0.925392694095137,-10.3545646235163));
#3788=CARTESIAN_POINT('Ctrl Pts',(28.3602784346686,1.09208821938705,-8.94658853168759));
#3789=CARTESIAN_POINT('Ctrl Pts',(28.3505263507116,3.56749724388453,-8.28746793726203));
#3790=CARTESIAN_POINT('Ctrl Pts',(28.3505263507116,5.,-8.28746793726203));
#3791=CARTESIAN_POINT('Ctrl Pts',(27.9472669218106,-1.93915361073968,-10.7713924966149));
#3792=CARTESIAN_POINT('Ctrl Pts',(27.9216076331887,-1.13645196718801,-10.0646398735442));
#3793=CARTESIAN_POINT('Ctrl Pts',(27.8594375743126,0.940271185380392,-8.6176271428854));
#3794=CARTESIAN_POINT('Ctrl Pts',(27.8205713026188,3.51079744640402,-7.93688731076139));
#3795=CARTESIAN_POINT('Ctrl Pts',(27.8205713026188,5.,-7.93688731076139));
#3796=CARTESIAN_POINT('Ctrl Pts',(27.452772641947,-1.99550642855751,-10.7055832254984));
#3797=CARTESIAN_POINT('Ctrl Pts',(27.4111218989232,-1.17785359186804,-10.0057659322426));
#3798=CARTESIAN_POINT('Ctrl Pts',(27.3130863918671,0.932969051435797,-8.58479136067128));
#3799=CARTESIAN_POINT('Ctrl Pts',(27.255678816353,3.51010018100408,-7.93243165810823));
#3800=CARTESIAN_POINT('Ctrl Pts',(27.255678816353,5.,-7.93243165810823));
#3801=CARTESIAN_POINT('Ctrl Pts',(27.1623673890902,-1.94420145329542,-10.7654975857272));
#3802=CARTESIAN_POINT('Ctrl Pts',(27.1167759655518,-1.12131733562503,-10.081350941932));
#3803=CARTESIAN_POINT('Ctrl Pts',(27.0125918426884,0.995878595414416,-8.70457431233331));
#3804=CARTESIAN_POINT('Ctrl Pts',(26.9558125716649,3.53542158516147,-8.08936715640295));
#3805=CARTESIAN_POINT('Ctrl Pts',(26.9558125716649,5.,-8.08936715640295));
#3806=CARTESIAN_POINT('Ctrl Pts',(27.032467532468,-1.89951489491286,-10.8176829058184));
#3807=CARTESIAN_POINT('Ctrl Pts',(26.9871566879293,-1.07531194393128,-10.1434640961354));
#3808=CARTESIAN_POINT('Ctrl Pts',(26.88575297666,1.04085647051487,-8.79330197900919));
#3809=CARTESIAN_POINT('Ctrl Pts',(26.8333333333338,3.55321308432223,-8.19891591749923));
#3810=CARTESIAN_POINT('Ctrl Pts',(26.8333333333338,5.,-8.19891591749923));
#3811=CARTESIAN_POINT('Origin',(27.5000000000005,-1.32455532033679,-11.4891252930761));
#3812=CARTESIAN_POINT('Origin',(27.5000000000005,-1.32455532033675,-11.4891252930761));
#3813=CARTESIAN_POINT('Ctrl Pts',(14.5000006403497,-5.90970884345224,-19.9999974386012));
#3814=CARTESIAN_POINT('Ctrl Pts',(14.5,-5.91159887362104,-20.));
#3815=CARTESIAN_POINT('Ctrl Pts',(14.5,-5.91252663849604,-20.));
#3816=CARTESIAN_POINT('Ctrl Pts',(14.5,-5.91252364303161,-19.9999973491147));
#3817=CARTESIAN_POINT('Ctrl Pts',(14.5072295699663,-6.18491023031289,-20.0002154130449));
#3818=CARTESIAN_POINT('Ctrl Pts',(14.504915521052,-6.18676766612376,-20.00067064874));
#3819=CARTESIAN_POINT('Ctrl Pts',(14.5021635798344,-6.18768865025652,-20.0005408949586));
#3820=CARTESIAN_POINT('Ctrl Pts',(14.5,-6.18768865025652,-20.));
#3821=CARTESIAN_POINT('Ctrl Pts',(14.5135104771396,-6.66279206669916,-20.2111282871376));
#3822=CARTESIAN_POINT('Ctrl Pts',(14.4915882128463,-6.66460699889388,-20.2117455822511));
#3823=CARTESIAN_POINT('Ctrl Pts',(14.4699947886403,-6.66551440408192,-20.2093953155952));
#3824=CARTESIAN_POINT('Ctrl Pts',(14.4489655015447,-6.66551440408192,-20.2041379938213));
#3825=CARTESIAN_POINT('Ctrl Pts',(14.5054221774747,-6.8756675185751,-20.6704361526703));
#3826=CARTESIAN_POINT('Ctrl Pts',(14.4486549678461,-6.87762816946245,-20.6701663383552));
#3827=CARTESIAN_POINT('Ctrl Pts',(14.3923916920281,-6.87860037389334,-20.6631084148637));
#3828=CARTESIAN_POINT('Ctrl Pts',(14.3376445901514,-6.87860037389334,-20.6494216393945));
#3829=CARTESIAN_POINT('Ctrl Pts',(14.5,-6.90150383452328,-20.8752115661077));
#3830=CARTESIAN_POINT('Ctrl Pts',(14.4283276618276,-6.9035624075866,-20.8744641841078));
#3831=CARTESIAN_POINT('Ctrl Pts',(14.3571825477188,-6.90457451472295,-20.8653374123435));
#3832=CARTESIAN_POINT('Ctrl Pts',(14.2879901704909,-6.90457451472295,-20.8480393180365));
#3833=CARTESIAN_POINT('Ctrl Pts',(14.5,-6.90150383452328,-20.8752115661077));
#3834=CARTESIAN_POINT('Ctrl Pts',(14.5,-6.88530491212986,-20.7460066604375));
#3835=CARTESIAN_POINT('Ctrl Pts',(14.5000000000283,-6.84403007971035,-20.621199152197));
#3836=CARTESIAN_POINT('Ctrl Pts',(14.5000000000283,-6.71600165665984,-20.3944883829517));
#3837=CARTESIAN_POINT('Ctrl Pts',(14.5,-6.63049265171137,-20.2947352237559));
#3838=CARTESIAN_POINT('Ctrl Pts',(14.5,-6.44470520200658,-20.1483073460528));
#3839=CARTESIAN_POINT('Ctrl Pts',(14.5,-6.35114155239772,-20.0961987012973));
#3840=CARTESIAN_POINT('Ctrl Pts',(14.5,-6.19966436893847,-20.0411425607542));
#3841=CARTESIAN_POINT('Ctrl Pts',(14.5,-6.14672478590976,-20.0266984394662));
#3842=CARTESIAN_POINT('Ctrl Pts',(14.5,-6.03529782670486,-20.0059801565868));
#3843=CARTESIAN_POINT('Ctrl Pts',(14.5,-5.9768044509301,-20.0003669548023));
#3844=CARTESIAN_POINT('Ctrl Pts',(14.5,-5.91639769568363,-20.0000057922844));
#3845=CARTESIAN_POINT('Ctrl Pts',(14.5,-5.91446215631301,-20.));
#3846=CARTESIAN_POINT('Ctrl Pts',(14.5,-5.91252663849604,-20.));
#3847=CARTESIAN_POINT('Origin',(4.28717190450101E-13,15.5,-20.));
#3848=CARTESIAN_POINT('',(3.75000000000043,15.5,-20.));
#3849=CARTESIAN_POINT('Origin',(4.28717190450101E-13,15.5,-20.));
#3850=CARTESIAN_POINT('',(3.75000000000043,15.5,-16.));
#3851=CARTESIAN_POINT('',(3.75000000000043,15.5,-20.));
#3852=CARTESIAN_POINT('Origin',(4.28717190450101E-13,15.5,-16.));
#3853=CARTESIAN_POINT('Origin',(4.28584371057884E-13,15.5,-16.));
#3854=CARTESIAN_POINT('',(2.50000000000043,15.5,-16.));
#3855=CARTESIAN_POINT('Origin',(4.28717190450101E-13,15.5,-16.));
#3856=CARTESIAN_POINT('Origin',(-12.9999999999996,22.5,-68.5));
#3857=CARTESIAN_POINT('',(-14.4999999999992,45.,-67.));
#3858=CARTESIAN_POINT('',(-11.4999999999992,45.,-70.));
#3859=CARTESIAN_POINT('',(-26.8749999999988,45.,-54.6250000000046));
#3860=CARTESIAN_POINT('',(-11.4999999999992,40.,-70.));
#3861=CARTESIAN_POINT('',(-11.4999999999992,22.5,-70.));
#3862=CARTESIAN_POINT('',(-14.4999999999992,40.,-67.));
#3863=CARTESIAN_POINT('',(-12.9999999999996,40.,-68.5));
#3864=CARTESIAN_POINT('',(-14.5,22.5,-67.));
#3865=CARTESIAN_POINT('Origin',(-14.5,0.,-20.));
#3866=CARTESIAN_POINT('',(-14.4999999999992,40.,-23.));
#3867=CARTESIAN_POINT('',(-14.4999999999992,40.,-20.));
#3868=CARTESIAN_POINT('',(-14.499999999999,37.,-20.));
#3869=CARTESIAN_POINT('',(-14.5,28.5,-11.5));
#3870=CARTESIAN_POINT('',(-14.499999999999,1.,-20.));
#3871=CARTESIAN_POINT('',(-14.499999999999,0.,-20.));
#3872=CARTESIAN_POINT('',(-14.4999999999992,-2.,-23.));
#3873=CARTESIAN_POINT('',(-14.5,2.62290189567696E-15,-21.));
#3874=CARTESIAN_POINT('',(-14.4999999999992,-2.,-67.));
#3875=CARTESIAN_POINT('',(-14.4999999999992,-2.,-65.));
#3876=CARTESIAN_POINT('',(-14.4999999999992,-7.,-67.));
#3877=CARTESIAN_POINT('',(-14.5,-1.,-67.));
#3878=CARTESIAN_POINT('',(-14.4999999999992,-7.,67.));
#3879=CARTESIAN_POINT('',(-14.4999999999992,-7.,70.));
#3880=CARTESIAN_POINT('',(-14.4999999999992,-2.,67.));
#3881=CARTESIAN_POINT('',(-14.5,-1.,67.));
#3882=CARTESIAN_POINT('',(-14.4999999999992,-2.,23.));
#3883=CARTESIAN_POINT('',(-14.4999999999992,-2.,65.));
#3884=CARTESIAN_POINT('',(-14.5,1.,20.));
#3885=CARTESIAN_POINT('',(-14.5,10.,11.));
#3886=CARTESIAN_POINT('',(-14.5,37.,20.));
#3887=CARTESIAN_POINT('',(-14.5,0.,20.));
#3888=CARTESIAN_POINT('',(-14.4999999999992,40.,23.));
#3889=CARTESIAN_POINT('',(-14.5,18.5,1.49999999999998));
#3890=CARTESIAN_POINT('',(-14.4999999999992,40.,67.));
#3891=CARTESIAN_POINT('',(-14.4999999999992,40.,20.));
#3892=CARTESIAN_POINT('',(-14.5,45.,67.));
#3893=CARTESIAN_POINT('',(-14.5,22.5,67.));
#3894=CARTESIAN_POINT('',(-14.4999999999992,45.,-15.));
#3895=CARTESIAN_POINT('Origin',(-14.4999999999992,40.,-70.));
#3896=CARTESIAN_POINT('',(11.5000000000008,40.,-70.));
#3897=CARTESIAN_POINT('',(-14.4999999999992,40.,-70.));
#3898=CARTESIAN_POINT('',(14.5000000000008,40.,-67.));
#3899=CARTESIAN_POINT('',(5.7500000000024,40.,-75.75));
#3900=CARTESIAN_POINT('',(14.5000000000008,40.,-23.));
#3901=CARTESIAN_POINT('',(14.5000000000008,40.,-20.));
#3902=CARTESIAN_POINT('',(4.07183865169419E-13,40.,-23.));
#3903=CARTESIAN_POINT('',(10.0000000000008,40.,-62.));
#3904=CARTESIAN_POINT('',(10.0000000000008,40.,-66.));
#3905=CARTESIAN_POINT('',(10.0000000000008,40.,-68.));
#3906=CARTESIAN_POINT('',(2.50000000000082,40.,-66.));
#3907=CARTESIAN_POINT('',(-5.99999999999918,40.,-66.));
#3908=CARTESIAN_POINT('',(2.50000000000081,40.,-62.));
#3909=CARTESIAN_POINT('',(2.50000000000082,40.,-66.));
#3910=CARTESIAN_POINT('',(-2.24999999999918,40.,-62.));
#3911=CARTESIAN_POINT('',(-9.99999999999918,40.,-66.));
#3912=CARTESIAN_POINT('',(-9.99999999999918,40.,-62.));
#3913=CARTESIAN_POINT('',(-9.99999999999918,40.,-66.));
#3914=CARTESIAN_POINT('',(-2.49999999999919,40.,-62.));
#3915=CARTESIAN_POINT('',(-8.49999999999918,40.,-62.));
#3916=CARTESIAN_POINT('',(-2.49999999999918,40.,-66.));
#3917=CARTESIAN_POINT('',(-2.49999999999917,40.,-68.));
#3918=CARTESIAN_POINT('',(-12.2499999999992,40.,-66.));
#3919=CARTESIAN_POINT('Origin',(-12.9999999999996,-1.,-68.5));
#3920=CARTESIAN_POINT('',(-11.4999999999992,-7.,-70.));
#3921=CARTESIAN_POINT('',(-26.8749999999987,-7.,-54.6250000000047));
#3922=CARTESIAN_POINT('',(-11.4999999999992,-2.,-70.));
#3923=CARTESIAN_POINT('',(-25.4999999999996,-2.,-56.0000000000034));
#3924=CARTESIAN_POINT('',(-11.4999999999992,-1.,-70.));
#3925=CARTESIAN_POINT('Origin',(5.12923037376822E-13,-7.,-2.22044604925031E-15));
#3926=CARTESIAN_POINT('',(11.5000000000008,-7.,70.));
#3927=CARTESIAN_POINT('',(26.8750000000013,-7.,54.6249999999953));
#3928=CARTESIAN_POINT('',(-11.4999999999992,-7.,70.));
#3929=CARTESIAN_POINT('',(-14.4999999999992,-7.,70.));
#3930=CARTESIAN_POINT('',(-26.8749999999987,-7.,54.6250000000047));
#3931=CARTESIAN_POINT('',(11.5000000000008,-7.,-70.));
#3932=CARTESIAN_POINT('',(-14.4999999999992,-7.,-70.));
#3933=CARTESIAN_POINT('',(14.5000000000008,-7.,-67.));
#3934=CARTESIAN_POINT('',(26.8750000000013,-7.,-54.6249999999953));
#3935=CARTESIAN_POINT('',(14.5000000000008,-7.,-70.));
#3936=CARTESIAN_POINT('',(-9.99999999999918,-7.,-66.));
#3937=CARTESIAN_POINT('',(-9.99999999999918,-7.,-62.));
#3938=CARTESIAN_POINT('',(-9.99999999999918,-7.,-31.));
#3939=CARTESIAN_POINT('',(-2.49999999999919,-7.,-62.));
#3940=CARTESIAN_POINT('',(-1.24999999999934,-7.,-62.));
#3941=CARTESIAN_POINT('',(-2.49999999999918,-7.,-66.));
#3942=CARTESIAN_POINT('',(-2.49999999999927,-7.,-33.));
#3943=CARTESIAN_POINT('',(-4.99999999999933,-7.,-66.));
#3944=CARTESIAN_POINT('',(10.0000000000008,-7.,-62.));
#3945=CARTESIAN_POINT('',(10.0000000000008,-7.,-66.));
#3946=CARTESIAN_POINT('',(10.0000000000008,-7.,-33.));
#3947=CARTESIAN_POINT('',(2.50000000000082,-7.,-66.));
#3948=CARTESIAN_POINT('',(1.25000000000067,-7.,-66.));
#3949=CARTESIAN_POINT('',(2.50000000000081,-7.,-62.));
#3950=CARTESIAN_POINT('',(2.50000000000072,-7.,-31.));
#3951=CARTESIAN_POINT('',(5.00000000000067,-7.,-62.));
#3952=CARTESIAN_POINT('',(-9.99999999999918,-7.,62.));
#3953=CARTESIAN_POINT('',(-9.99999999999918,-7.,66.));
#3954=CARTESIAN_POINT('',(-9.99999999999918,-7.,31.));
#3955=CARTESIAN_POINT('',(-2.49999999999918,-7.,66.));
#3956=CARTESIAN_POINT('',(-4.99999999999933,-7.,66.));
#3957=CARTESIAN_POINT('',(-2.49999999999919,-7.,62.));
#3958=CARTESIAN_POINT('',(-2.49999999999927,-7.,33.));
#3959=CARTESIAN_POINT('',(-1.24999999999934,-7.,62.));
#3960=CARTESIAN_POINT('',(10.0000000000008,-7.,66.));
#3961=CARTESIAN_POINT('',(10.0000000000008,-7.,62.));
#3962=CARTESIAN_POINT('',(10.0000000000008,-7.,33.));
#3963=CARTESIAN_POINT('',(2.50000000000081,-7.,62.));
#3964=CARTESIAN_POINT('',(5.00000000000067,-7.,62.));
#3965=CARTESIAN_POINT('',(2.50000000000082,-7.,66.));
#3966=CARTESIAN_POINT('',(2.50000000000072,-7.,31.));
#3967=CARTESIAN_POINT('',(1.25000000000067,-7.,66.));
#3968=CARTESIAN_POINT('Origin',(-14.4999999999992,-2.,-70.));
#3969=CARTESIAN_POINT('',(11.5000000000008,-2.,-70.));
#3970=CARTESIAN_POINT('',(-14.4999999999992,-2.,-70.));
#3971=CARTESIAN_POINT('',(11.5000000000008,-1.,-70.));
#3972=CARTESIAN_POINT('Origin',(13.0000000000004,-1.,-68.5));
#3973=CARTESIAN_POINT('',(14.5000000000008,-2.,-67.));
#3974=CARTESIAN_POINT('',(18.2500000000024,-2.,-63.2499999999966));
#3975=CARTESIAN_POINT('',(14.5,-1.,-67.));
#3976=CARTESIAN_POINT('Origin',(13.0000000000004,22.5,-68.5));
#3977=CARTESIAN_POINT('',(11.5000000000008,45.,-70.));
#3978=CARTESIAN_POINT('',(11.5000000000008,22.5,-70.));
#3979=CARTESIAN_POINT('',(14.5,45.,-67.));
#3980=CARTESIAN_POINT('',(26.8750000000012,45.,-54.6249999999954));
#3981=CARTESIAN_POINT('',(14.5,22.5,-67.));
#3982=CARTESIAN_POINT('Origin',(14.5,0.,20.));
#3983=CARTESIAN_POINT('',(14.5,37.,-20.));
#3984=CARTESIAN_POINT('',(14.5,0.,-20.));
#3985=CARTESIAN_POINT('',(14.5,18.5,-1.5));
#3986=CARTESIAN_POINT('',(14.5,45.,-20.));
#3987=CARTESIAN_POINT('Origin',(14.5000000000008,35.,3.));
#3988=CARTESIAN_POINT('',(6.50000000000045,45.,3.));
#3989=CARTESIAN_POINT('',(7.25000000000041,45.,3.));
#3990=CARTESIAN_POINT('',(6.50000000000045,35.,3.));
#3991=CARTESIAN_POINT('',(14.5000000000008,35.,3.));
#3992=CARTESIAN_POINT('',(6.50000000000045,17.5,3.));
#3993=CARTESIAN_POINT('Origin',(6.50000000000045,0.,-6.49999999999907));
#3994=CARTESIAN_POINT('',(6.50000000000045,35.,-3.));
#3995=CARTESIAN_POINT('Origin',(6.50000000000045,35.,0.));
#3996=CARTESIAN_POINT('',(6.50000000000045,45.,-3.));
#3997=CARTESIAN_POINT('',(6.50000000000045,22.5,-3.));
#3998=CARTESIAN_POINT('',(6.50000000000045,45.,-6.49999999999907));
#3999=CARTESIAN_POINT('',(6.50000000000045,45.,-6.49999999999907));
#4000=CARTESIAN_POINT('',(6.50000000000045,0.,-6.49999999999907));
#4001=CARTESIAN_POINT('',(6.50000000000045,0.,-6.49999999999907));
#4002=CARTESIAN_POINT('',(6.50000000000045,0.,6.49999999999907));
#4003=CARTESIAN_POINT('',(6.50000000000045,0.,-6.49999999999907));
#4004=CARTESIAN_POINT('',(6.50000000000045,45.,6.49999999999907));
#4005=CARTESIAN_POINT('',(6.50000000000045,0.,6.49999999999907));
#4006=CARTESIAN_POINT('',(6.50000000000045,45.,-6.49999999999907));
#4007=CARTESIAN_POINT('Origin',(14.5000000000008,35.,0.));
#4008=CARTESIAN_POINT('',(14.5000000000008,35.,-3.));
#4009=CARTESIAN_POINT('Origin',(14.5000000000008,45.,-3.));
#4010=CARTESIAN_POINT('',(7.25000000000041,45.,-3.));
#4011=CARTESIAN_POINT('Origin',(14.5,0.,20.));
#4012=CARTESIAN_POINT('',(14.5000000000008,-2.,-23.));
#4013=CARTESIAN_POINT('',(14.5000000000008,-2.,-65.));
#4014=CARTESIAN_POINT('',(14.5,10.,-11.));
#4015=CARTESIAN_POINT('Origin',(4.10782519111308E-13,-0.499999999999997,
-21.5));
#4016=CARTESIAN_POINT('',(4.11012220426748E-13,-2.,-23.));
#4017=CARTESIAN_POINT('',(4.10552817795868E-13,1.,-20.));
#4018=CARTESIAN_POINT('Origin',(-14.4999999999992,-2.,-20.));
#4019=CARTESIAN_POINT('',(10.0000000000008,-2.,-66.));
#4020=CARTESIAN_POINT('',(10.0000000000008,-2.,-62.));
#4021=CARTESIAN_POINT('',(10.0000000000008,-2.,-43.));
#4022=CARTESIAN_POINT('',(2.50000000000081,-2.,-62.));
#4023=CARTESIAN_POINT('',(-2.24999999999918,-2.,-62.));
#4024=CARTESIAN_POINT('',(2.50000000000082,-2.,-66.));
#4025=CARTESIAN_POINT('',(2.50000000000075,-2.,-41.));
#4026=CARTESIAN_POINT('',(-5.99999999999918,-2.,-66.));
#4027=CARTESIAN_POINT('',(-9.99999999999918,-2.,-62.));
#4028=CARTESIAN_POINT('',(-9.99999999999918,-2.,-66.));
#4029=CARTESIAN_POINT('',(-9.99999999999918,-2.,-41.));
#4030=CARTESIAN_POINT('',(-2.49999999999918,-2.,-66.));
#4031=CARTESIAN_POINT('',(-12.2499999999992,-2.,-66.));
#4032=CARTESIAN_POINT('',(-2.49999999999919,-2.,-62.));
#4033=CARTESIAN_POINT('',(-2.49999999999924,-2.,-43.));
#4034=CARTESIAN_POINT('',(-8.49999999999918,-2.,-62.));
#4035=CARTESIAN_POINT('Origin',(4.0695416385398E-13,38.5,-21.5));
#4036=CARTESIAN_POINT('',(4.0672446253854E-13,37.,-20.));
#4037=CARTESIAN_POINT('Origin',(-2.49999999999918,-7.,-66.));
#4038=CARTESIAN_POINT('',(-2.49999999999918,-7.,-66.));
#4039=CARTESIAN_POINT('',(-2.49999999999919,-7.,-62.));
#4040=CARTESIAN_POINT('Origin',(-2.49999999999918,-7.,-66.));
#4041=CARTESIAN_POINT('',(-2.49999999999919,45.,-62.));
#4042=CARTESIAN_POINT('',(-2.49999999999919,-7.,-62.));
#4043=CARTESIAN_POINT('',(-2.49999999999918,45.,-66.));
#4044=CARTESIAN_POINT('',(-2.49999999999927,45.,-33.));
#4045=CARTESIAN_POINT('',(-2.49999999999918,-7.,-66.));
#4046=CARTESIAN_POINT('Origin',(-9.99999999999918,-7.,-66.));
#4047=CARTESIAN_POINT('',(-9.99999999999918,-7.,-66.));
#4048=CARTESIAN_POINT('Origin',(-9.99999999999918,-7.,-66.));
#4049=CARTESIAN_POINT('',(-9.99999999999918,45.,-66.));
#4050=CARTESIAN_POINT('',(-4.99999999999959,45.,-66.));
#4051=CARTESIAN_POINT('',(-9.99999999999918,-7.,-66.));
#4052=CARTESIAN_POINT('Origin',(-2.49999999999919,-7.,-62.));
#4053=CARTESIAN_POINT('',(-9.99999999999918,-7.,-62.));
#4054=CARTESIAN_POINT('Origin',(-9.99999999999918,-7.,-62.));
#4055=CARTESIAN_POINT('Origin',(-9.99999999999918,-7.,-62.));
#4056=CARTESIAN_POINT('',(-9.99999999999918,45.,-62.));
#4057=CARTESIAN_POINT('',(-9.99999999999918,45.,-31.));
#4058=CARTESIAN_POINT('',(-9.99999999999918,-7.,-62.));
#4059=CARTESIAN_POINT('Origin',(-2.49999999999919,-7.,-62.));
#4060=CARTESIAN_POINT('',(-1.24999999999959,45.,-62.));
#4061=CARTESIAN_POINT('Origin',(2.50000000000081,-7.,-62.));
#4062=CARTESIAN_POINT('',(2.50000000000081,-7.,-62.));
#4063=CARTESIAN_POINT('',(2.50000000000082,-7.,-66.));
#4064=CARTESIAN_POINT('Origin',(2.50000000000081,-7.,-62.));
#4065=CARTESIAN_POINT('',(2.50000000000082,45.,-66.));
#4066=CARTESIAN_POINT('',(2.50000000000082,-7.,-66.));
#4067=CARTESIAN_POINT('',(2.50000000000081,45.,-62.));
#4068=CARTESIAN_POINT('',(2.50000000000072,45.,-31.));
#4069=CARTESIAN_POINT('',(2.50000000000081,-7.,-62.));
#4070=CARTESIAN_POINT('Origin',(10.0000000000008,-7.,-62.));
#4071=CARTESIAN_POINT('',(10.0000000000008,-7.,-62.));
#4072=CARTESIAN_POINT('Origin',(10.0000000000008,-7.,-62.));
#4073=CARTESIAN_POINT('',(10.0000000000008,45.,-62.));
#4074=CARTESIAN_POINT('',(5.00000000000041,45.,-62.));
#4075=CARTESIAN_POINT('',(10.0000000000008,-7.,-62.));
#4076=CARTESIAN_POINT('Origin',(2.50000000000082,-7.,-66.));
#4077=CARTESIAN_POINT('',(10.0000000000008,-7.,-66.));
#4078=CARTESIAN_POINT('Origin',(10.0000000000008,-7.,-66.));
#4079=CARTESIAN_POINT('Origin',(10.0000000000008,-7.,-66.));
#4080=CARTESIAN_POINT('',(10.0000000000008,45.,-66.));
#4081=CARTESIAN_POINT('',(10.0000000000008,45.,-33.));
#4082=CARTESIAN_POINT('',(10.0000000000008,-7.,-66.));
#4083=CARTESIAN_POINT('Origin',(2.50000000000082,-7.,-66.));
#4084=CARTESIAN_POINT('',(1.25000000000041,45.,-66.));
#4085=CARTESIAN_POINT('Origin',(-14.4999999999992,45.,-70.));
#4086=CARTESIAN_POINT('',(-14.4999999999992,45.,-70.));
#4087=CARTESIAN_POINT('Origin',(-14.4999999999996,38.5,21.5));
#4088=CARTESIAN_POINT('',(14.500000000001,37.,20.));
#4089=CARTESIAN_POINT('',(14.5000000000008,40.,23.));
#4090=CARTESIAN_POINT('',(14.5,28.5,11.5));
#4091=CARTESIAN_POINT('',(-14.4999999999996,40.,23.));
#4092=CARTESIAN_POINT('',(-14.4999999999996,37.,20.));
#4093=CARTESIAN_POINT('Origin',(-14.4999999999992,40.,70.));
#4094=CARTESIAN_POINT('',(14.5000000000008,40.,67.));
#4095=CARTESIAN_POINT('',(14.5000000000008,40.,20.));
#4096=CARTESIAN_POINT('',(11.5000000000008,40.,70.));
#4097=CARTESIAN_POINT('',(5.7500000000024,40.,75.75));
#4098=CARTESIAN_POINT('',(-11.4999999999992,40.,70.));
#4099=CARTESIAN_POINT('',(-14.4999999999992,40.,70.));
#4100=CARTESIAN_POINT('',(-12.9999999999996,40.,68.5));
#4101=CARTESIAN_POINT('',(10.0000000000008,40.,66.));
#4102=CARTESIAN_POINT('',(10.0000000000008,40.,62.));
#4103=CARTESIAN_POINT('',(10.0000000000008,40.,68.));
#4104=CARTESIAN_POINT('',(2.50000000000081,40.,62.));
#4105=CARTESIAN_POINT('',(-2.24999999999918,40.,62.));
#4106=CARTESIAN_POINT('',(2.50000000000082,40.,66.));
#4107=CARTESIAN_POINT('',(2.50000000000082,40.,66.));
#4108=CARTESIAN_POINT('',(-5.99999999999918,40.,66.));
#4109=CARTESIAN_POINT('',(-9.99999999999918,40.,62.));
#4110=CARTESIAN_POINT('',(-9.99999999999918,40.,66.));
#4111=CARTESIAN_POINT('',(-9.99999999999918,40.,66.));
#4112=CARTESIAN_POINT('',(-2.49999999999918,40.,66.));
#4113=CARTESIAN_POINT('',(-12.2499999999992,40.,66.));
#4114=CARTESIAN_POINT('',(-2.49999999999919,40.,62.));
#4115=CARTESIAN_POINT('',(-2.49999999999917,40.,68.));
#4116=CARTESIAN_POINT('',(-8.49999999999918,40.,62.));
#4117=CARTESIAN_POINT('Origin',(-14.4999999999996,-0.499999999999997,21.5));
#4118=CARTESIAN_POINT('',(-14.4999999999996,-2.,23.));
#4119=CARTESIAN_POINT('',(-14.4999999999996,1.,20.));
#4120=CARTESIAN_POINT('Origin',(-14.4999999999992,-2.,20.));
#4121=CARTESIAN_POINT('',(-11.4999999999992,-2.,70.));
#4122=CARTESIAN_POINT('',(-25.4999999999996,-2.,56.0000000000034));
#4123=CARTESIAN_POINT('',(11.5000000000008,-2.,70.));
#4124=CARTESIAN_POINT('',(-14.4999999999992,-2.,70.));
#4125=CARTESIAN_POINT('',(18.2500000000024,-2.,63.2499999999966));
#4126=CARTESIAN_POINT('',(10.0000000000008,-2.,62.));
#4127=CARTESIAN_POINT('',(10.0000000000008,-2.,66.));
#4128=CARTESIAN_POINT('',(10.0000000000008,-2.,43.));
#4129=CARTESIAN_POINT('',(2.50000000000082,-2.,66.));
#4130=CARTESIAN_POINT('',(-5.99999999999918,-2.,66.));
#4131=CARTESIAN_POINT('',(2.50000000000081,-2.,62.));
#4132=CARTESIAN_POINT('',(2.50000000000075,-2.,41.));
#4133=CARTESIAN_POINT('',(-2.24999999999918,-2.,62.));
#4134=CARTESIAN_POINT('',(-9.99999999999918,-2.,66.));
#4135=CARTESIAN_POINT('',(-9.99999999999918,-2.,62.));
#4136=CARTESIAN_POINT('',(-9.99999999999918,-2.,41.));
#4137=CARTESIAN_POINT('',(-2.49999999999919,-2.,62.));
#4138=CARTESIAN_POINT('',(-8.49999999999918,-2.,62.));
#4139=CARTESIAN_POINT('',(-2.49999999999918,-2.,66.));
#4140=CARTESIAN_POINT('',(-2.49999999999924,-2.,43.));
#4141=CARTESIAN_POINT('',(-12.2499999999992,-2.,66.));
#4142=CARTESIAN_POINT('Origin',(13.0000000000004,22.5,68.5));
#4143=CARTESIAN_POINT('',(14.5000000000008,45.,67.));
#4144=CARTESIAN_POINT('',(11.5000000000008,45.,70.));
#4145=CARTESIAN_POINT('',(26.8750000000012,45.,54.6249999999954));
#4146=CARTESIAN_POINT('',(11.5000000000008,22.5,70.));
#4147=CARTESIAN_POINT('',(14.5,22.5,67.));
#4148=CARTESIAN_POINT('Origin',(-14.4999999999992,45.,70.));
#4149=CARTESIAN_POINT('',(-11.4999999999992,45.,70.));
#4150=CARTESIAN_POINT('',(-14.4999999999992,45.,70.));
#4151=CARTESIAN_POINT('',(-11.4999999999992,22.5,70.));
#4152=CARTESIAN_POINT('Origin',(0.,45.,-4.44089209850063E-15));
#4153=CARTESIAN_POINT('',(-26.8749999999988,45.,54.6250000000045));
#4154=CARTESIAN_POINT('',(14.5000000000008,45.,15.));
#4155=CARTESIAN_POINT('',(-6.50000000000045,45.,6.49999999999907));
#4156=CARTESIAN_POINT('',(6.50000000000045,45.,6.49999999999907));
#4157=CARTESIAN_POINT('',(-6.50000000000045,45.,-6.49999999999907));
#4158=CARTESIAN_POINT('',(-6.50000000000045,45.,6.49999999999907));
#4159=CARTESIAN_POINT('',(-6.50000000000045,45.,-6.49999999999907));
#4160=CARTESIAN_POINT('',(-9.99999999999918,45.,66.));
#4161=CARTESIAN_POINT('',(-9.99999999999918,45.,62.));
#4162=CARTESIAN_POINT('',(-9.99999999999918,45.,31.));
#4163=CARTESIAN_POINT('',(-2.49999999999919,45.,62.));
#4164=CARTESIAN_POINT('',(-1.24999999999959,45.,62.));
#4165=CARTESIAN_POINT('',(-2.49999999999918,45.,66.));
#4166=CARTESIAN_POINT('',(-2.49999999999927,45.,33.));
#4167=CARTESIAN_POINT('',(-4.99999999999959,45.,66.));
#4168=CARTESIAN_POINT('',(10.0000000000008,45.,62.));
#4169=CARTESIAN_POINT('',(10.0000000000008,45.,66.));
#4170=CARTESIAN_POINT('',(10.0000000000008,45.,33.));
#4171=CARTESIAN_POINT('',(2.50000000000082,45.,66.));
#4172=CARTESIAN_POINT('',(1.25000000000041,45.,66.));
#4173=CARTESIAN_POINT('',(2.50000000000081,45.,62.));
#4174=CARTESIAN_POINT('',(2.50000000000072,45.,31.));
#4175=CARTESIAN_POINT('',(5.00000000000041,45.,62.));
#4176=CARTESIAN_POINT('Origin',(-12.9999999999996,22.5,68.5));
#4177=CARTESIAN_POINT('Origin',(-12.9999999999996,-1.,68.5));
#4178=CARTESIAN_POINT('',(-11.4999999999992,-1.,70.));
#4179=CARTESIAN_POINT('Origin',(-14.4999999999992,-2.,70.));
#4180=CARTESIAN_POINT('',(11.5000000000008,-1.,70.));
#4181=CARTESIAN_POINT('Origin',(13.0000000000004,-1.,68.5));
#4182=CARTESIAN_POINT('Origin',(-2.49999999999918,-7.,66.));
#4183=CARTESIAN_POINT('',(-2.49999999999919,-7.,62.));
#4184=CARTESIAN_POINT('',(-2.49999999999918,-7.,66.));
#4185=CARTESIAN_POINT('Origin',(-2.49999999999918,-7.,66.));
#4186=CARTESIAN_POINT('',(-2.49999999999918,-7.,66.));
#4187=CARTESIAN_POINT('',(-2.49999999999919,-7.,62.));
#4188=CARTESIAN_POINT('Origin',(-2.49999999999919,-7.,62.));
#4189=CARTESIAN_POINT('',(-9.99999999999918,-7.,62.));
#4190=CARTESIAN_POINT('Origin',(-2.49999999999919,-7.,62.));
#4191=CARTESIAN_POINT('',(-9.99999999999918,-7.,62.));
#4192=CARTESIAN_POINT('Origin',(-9.99999999999918,-7.,66.));
#4193=CARTESIAN_POINT('',(-9.99999999999918,-7.,66.));
#4194=CARTESIAN_POINT('Origin',(-9.99999999999918,-7.,62.));
#4195=CARTESIAN_POINT('Origin',(-9.99999999999918,-7.,62.));
#4196=CARTESIAN_POINT('',(-9.99999999999918,-7.,66.));
#4197=CARTESIAN_POINT('Origin',(-9.99999999999918,-7.,66.));
#4198=CARTESIAN_POINT('Origin',(2.50000000000081,-7.,62.));
#4199=CARTESIAN_POINT('',(2.50000000000082,-7.,66.));
#4200=CARTESIAN_POINT('',(2.50000000000081,-7.,62.));
#4201=CARTESIAN_POINT('Origin',(2.50000000000081,-7.,62.));
#4202=CARTESIAN_POINT('',(2.50000000000081,-7.,62.));
#4203=CARTESIAN_POINT('',(2.50000000000082,-7.,66.));
#4204=CARTESIAN_POINT('Origin',(2.50000000000082,-7.,66.));
#4205=CARTESIAN_POINT('',(10.0000000000008,-7.,66.));
#4206=CARTESIAN_POINT('Origin',(2.50000000000082,-7.,66.));
#4207=CARTESIAN_POINT('',(10.0000000000008,-7.,66.));
#4208=CARTESIAN_POINT('Origin',(10.0000000000008,-7.,62.));
#4209=CARTESIAN_POINT('',(10.0000000000008,-7.,62.));
#4210=CARTESIAN_POINT('Origin',(10.0000000000008,-7.,66.));
#4211=CARTESIAN_POINT('Origin',(10.0000000000008,-7.,66.));
#4212=CARTESIAN_POINT('',(10.0000000000008,-7.,62.));
#4213=CARTESIAN_POINT('Origin',(10.0000000000008,-7.,62.));
#4214=CARTESIAN_POINT('Origin',(4.28717190450101E-13,15.5,-20.));
#4215=CARTESIAN_POINT('',(2.50000000000043,15.5,-6.49999999999907));
#4216=CARTESIAN_POINT('',(2.50000000000043,15.5,-20.));
#4217=CARTESIAN_POINT('Origin',(4.28717190450101E-13,15.5,-6.49999999999907));
#4218=CARTESIAN_POINT('Origin',(5.12923037376822E-13,0.,-2.22044604925031E-15));
#4219=CARTESIAN_POINT('',(-6.50000000000045,0.,-6.49999999999907));
#4220=CARTESIAN_POINT('',(-6.50000000000045,0.,-6.49999999999907));
#4221=CARTESIAN_POINT('',(-6.50000000000045,0.,6.49999999999907));
#4222=CARTESIAN_POINT('',(-6.50000000000045,0.,6.49999999999907));
#4223=CARTESIAN_POINT('',(6.50000000000045,0.,6.49999999999907));
#4224=CARTESIAN_POINT('Origin',(-6.50000000000045,0.,-6.49999999999907));
#4225=CARTESIAN_POINT('',(-6.50000000000045,0.,-6.49999999999907));
#4226=CARTESIAN_POINT('Origin',(-6.50000000000045,0.,6.49999999999907));
#4227=CARTESIAN_POINT('',(-6.50000000000045,0.,6.49999999999907));
#4228=CARTESIAN_POINT('Origin',(6.50000000000045,0.,6.49999999999907));
#4229=CARTESIAN_POINT('Origin',(-14.5,0.,20.));
#4230=CARTESIAN_POINT('',(14.500000000001,0.,20.));
#4231=CARTESIAN_POINT('Origin',(14.5,0.,-20.));
#4232=CARTESIAN_POINT('Origin',(14.5,0.,20.));
#4233=CARTESIAN_POINT('',(0.,0.,0.));
#4234=UNCERTAINTY_MEASURE_WITH_UNIT(LENGTH_MEASURE(0.01),#4240,
'DISTANCE_ACCURACY_VALUE',
'Maximum model space distance between geometric entities at asserted c
onnectivities');
#4235=UNCERTAINTY_MEASURE_WITH_UNIT(LENGTH_MEASURE(0.01),#4240,
'DISTANCE_ACCURACY_VALUE',
'Maximum model space distance between geometric entities at asserted c
onnectivities');
#4236=UNCERTAINTY_MEASURE_WITH_UNIT(LENGTH_MEASURE(0.01),#4240,
'DISTANCE_ACCURACY_VALUE',
'Maximum model space distance between geometric entities at asserted c
onnectivities');
#4237=(
GEOMETRIC_REPRESENTATION_CONTEXT(3)
GLOBAL_UNCERTAINTY_ASSIGNED_CONTEXT((#4234))
GLOBAL_UNIT_ASSIGNED_CONTEXT((#4240,#4242,#4243))
REPRESENTATION_CONTEXT('','3D')
);
#4238=(
GEOMETRIC_REPRESENTATION_CONTEXT(3)
GLOBAL_UNCERTAINTY_ASSIGNED_CONTEXT((#4235))
GLOBAL_UNIT_ASSIGNED_CONTEXT((#4240,#4242,#4243))
REPRESENTATION_CONTEXT('','3D')
);
#4239=(
GEOMETRIC_REPRESENTATION_CONTEXT(3)
GLOBAL_UNCERTAINTY_ASSIGNED_CONTEXT((#4236))
GLOBAL_UNIT_ASSIGNED_CONTEXT((#4240,#4242,#4243))
REPRESENTATION_CONTEXT('','3D')
);
#4240=(
LENGTH_UNIT()
NAMED_UNIT(*)
SI_UNIT(.MILLI.,.METRE.)
);
#4241=(
LENGTH_UNIT()
NAMED_UNIT(*)
SI_UNIT($,.METRE.)
);
#4242=(
NAMED_UNIT(*)
PLANE_ANGLE_UNIT()
SI_UNIT($,.RADIAN.)
);
#4243=(
NAMED_UNIT(*)
SI_UNIT($,.STERADIAN.)
SOLID_ANGLE_UNIT()
);
#4244=SHAPE_DEFINITION_REPRESENTATION(#4246,#4249);
#4245=SHAPE_DEFINITION_REPRESENTATION(#4247,#4250);
#4246=PRODUCT_DEFINITION_SHAPE('',$,#4252);
#4247=PRODUCT_DEFINITION_SHAPE('',$,#4253);
#4248=PRODUCT_DEFINITION_SHAPE($,$,#14);
#4249=SHAPE_REPRESENTATION('',(#2180,#2339),#4237);
#4250=SHAPE_REPRESENTATION('',(#2181),#4238);
#4251=PRODUCT_DEFINITION_CONTEXT('part definition',#4259,'design');
#4252=PRODUCT_DEFINITION('Halterung Extruder','Halterung Extruder v2',#4254,
#4251);
#4253=PRODUCT_DEFINITION('Komponente1','Komponente1',#4255,#4251);
#4254=PRODUCT_DEFINITION_FORMATION('',$,#4261);
#4255=PRODUCT_DEFINITION_FORMATION('',$,#4262);
#4256=PRODUCT_RELATED_PRODUCT_CATEGORY('Halterung Extruder v2',
'Halterung Extruder v2',(#4261));
#4257=PRODUCT_RELATED_PRODUCT_CATEGORY('Komponente1','Komponente1',(#4262));
#4258=APPLICATION_PROTOCOL_DEFINITION('international standard',
'automotive_design',2009,#4259);
#4259=APPLICATION_CONTEXT(
'Core Data for Automotive Mechanical Design Process');
#4260=PRODUCT_CONTEXT('part definition',#4259,'mechanical');
#4261=PRODUCT('Halterung Extruder','Halterung Extruder v2',$,(#4260));
#4262=PRODUCT('Komponente1','Komponente1',$,(#4260));
#4263=PRESENTATION_STYLE_ASSIGNMENT((#4267));
#4264=PRESENTATION_STYLE_ASSIGNMENT((#4268));
#4265=PRESENTATION_STYLE_ASSIGNMENT((#4269));
#4266=PRESENTATION_STYLE_ASSIGNMENT((#4270));
#4267=SURFACE_STYLE_USAGE(.BOTH.,#4271);
#4268=SURFACE_STYLE_USAGE(.BOTH.,#4272);
#4269=SURFACE_STYLE_USAGE(.BOTH.,#4273);
#4270=SURFACE_STYLE_USAGE(.BOTH.,#4274);
#4271=SURFACE_SIDE_STYLE('',(#4275));
#4272=SURFACE_SIDE_STYLE('',(#4276));
#4273=SURFACE_SIDE_STYLE('',(#4277));
#4274=SURFACE_SIDE_STYLE('',(#4278));
#4275=SURFACE_STYLE_FILL_AREA(#4279);
#4276=SURFACE_STYLE_FILL_AREA(#4280);
#4277=SURFACE_STYLE_FILL_AREA(#4281);
#4278=SURFACE_STYLE_FILL_AREA(#4282);
#4279=FILL_AREA_STYLE('Stahl - satiniert',(#4283));
#4280=FILL_AREA_STYLE('Farbe - Emaille gl\X\E4nzend (Dunkelgrau)',(#4284));
#4281=FILL_AREA_STYLE('Farbe - Emaille gl\X\E4nzend (Gelb)',(#4285));
#4282=FILL_AREA_STYLE('Farbe - Emaille gl\X\E4nzend (Blau)',(#4286));
#4283=FILL_AREA_STYLE_COLOUR('Stahl - satiniert',#4287);
#4284=FILL_AREA_STYLE_COLOUR('Farbe - Emaille gl\X\E4nzend (Dunkelgrau
)',#4288);
#4285=FILL_AREA_STYLE_COLOUR('Farbe - Emaille gl\X\E4nzend (Gelb)',#4289);
#4286=FILL_AREA_STYLE_COLOUR('Farbe - Emaille gl\X\E4nzend (Blau)',#4290);
#4287=COLOUR_RGB('Stahl - satiniert',0.627450980392157,0.627450980392157,
0.627450980392157);
#4288=COLOUR_RGB('Farbe - Emaille gl\X\E4nzend (Dunkelgrau)',0.349019607843137,
0.349019607843137,0.349019607843137);
#4289=COLOUR_RGB('Farbe - Emaille gl\X\E4nzend (Gelb)',0.909803921568627,
0.67843137254902,0.137254901960784);
#4290=COLOUR_RGB('Farbe - Emaille gl\X\E4nzend (Blau)',0.188235294117647,
0.231372549019608,0.588235294117647);
ENDSEC;
END-ISO-10303-21;
