ISO-10303-21;
HEADER;
/* Generated by software containing ST-Developer
 * from STEP Tools, Inc. (www.steptools.com) 
 */

FILE_DESCRIPTION(
/* description */ (''),
/* implementation_level */ '2;1');

FILE_NAME(
/* name */ 'Heatsock.step',
/* time_stamp */ '2025-12-16T22:22:02+01:00',
/* author */ (''),
/* organization */ (''),
/* preprocessor_version */ 'ST-DEVELOPER v20.1',
/* originating_system */ 'Autodesk Translation Framework v14.21.0.0',
/* authorisation */ '');

FILE_SCHEMA (('AUTOMOTIVE_DESIGN { 1 0 10303 214 3 1 1 }'));
ENDSEC;

DATA;
#10=MECHANICAL_DESIGN_GEOMETRIC_PRESENTATION_REPRESENTATION('',(#27,#28),
#1859);
#11=ITEM_DEFINED_TRANSFORMATION($,$,#946,#1057);
#12=ITEM_DEFINED_TRANSFORMATION($,$,#1002,#1058);
#13=ITEM_DEFINED_TRANSFORMATION($,$,#945,#1059);
#14=(
REPRESENTATION_RELATIONSHIP($,$,#1877,#1876)
REPRESENTATION_RELATIONSHIP_WITH_TRANSFORMATION(#11)
SHAPE_REPRESENTATION_RELATIONSHIP()
);
#15=(
REPRESENTATION_RELATIONSHIP($,$,#1878,#1876)
REPRESENTATION_RELATIONSHIP_WITH_TRANSFORMATION(#12)
SHAPE_REPRESENTATION_RELATIONSHIP()
);
#16=(
REPRESENTATION_RELATIONSHIP($,$,#1876,#1875)
REPRESENTATION_RELATIONSHIP_WITH_TRANSFORMATION(#13)
SHAPE_REPRESENTATION_RELATIONSHIP()
);
#17=CONTEXT_DEPENDENT_SHAPE_REPRESENTATION(#14,#1872);
#18=CONTEXT_DEPENDENT_SHAPE_REPRESENTATION(#15,#1873);
#19=CONTEXT_DEPENDENT_SHAPE_REPRESENTATION(#16,#1874);
#20=NEXT_ASSEMBLY_USAGE_OCCURRENCE('Komponente7:1','Komponente7:1',
'Komponente7:1',#1881,#1882,'Komponente7:1');
#21=NEXT_ASSEMBLY_USAGE_OCCURRENCE('Komponente8:1','Komponente8:1',
'Komponente8:1',#1881,#1883,'Komponente8:1');
#22=NEXT_ASSEMBLY_USAGE_OCCURRENCE('Komponente5:1','Komponente5:1',
'Komponente5:1',#1880,#1881,'Komponente5:1');
#23=SHAPE_REPRESENTATION_RELATIONSHIP('SRR','None',#1877,#25);
#24=SHAPE_REPRESENTATION_RELATIONSHIP('SRR','None',#1878,#26);
#25=ADVANCED_BREP_SHAPE_REPRESENTATION('',(#29),#1857);
#26=ADVANCED_BREP_SHAPE_REPRESENTATION('',(#30),#1858);
#27=STYLED_ITEM('',(#1899),#29);
#28=STYLED_ITEM('',(#1899),#30);
#29=MANIFOLD_SOLID_BREP('K\X\F6rper1',#919);
#30=MANIFOLD_SOLID_BREP('K\X\F6rper1',#920);
#31=TOROIDAL_SURFACE('',#962,4.25,0.249999999999995);
#32=TOROIDAL_SURFACE('',#969,6.,0.499999999999999);
#33=TOROIDAL_SURFACE('',#974,4.75000000000001,0.750000000000005);
#34=TOROIDAL_SURFACE('',#981,2.96136880963854,0.25);
#35=TOROIDAL_SURFACE('',#986,2.96136880963855,0.250000000000012);
#36=TOROIDAL_SURFACE('',#991,3.7,0.300000000000002);
#37=TOROIDAL_SURFACE('',#996,3.7,0.299999999999997);
#38=TOROIDAL_SURFACE('',#1053,3.5,2.5207296560137);
#39=B_SPLINE_SURFACE_WITH_KNOTS('',3,3,((#1414,#1415,#1416,#1417,#1418,
#1419,#1420,#1421,#1422,#1423),(#1424,#1425,#1426,#1427,#1428,#1429,#1430,
#1431,#1432,#1433),(#1434,#1435,#1436,#1437,#1438,#1439,#1440,#1441,#1442,
#1443),(#1444,#1445,#1446,#1447,#1448,#1449,#1450,#1451,#1452,#1453)),
 .UNSPECIFIED.,.F.,.F.,.F.,(4,4),(4,1,1,1,1,1,1,4),(0.,1.),(2.05504933407853,
2.36549028251032,2.67593123094211,2.9863721793739,3.29681312780569,3.60725407623748,
3.91769502466927,4.22813597310105),.UNSPECIFIED.);
#40=(
BOUNDED_CURVE()
B_SPLINE_CURVE(2,(#1381,#1382,#1383),.UNSPECIFIED.,.F.,.F.)
B_SPLINE_CURVE_WITH_KNOTS((3,3),(0.,0.013383493812109),.UNSPECIFIED.)
CURVE()
GEOMETRIC_REPRESENTATION_ITEM()
RATIONAL_B_SPLINE_CURVE((1.,1.,1.))
REPRESENTATION_ITEM('')
);
#41=(
BOUNDED_CURVE()
B_SPLINE_CURVE(2,(#1411,#1412,#1413),.UNSPECIFIED.,.F.,.F.)
B_SPLINE_CURVE_WITH_KNOTS((3,3),(4.3767449812319,4.39012847504308),
 .UNSPECIFIED.)
CURVE()
GEOMETRIC_REPRESENTATION_ITEM()
RATIONAL_B_SPLINE_CURVE((1.,1.,1.))
REPRESENTATION_ITEM('')
);
#42=FACE_BOUND('',#173,.T.);
#43=FACE_BOUND('',#182,.T.);
#44=FACE_BOUND('',#186,.T.);
#45=FACE_BOUND('',#190,.T.);
#46=FACE_BOUND('',#195,.T.);
#47=FACE_BOUND('',#200,.T.);
#48=FACE_BOUND('',#231,.T.);
#49=PLANE('',#952);
#50=PLANE('',#956);
#51=PLANE('',#957);
#52=PLANE('',#958);
#53=PLANE('',#965);
#54=PLANE('',#972);
#55=PLANE('',#979);
#56=PLANE('',#989);
#57=PLANE('',#999);
#58=PLANE('',#1006);
#59=PLANE('',#1021);
#60=PLANE('',#1023);
#61=PLANE('',#1028);
#62=PLANE('',#1030);
#63=PLANE('',#1035);
#64=PLANE('',#1037);
#65=PLANE('',#1042);
#66=PLANE('',#1044);
#67=PLANE('',#1045);
#68=PLANE('',#1046);
#69=PLANE('',#1047);
#70=PLANE('',#1048);
#71=PLANE('',#1049);
#72=PLANE('',#1051);
#73=B_SPLINE_CURVE_WITH_KNOTS('',3,(#1358,#1359,#1360,#1361,#1362,#1363,
#1364),.UNSPECIFIED.,.F.,.F.,(4,1,1,1,4),(-3.14162286138325,-2.9863721793739,
-2.67593123094211,-2.36549028251032,-2.05504933407853),.UNSPECIFIED.);
#74=B_SPLINE_CURVE_WITH_KNOTS('',3,(#1366,#1367,#1368,#1369,#1370,#1371,
#1372),.UNSPECIFIED.,.F.,.F.,(4,1,1,1,4),(-4.22813597310105,-3.91769502466927,
-3.60725407623748,-3.29681312780569,-3.14162286138325),.UNSPECIFIED.);
#75=B_SPLINE_CURVE_WITH_KNOTS('',3,(#1384,#1385,#1386,#1387,#1388,#1389,
#1390,#1391,#1392,#1393,#1394,#1395,#1396),.UNSPECIFIED.,.F.,.F.,(4,3,3,
3,4),(-0.162215668235232,-0.102081161912631,-0.0810065340604516,-0.01747398254475,
0.),.UNSPECIFIED.);
#76=B_SPLINE_CURVE_WITH_KNOTS('',3,(#1398,#1399,#1400,#1401,#1402,#1403,
#1404,#1405,#1406,#1407,#1408,#1409,#1410),.UNSPECIFIED.,.F.,.F.,(4,3,3,
3,4),(0.,0.0601459364354507,0.081212759900823,0.144751870024582,0.162223601110201),
 .UNSPECIFIED.);
#77=B_SPLINE_CURVE_WITH_KNOTS('',3,(#1454,#1455,#1456,#1457,#1458,#1459,
#1460,#1461,#1462,#1463),.UNSPECIFIED.,.F.,.F.,(4,1,1,1,1,1,1,4),(2.06008849229715,
2.36549028251032,2.67593123094211,2.9863721793739,3.29681312780569,3.60725407623748,
3.91769502466927,4.22309681846164),.UNSPECIFIED.);
#78=B_SPLINE_CURVE_WITH_KNOTS('',3,(#1551,#1552,#1553,#1554,#1555,#1556,
#1557,#1558,#1559,#1560),.UNSPECIFIED.,.F.,.F.,(4,2,2,2,4),(0.93089267244143,
1.00886199716138,1.08683132188133,1.16196001386538,1.23708870584944),
 .UNSPECIFIED.);
#79=B_SPLINE_CURVE_WITH_KNOTS('',3,(#1564,#1565,#1566,#1567,#1568,#1569,
#1570,#1571,#1572,#1573),.UNSPECIFIED.,.F.,.F.,(4,2,2,2,4),(1.23710183032787,
1.31223052231197,1.38735921429607,1.4653285390154,1.54329786373473),
 .UNSPECIFIED.);
#80=B_SPLINE_CURVE_WITH_KNOTS('',3,(#1581,#1582,#1583,#1584,#1585,#1586,
#1587,#1588,#1589,#1590),.UNSPECIFIED.,.F.,.F.,(4,2,2,2,4),(0.930892672446429,
1.008861997167,1.08683132188757,1.16196001387158,1.23708870585559),
 .UNSPECIFIED.);
#81=B_SPLINE_CURVE_WITH_KNOTS('',3,(#1594,#1595,#1596,#1597,#1598,#1599,
#1600,#1601,#1602,#1603),.UNSPECIFIED.,.F.,.F.,(4,2,2,2,4),(1.23708870584944,
1.31221739783349,1.38734608981755,1.4653154145375,1.54328473925745),
 .UNSPECIFIED.);
#82=B_SPLINE_CURVE_WITH_KNOTS('',3,(#1611,#1612,#1613,#1614,#1615,#1616,
#1617,#1618,#1619,#1620),.UNSPECIFIED.,.F.,.F.,(4,2,2,2,4),(0.93089267244143,
1.00886199716138,1.08683132188133,1.16196001386538,1.23708870584944),
 .UNSPECIFIED.);
#83=B_SPLINE_CURVE_WITH_KNOTS('',3,(#1624,#1625,#1626,#1627,#1628,#1629,
#1630,#1631,#1632,#1633),.UNSPECIFIED.,.F.,.F.,(4,2,2,2,4),(1.23710183034017,
1.31274393544236,1.38838604054455,1.46584198493078,1.54329792931702),
 .UNSPECIFIED.);
#84=B_SPLINE_CURVE_WITH_KNOTS('',3,(#1641,#1642,#1643,#1644,#1645,#1646,
#1647,#1648,#1649,#1650),.UNSPECIFIED.,.F.,.F.,(4,2,2,2,4),(0.930892738004121,
1.00886206272345,1.08683138744277,1.16196007942688,1.23708877141098),
 .UNSPECIFIED.);
#85=B_SPLINE_CURVE_WITH_KNOTS('',3,(#1654,#1655,#1656,#1657,#1658,#1659,
#1660,#1661,#1662,#1663),.UNSPECIFIED.,.F.,.F.,(4,2,2,2,4),(1.23708877141713,
1.31221746340118,1.38734615538524,1.46531548010519,1.54328480482514),
 .UNSPECIFIED.);
#86=B_SPLINE_CURVE_WITH_KNOTS('',3,(#1671,#1672,#1673,#1674,#1675,#1676,
#1677,#1678,#1679,#1680),.UNSPECIFIED.,.F.,.F.,(4,2,2,2,4),(0.316695028006325,
0.394909504750756,0.473123981495187,0.54887178941064,0.624619597326093),
 .UNSPECIFIED.);
#87=B_SPLINE_CURVE_WITH_KNOTS('',3,(#1686,#1687,#1688,#1689,#1690,#1691,
#1692,#1693,#1694,#1695),.UNSPECIFIED.,.F.,.F.,(4,2,2,2,4),(0.624592464082939,
0.699647062755957,0.774701661428974,0.853609354724315,0.932517048019657),
 .UNSPECIFIED.);
#88=B_SPLINE_CURVE_WITH_KNOTS('',3,(#1706,#1707,#1708,#1709,#1710,#1711,
#1712,#1713,#1714,#1715),.UNSPECIFIED.,.F.,.F.,(4,2,2,2,4),(0.624592464087328,
0.70034027200303,0.776088079918732,0.8543025566645,0.932517033410267),
 .UNSPECIFIED.);
#89=B_SPLINE_CURVE_WITH_KNOTS('',3,(#1729,#1730,#1731,#1732,#1733,#1734,
#1735,#1736,#1737,#1738),.UNSPECIFIED.,.F.,.F.,(4,2,2,2,4),(0.316667880146222,
0.395575573441564,0.474483266736906,0.549537865409923,0.62459246408294),
 .UNSPECIFIED.);
#90=B_SPLINE_CURVE_WITH_KNOTS('',3,(#1746,#1747,#1748,#1749,#1750,#1751,
#1752,#1753,#1754,#1755),.UNSPECIFIED.,.F.,.F.,(4,2,2,2,4),(0.62459246408294,
0.700340271998517,0.776088079914095,0.854302556659194,0.932517033404294),
 .UNSPECIFIED.);
#91=B_SPLINE_CURVE_WITH_KNOTS('',3,(#1769,#1770,#1771,#1772,#1773,#1774,
#1775,#1776,#1777,#1778),.UNSPECIFIED.,.F.,.F.,(4,2,2,2,4),(0.316667880149026,
0.395575573445227,0.474483266741429,0.549537865414379,0.624592464087328),
 .UNSPECIFIED.);
#92=B_SPLINE_CURVE_WITH_KNOTS('',3,(#1786,#1787,#1788,#1789,#1790,#1791,
#1792,#1793,#1794,#1795),.UNSPECIFIED.,.F.,.F.,(4,2,2,2,4),(0.624592464078552,
0.699647062751636,0.774701661424721,0.853609354719202,0.932517048013684),
 .UNSPECIFIED.);
#93=B_SPLINE_CURVE_WITH_KNOTS('',3,(#1809,#1810,#1811,#1812,#1813,#1814,
#1815,#1816,#1817,#1818),.UNSPECIFIED.,.F.,.F.,(4,2,2,2,4),(0.316695028009138,
0.39560272130448,0.474510414599822,0.549565013272839,0.624619611945855),
 .UNSPECIFIED.);
#94=CYLINDRICAL_SURFACE('',#950,12.75);
#95=CYLINDRICAL_SURFACE('',#960,4.);
#96=CYLINDRICAL_SURFACE('',#967,6.5);
#97=CYLINDRICAL_SURFACE('',#977,4.);
#98=CYLINDRICAL_SURFACE('',#984,2.71136880963854);
#99=CYLINDRICAL_SURFACE('',#994,4.);
#100=CYLINDRICAL_SURFACE('',#1007,15.);
#101=CYLINDRICAL_SURFACE('',#1017,2.);
#102=CYLINDRICAL_SURFACE('',#1018,13.);
#103=CYLINDRICAL_SURFACE('',#1022,2.);
#104=CYLINDRICAL_SURFACE('',#1025,13.);
#105=CYLINDRICAL_SURFACE('',#1027,2.);
#106=CYLINDRICAL_SURFACE('',#1029,2.);
#107=CYLINDRICAL_SURFACE('',#1032,13.);
#108=CYLINDRICAL_SURFACE('',#1034,2.);
#109=CYLINDRICAL_SURFACE('',#1036,2.);
#110=CYLINDRICAL_SURFACE('',#1039,13.);
#111=CYLINDRICAL_SURFACE('',#1041,2.);
#112=CYLINDRICAL_SURFACE('',#1043,2.);
#113=FACE_OUTER_BOUND('',#170,.T.);
#114=FACE_OUTER_BOUND('',#171,.T.);
#115=FACE_OUTER_BOUND('',#172,.T.);
#116=FACE_OUTER_BOUND('',#174,.T.);
#117=FACE_OUTER_BOUND('',#175,.T.);
#118=FACE_OUTER_BOUND('',#176,.T.);
#119=FACE_OUTER_BOUND('',#177,.T.);
#120=FACE_OUTER_BOUND('',#178,.T.);
#121=FACE_OUTER_BOUND('',#179,.T.);
#122=FACE_OUTER_BOUND('',#180,.T.);
#123=FACE_OUTER_BOUND('',#181,.T.);
#124=FACE_OUTER_BOUND('',#183,.T.);
#125=FACE_OUTER_BOUND('',#184,.T.);
#126=FACE_OUTER_BOUND('',#185,.T.);
#127=FACE_OUTER_BOUND('',#187,.T.);
#128=FACE_OUTER_BOUND('',#188,.T.);
#129=FACE_OUTER_BOUND('',#189,.T.);
#130=FACE_OUTER_BOUND('',#191,.T.);
#131=FACE_OUTER_BOUND('',#192,.T.);
#132=FACE_OUTER_BOUND('',#193,.T.);
#133=FACE_OUTER_BOUND('',#194,.T.);
#134=FACE_OUTER_BOUND('',#196,.T.);
#135=FACE_OUTER_BOUND('',#197,.T.);
#136=FACE_OUTER_BOUND('',#198,.T.);
#137=FACE_OUTER_BOUND('',#199,.T.);
#138=FACE_OUTER_BOUND('',#201,.T.);
#139=FACE_OUTER_BOUND('',#202,.T.);
#140=FACE_OUTER_BOUND('',#203,.T.);
#141=FACE_OUTER_BOUND('',#204,.T.);
#142=FACE_OUTER_BOUND('',#205,.T.);
#143=FACE_OUTER_BOUND('',#206,.T.);
#144=FACE_OUTER_BOUND('',#207,.T.);
#145=FACE_OUTER_BOUND('',#208,.T.);
#146=FACE_OUTER_BOUND('',#209,.T.);
#147=FACE_OUTER_BOUND('',#210,.T.);
#148=FACE_OUTER_BOUND('',#211,.T.);
#149=FACE_OUTER_BOUND('',#212,.T.);
#150=FACE_OUTER_BOUND('',#213,.T.);
#151=FACE_OUTER_BOUND('',#214,.T.);
#152=FACE_OUTER_BOUND('',#215,.T.);
#153=FACE_OUTER_BOUND('',#216,.T.);
#154=FACE_OUTER_BOUND('',#217,.T.);
#155=FACE_OUTER_BOUND('',#218,.T.);
#156=FACE_OUTER_BOUND('',#219,.T.);
#157=FACE_OUTER_BOUND('',#220,.T.);
#158=FACE_OUTER_BOUND('',#221,.T.);
#159=FACE_OUTER_BOUND('',#222,.T.);
#160=FACE_OUTER_BOUND('',#223,.T.);
#161=FACE_OUTER_BOUND('',#224,.T.);
#162=FACE_OUTER_BOUND('',#225,.T.);
#163=FACE_OUTER_BOUND('',#226,.T.);
#164=FACE_OUTER_BOUND('',#227,.T.);
#165=FACE_OUTER_BOUND('',#228,.T.);
#166=FACE_OUTER_BOUND('',#229,.T.);
#167=FACE_OUTER_BOUND('',#230,.T.);
#168=FACE_OUTER_BOUND('',#232,.T.);
#169=FACE_OUTER_BOUND('',#233,.T.);
#170=EDGE_LOOP('',(#601,#602,#603,#604));
#171=EDGE_LOOP('',(#605,#606,#607,#608,#609,#610));
#172=EDGE_LOOP('',(#611));
#173=EDGE_LOOP('',(#612));
#174=EDGE_LOOP('',(#613,#614,#615,#616,#617,#618));
#175=EDGE_LOOP('',(#619,#620,#621,#622,#623));
#176=EDGE_LOOP('',(#624,#625,#626,#627));
#177=EDGE_LOOP('',(#628,#629));
#178=EDGE_LOOP('',(#630));
#179=EDGE_LOOP('',(#631,#632,#633,#634));
#180=EDGE_LOOP('',(#635,#636,#637,#638));
#181=EDGE_LOOP('',(#639));
#182=EDGE_LOOP('',(#640));
#183=EDGE_LOOP('',(#641,#642,#643,#644));
#184=EDGE_LOOP('',(#645,#646,#647,#648));
#185=EDGE_LOOP('',(#649));
#186=EDGE_LOOP('',(#650));
#187=EDGE_LOOP('',(#651,#652,#653,#654));
#188=EDGE_LOOP('',(#655,#656,#657,#658));
#189=EDGE_LOOP('',(#659));
#190=EDGE_LOOP('',(#660));
#191=EDGE_LOOP('',(#661,#662,#663,#664));
#192=EDGE_LOOP('',(#665,#666,#667,#668));
#193=EDGE_LOOP('',(#669,#670,#671,#672));
#194=EDGE_LOOP('',(#673));
#195=EDGE_LOOP('',(#674));
#196=EDGE_LOOP('',(#675,#676,#677,#678));
#197=EDGE_LOOP('',(#679,#680,#681,#682));
#198=EDGE_LOOP('',(#683,#684,#685,#686));
#199=EDGE_LOOP('',(#687));
#200=EDGE_LOOP('',(#688));
#201=EDGE_LOOP('',(#689,#690,#691,#692));
#202=EDGE_LOOP('',(#693,#694,#695,#696));
#203=EDGE_LOOP('',(#697));
#204=EDGE_LOOP('',(#698,#699,#700,#701,#702,#703,#704,#705,#706,#707,#708,
#709,#710,#711,#712,#713,#714,#715,#716,#717,#718,#719,#720,#721,#722,#723,
#724,#725));
#205=EDGE_LOOP('',(#726,#727,#728,#729));
#206=EDGE_LOOP('',(#730,#731,#732,#733,#734,#735));
#207=EDGE_LOOP('',(#736,#737,#738,#739));
#208=EDGE_LOOP('',(#740,#741,#742,#743));
#209=EDGE_LOOP('',(#744,#745,#746,#747));
#210=EDGE_LOOP('',(#748,#749,#750,#751,#752,#753));
#211=EDGE_LOOP('',(#754,#755,#756,#757));
#212=EDGE_LOOP('',(#758,#759,#760,#761));
#213=EDGE_LOOP('',(#762,#763,#764,#765));
#214=EDGE_LOOP('',(#766,#767,#768,#769));
#215=EDGE_LOOP('',(#770,#771,#772,#773,#774,#775));
#216=EDGE_LOOP('',(#776,#777,#778,#779));
#217=EDGE_LOOP('',(#780,#781,#782,#783));
#218=EDGE_LOOP('',(#784,#785,#786,#787));
#219=EDGE_LOOP('',(#788,#789,#790,#791));
#220=EDGE_LOOP('',(#792,#793,#794,#795,#796,#797));
#221=EDGE_LOOP('',(#798,#799,#800,#801));
#222=EDGE_LOOP('',(#802,#803,#804,#805));
#223=EDGE_LOOP('',(#806,#807,#808,#809));
#224=EDGE_LOOP('',(#810,#811,#812,#813));
#225=EDGE_LOOP('',(#814,#815,#816,#817));
#226=EDGE_LOOP('',(#818,#819,#820,#821));
#227=EDGE_LOOP('',(#822,#823,#824,#825));
#228=EDGE_LOOP('',(#826,#827,#828,#829));
#229=EDGE_LOOP('',(#830));
#230=EDGE_LOOP('',(#831,#832,#833,#834,#835,#836,#837,#838,#839,#840,#841,
#842,#843,#844,#845,#846,#847));
#231=EDGE_LOOP('',(#848));
#232=EDGE_LOOP('',(#849,#850,#851,#852));
#233=EDGE_LOOP('',(#853,#854,#855,#856));
#234=LINE('',#1351,#286);
#235=LINE('',#1365,#287);
#236=LINE('',#1465,#288);
#237=LINE('',#1473,#289);
#238=LINE('',#1484,#290);
#239=LINE('',#1499,#291);
#240=LINE('',#1510,#292);
#241=LINE('',#1525,#293);
#242=LINE('',#1534,#294);
#243=LINE('',#1540,#295);
#244=LINE('',#1545,#296);
#245=LINE('',#1549,#297);
#246=LINE('',#1575,#298);
#247=LINE('',#1579,#299);
#248=LINE('',#1605,#300);
#249=LINE('',#1609,#301);
#250=LINE('',#1635,#302);
#251=LINE('',#1639,#303);
#252=LINE('',#1665,#304);
#253=LINE('',#1669,#305);
#254=LINE('',#1681,#306);
#255=LINE('',#1697,#307);
#256=LINE('',#1700,#308);
#257=LINE('',#1702,#309);
#258=LINE('',#1716,#310);
#259=LINE('',#1717,#311);
#260=LINE('',#1721,#312);
#261=LINE('',#1724,#313);
#262=LINE('',#1728,#314);
#263=LINE('',#1740,#315);
#264=LINE('',#1742,#316);
#265=LINE('',#1756,#317);
#266=LINE('',#1757,#318);
#267=LINE('',#1761,#319);
#268=LINE('',#1764,#320);
#269=LINE('',#1768,#321);
#270=LINE('',#1780,#322);
#271=LINE('',#1782,#323);
#272=LINE('',#1796,#324);
#273=LINE('',#1797,#325);
#274=LINE('',#1801,#326);
#275=LINE('',#1804,#327);
#276=LINE('',#1808,#328);
#277=LINE('',#1820,#329);
#278=LINE('',#1822,#330);
#279=LINE('',#1824,#331);
#280=LINE('',#1826,#332);
#281=LINE('',#1828,#333);
#282=LINE('',#1830,#334);
#283=LINE('',#1832,#335);
#284=LINE('',#1834,#336);
#285=LINE('',#1846,#337);
#286=VECTOR('',#1070,12.25);
#287=VECTOR('',#1077,12.75);
#288=VECTOR('',#1088,10.);
#289=VECTOR('',#1099,4.);
#290=VECTOR('',#1114,6.5);
#291=VECTOR('',#1135,4.);
#292=VECTOR('',#1150,2.71136880963854);
#293=VECTOR('',#1171,4.);
#294=VECTOR('',#1184,1.83152298183817);
#295=VECTOR('',#1191,14.5);
#296=VECTOR('',#1198,15.);
#297=VECTOR('',#1201,10.);
#298=VECTOR('',#1204,10.);
#299=VECTOR('',#1207,10.);
#300=VECTOR('',#1210,10.);
#301=VECTOR('',#1213,10.);
#302=VECTOR('',#1216,10.);
#303=VECTOR('',#1219,10.);
#304=VECTOR('',#1222,10.);
#305=VECTOR('',#1227,10.);
#306=VECTOR('',#1228,10.);
#307=VECTOR('',#1233,10.);
#308=VECTOR('',#1236,10.);
#309=VECTOR('',#1239,10.);
#310=VECTOR('',#1242,10.);
#311=VECTOR('',#1243,10.);
#312=VECTOR('',#1248,10.);
#313=VECTOR('',#1251,10.);
#314=VECTOR('',#1254,10.);
#315=VECTOR('',#1257,10.);
#316=VECTOR('',#1260,10.);
#317=VECTOR('',#1263,10.);
#318=VECTOR('',#1264,10.);
#319=VECTOR('',#1269,10.);
#320=VECTOR('',#1272,10.);
#321=VECTOR('',#1275,10.);
#322=VECTOR('',#1278,10.);
#323=VECTOR('',#1281,10.);
#324=VECTOR('',#1284,10.);
#325=VECTOR('',#1285,10.);
#326=VECTOR('',#1290,10.);
#327=VECTOR('',#1293,10.);
#328=VECTOR('',#1296,10.);
#329=VECTOR('',#1299,10.);
#330=VECTOR('',#1302,10.);
#331=VECTOR('',#1305,10.);
#332=VECTOR('',#1308,10.);
#333=VECTOR('',#1311,10.);
#334=VECTOR('',#1314,10.);
#335=VECTOR('',#1317,10.);
#336=VECTOR('',#1320,10.);
#337=VECTOR('',#1337,6.75);
#338=CIRCLE('',#948,12.75);
#339=CIRCLE('',#949,11.75);
#340=CIRCLE('',#951,12.75);
#341=CIRCLE('',#953,4.);
#342=CIRCLE('',#955,11.75);
#343=CIRCLE('',#959,1.38461538461529);
#344=CIRCLE('',#961,4.);
#345=CIRCLE('',#963,0.249999999999995);
#346=CIRCLE('',#964,4.25);
#347=CIRCLE('',#966,6.5);
#348=CIRCLE('',#968,6.5);
#349=CIRCLE('',#970,6.);
#350=CIRCLE('',#971,0.499999999999999);
#351=CIRCLE('',#973,4.75);
#352=CIRCLE('',#975,0.750000000000005);
#353=CIRCLE('',#976,4.);
#354=CIRCLE('',#978,4.);
#355=CIRCLE('',#980,2.96136880963854);
#356=CIRCLE('',#982,0.25);
#357=CIRCLE('',#983,2.71136880963854);
#358=CIRCLE('',#985,2.71136880963854);
#359=CIRCLE('',#987,0.250000000000012);
#360=CIRCLE('',#988,2.96136880963854);
#361=CIRCLE('',#990,3.7);
#362=CIRCLE('',#992,4.);
#363=CIRCLE('',#993,0.300000000000002);
#364=CIRCLE('',#995,4.);
#365=CIRCLE('',#997,3.7);
#366=CIRCLE('',#998,0.299999999999997);
#367=CIRCLE('',#1000,2.27843057906106);
#368=CIRCLE('',#1004,14.);
#369=CIRCLE('',#1005,15.);
#370=CIRCLE('',#1008,15.);
#371=CIRCLE('',#1009,15.0000000000001);
#372=CIRCLE('',#1010,15.);
#373=CIRCLE('',#1011,15.0000000000001);
#374=CIRCLE('',#1012,15.);
#375=CIRCLE('',#1013,15.0000000000001);
#376=CIRCLE('',#1014,15.);
#377=CIRCLE('',#1015,15.0000000000001);
#378=CIRCLE('',#1016,15.);
#379=CIRCLE('',#1019,13.);
#380=CIRCLE('',#1020,13.);
#381=CIRCLE('',#1024,13.);
#382=CIRCLE('',#1026,13.);
#383=CIRCLE('',#1031,13.);
#384=CIRCLE('',#1033,13.);
#385=CIRCLE('',#1038,13.);
#386=CIRCLE('',#1040,13.);
#387=CIRCLE('',#1050,3.5);
#388=CIRCLE('',#1052,7.64556002289829);
#389=CIRCLE('',#1054,2.5207296560137);
#390=CIRCLE('',#1055,6.);
#391=VERTEX_POINT('',#1348);
#392=VERTEX_POINT('',#1350);
#393=VERTEX_POINT('',#1354);
#394=VERTEX_POINT('',#1355);
#395=VERTEX_POINT('',#1357);
#396=VERTEX_POINT('',#1374);
#397=VERTEX_POINT('',#1377);
#398=VERTEX_POINT('',#1378);
#399=VERTEX_POINT('',#1380);
#400=VERTEX_POINT('',#1397);
#401=VERTEX_POINT('',#1468);
#402=VERTEX_POINT('',#1471);
#403=VERTEX_POINT('',#1475);
#404=VERTEX_POINT('',#1479);
#405=VERTEX_POINT('',#1482);
#406=VERTEX_POINT('',#1486);
#407=VERTEX_POINT('',#1490);
#408=VERTEX_POINT('',#1493);
#409=VERTEX_POINT('',#1497);
#410=VERTEX_POINT('',#1501);
#411=VERTEX_POINT('',#1504);
#412=VERTEX_POINT('',#1508);
#413=VERTEX_POINT('',#1512);
#414=VERTEX_POINT('',#1516);
#415=VERTEX_POINT('',#1519);
#416=VERTEX_POINT('',#1523);
#417=VERTEX_POINT('',#1527);
#418=VERTEX_POINT('',#1531);
#419=VERTEX_POINT('',#1537);
#420=VERTEX_POINT('',#1539);
#421=VERTEX_POINT('',#1544);
#422=VERTEX_POINT('',#1546);
#423=VERTEX_POINT('',#1548);
#424=VERTEX_POINT('',#1550);
#425=VERTEX_POINT('',#1561);
#426=VERTEX_POINT('',#1563);
#427=VERTEX_POINT('',#1574);
#428=VERTEX_POINT('',#1576);
#429=VERTEX_POINT('',#1578);
#430=VERTEX_POINT('',#1580);
#431=VERTEX_POINT('',#1591);
#432=VERTEX_POINT('',#1593);
#433=VERTEX_POINT('',#1604);
#434=VERTEX_POINT('',#1606);
#435=VERTEX_POINT('',#1608);
#436=VERTEX_POINT('',#1610);
#437=VERTEX_POINT('',#1621);
#438=VERTEX_POINT('',#1623);
#439=VERTEX_POINT('',#1634);
#440=VERTEX_POINT('',#1636);
#441=VERTEX_POINT('',#1638);
#442=VERTEX_POINT('',#1640);
#443=VERTEX_POINT('',#1651);
#444=VERTEX_POINT('',#1653);
#445=VERTEX_POINT('',#1664);
#446=VERTEX_POINT('',#1668);
#447=VERTEX_POINT('',#1670);
#448=VERTEX_POINT('',#1683);
#449=VERTEX_POINT('',#1685);
#450=VERTEX_POINT('',#1696);
#451=VERTEX_POINT('',#1698);
#452=VERTEX_POINT('',#1704);
#453=VERTEX_POINT('',#1705);
#454=VERTEX_POINT('',#1719);
#455=VERTEX_POINT('',#1723);
#456=VERTEX_POINT('',#1725);
#457=VERTEX_POINT('',#1727);
#458=VERTEX_POINT('',#1744);
#459=VERTEX_POINT('',#1745);
#460=VERTEX_POINT('',#1759);
#461=VERTEX_POINT('',#1763);
#462=VERTEX_POINT('',#1765);
#463=VERTEX_POINT('',#1767);
#464=VERTEX_POINT('',#1784);
#465=VERTEX_POINT('',#1785);
#466=VERTEX_POINT('',#1799);
#467=VERTEX_POINT('',#1803);
#468=VERTEX_POINT('',#1805);
#469=VERTEX_POINT('',#1807);
#470=VERTEX_POINT('',#1836);
#471=VERTEX_POINT('',#1839);
#472=VERTEX_POINT('',#1842);
#473=EDGE_CURVE('',#391,#391,#338,.T.);
#474=EDGE_CURVE('',#391,#392,#234,.T.);
#475=EDGE_CURVE('',#392,#392,#339,.T.);
#476=EDGE_CURVE('',#393,#394,#340,.T.);
#477=EDGE_CURVE('',#395,#393,#73,.T.);
#478=EDGE_CURVE('',#395,#391,#235,.T.);
#479=EDGE_CURVE('',#394,#395,#74,.T.);
#480=EDGE_CURVE('',#396,#396,#341,.T.);
#481=EDGE_CURVE('',#397,#398,#342,.T.);
#482=EDGE_CURVE('',#398,#399,#40,.T.);
#483=EDGE_CURVE('',#399,#393,#75,.T.);
#484=EDGE_CURVE('',#400,#394,#76,.T.);
#485=EDGE_CURVE('',#400,#397,#41,.T.);
#486=EDGE_CURVE('',#399,#400,#77,.T.);
#487=EDGE_CURVE('',#397,#398,#236,.T.);
#488=EDGE_CURVE('',#401,#401,#343,.T.);
#489=EDGE_CURVE('',#402,#402,#344,.T.);
#490=EDGE_CURVE('',#402,#396,#237,.T.);
#491=EDGE_CURVE('',#402,#403,#345,.T.);
#492=EDGE_CURVE('',#403,#403,#346,.T.);
#493=EDGE_CURVE('',#404,#404,#347,.T.);
#494=EDGE_CURVE('',#405,#405,#348,.T.);
#495=EDGE_CURVE('',#405,#404,#238,.T.);
#496=EDGE_CURVE('',#406,#406,#349,.T.);
#497=EDGE_CURVE('',#406,#405,#350,.T.);
#498=EDGE_CURVE('',#407,#407,#351,.T.);
#499=EDGE_CURVE('',#407,#408,#352,.T.);
#500=EDGE_CURVE('',#408,#408,#353,.T.);
#501=EDGE_CURVE('',#409,#409,#354,.T.);
#502=EDGE_CURVE('',#409,#408,#239,.T.);
#503=EDGE_CURVE('',#410,#410,#355,.T.);
#504=EDGE_CURVE('',#410,#411,#356,.T.);
#505=EDGE_CURVE('',#411,#411,#357,.T.);
#506=EDGE_CURVE('',#412,#412,#358,.T.);
#507=EDGE_CURVE('',#412,#411,#240,.T.);
#508=EDGE_CURVE('',#412,#413,#359,.T.);
#509=EDGE_CURVE('',#413,#413,#360,.T.);
#510=EDGE_CURVE('',#414,#414,#361,.T.);
#511=EDGE_CURVE('',#415,#415,#362,.T.);
#512=EDGE_CURVE('',#415,#414,#363,.T.);
#513=EDGE_CURVE('',#416,#416,#364,.T.);
#514=EDGE_CURVE('',#416,#415,#241,.T.);
#515=EDGE_CURVE('',#417,#417,#365,.T.);
#516=EDGE_CURVE('',#417,#416,#366,.T.);
#517=EDGE_CURVE('',#418,#418,#367,.T.);
#518=EDGE_CURVE('',#401,#418,#242,.T.);
#519=EDGE_CURVE('',#419,#419,#368,.T.);
#520=EDGE_CURVE('',#419,#420,#243,.T.);
#521=EDGE_CURVE('',#420,#420,#369,.T.);
#522=EDGE_CURVE('',#420,#421,#244,.T.);
#523=EDGE_CURVE('',#422,#421,#370,.T.);
#524=EDGE_CURVE('',#422,#423,#245,.T.);
#525=EDGE_CURVE('',#424,#423,#78,.T.);
#526=EDGE_CURVE('',#425,#424,#371,.T.);
#527=EDGE_CURVE('',#426,#425,#79,.T.);
#528=EDGE_CURVE('',#427,#426,#246,.T.);
#529=EDGE_CURVE('',#428,#427,#372,.T.);
#530=EDGE_CURVE('',#428,#429,#247,.T.);
#531=EDGE_CURVE('',#430,#429,#80,.T.);
#532=EDGE_CURVE('',#431,#430,#373,.T.);
#533=EDGE_CURVE('',#432,#431,#81,.T.);
#534=EDGE_CURVE('',#433,#432,#248,.T.);
#535=EDGE_CURVE('',#434,#433,#374,.T.);
#536=EDGE_CURVE('',#434,#435,#249,.T.);
#537=EDGE_CURVE('',#436,#435,#82,.T.);
#538=EDGE_CURVE('',#437,#436,#375,.T.);
#539=EDGE_CURVE('',#438,#437,#83,.T.);
#540=EDGE_CURVE('',#439,#438,#250,.T.);
#541=EDGE_CURVE('',#440,#439,#376,.T.);
#542=EDGE_CURVE('',#440,#441,#251,.T.);
#543=EDGE_CURVE('',#442,#441,#84,.T.);
#544=EDGE_CURVE('',#443,#442,#377,.T.);
#545=EDGE_CURVE('',#444,#443,#85,.T.);
#546=EDGE_CURVE('',#445,#444,#252,.T.);
#547=EDGE_CURVE('',#421,#445,#378,.T.);
#548=EDGE_CURVE('',#425,#446,#253,.T.);
#549=EDGE_CURVE('',#446,#447,#86,.T.);
#550=EDGE_CURVE('',#447,#426,#254,.T.);
#551=EDGE_CURVE('',#448,#446,#379,.T.);
#552=EDGE_CURVE('',#449,#448,#87,.T.);
#553=EDGE_CURVE('',#450,#449,#255,.T.);
#554=EDGE_CURVE('',#451,#450,#380,.T.);
#555=EDGE_CURVE('',#451,#447,#256,.T.);
#556=EDGE_CURVE('',#448,#424,#257,.T.);
#557=EDGE_CURVE('',#452,#453,#88,.T.);
#558=EDGE_CURVE('',#453,#430,#258,.T.);
#559=EDGE_CURVE('',#429,#452,#259,.T.);
#560=EDGE_CURVE('',#453,#454,#381,.T.);
#561=EDGE_CURVE('',#431,#454,#260,.T.);
#562=EDGE_CURVE('',#455,#452,#261,.T.);
#563=EDGE_CURVE('',#456,#455,#382,.T.);
#564=EDGE_CURVE('',#456,#457,#262,.T.);
#565=EDGE_CURVE('',#454,#457,#89,.T.);
#566=EDGE_CURVE('',#457,#432,#263,.T.);
#567=EDGE_CURVE('',#433,#456,#264,.T.);
#568=EDGE_CURVE('',#458,#459,#90,.T.);
#569=EDGE_CURVE('',#459,#436,#265,.T.);
#570=EDGE_CURVE('',#435,#458,#266,.T.);
#571=EDGE_CURVE('',#459,#460,#383,.T.);
#572=EDGE_CURVE('',#437,#460,#267,.T.);
#573=EDGE_CURVE('',#461,#458,#268,.T.);
#574=EDGE_CURVE('',#462,#461,#384,.T.);
#575=EDGE_CURVE('',#462,#463,#269,.T.);
#576=EDGE_CURVE('',#460,#463,#91,.T.);
#577=EDGE_CURVE('',#463,#438,#270,.T.);
#578=EDGE_CURVE('',#439,#462,#271,.T.);
#579=EDGE_CURVE('',#464,#465,#92,.T.);
#580=EDGE_CURVE('',#465,#442,#272,.T.);
#581=EDGE_CURVE('',#441,#464,#273,.T.);
#582=EDGE_CURVE('',#465,#466,#385,.T.);
#583=EDGE_CURVE('',#443,#466,#274,.T.);
#584=EDGE_CURVE('',#467,#464,#275,.T.);
#585=EDGE_CURVE('',#468,#467,#386,.T.);
#586=EDGE_CURVE('',#468,#469,#276,.T.);
#587=EDGE_CURVE('',#466,#469,#93,.T.);
#588=EDGE_CURVE('',#469,#444,#277,.T.);
#589=EDGE_CURVE('',#445,#468,#278,.T.);
#590=EDGE_CURVE('',#423,#449,#279,.T.);
#591=EDGE_CURVE('',#467,#440,#280,.T.);
#592=EDGE_CURVE('',#450,#422,#281,.T.);
#593=EDGE_CURVE('',#427,#451,#282,.T.);
#594=EDGE_CURVE('',#461,#434,#283,.T.);
#595=EDGE_CURVE('',#455,#428,#284,.T.);
#596=EDGE_CURVE('',#470,#470,#387,.T.);
#597=EDGE_CURVE('',#471,#471,#388,.T.);
#598=EDGE_CURVE('',#470,#472,#389,.T.);
#599=EDGE_CURVE('',#472,#472,#390,.T.);
#600=EDGE_CURVE('',#472,#471,#285,.T.);
#601=ORIENTED_EDGE('',*,*,#473,.T.);
#602=ORIENTED_EDGE('',*,*,#474,.T.);
#603=ORIENTED_EDGE('',*,*,#475,.T.);
#604=ORIENTED_EDGE('',*,*,#474,.F.);
#605=ORIENTED_EDGE('',*,*,#476,.F.);
#606=ORIENTED_EDGE('',*,*,#477,.F.);
#607=ORIENTED_EDGE('',*,*,#478,.T.);
#608=ORIENTED_EDGE('',*,*,#473,.F.);
#609=ORIENTED_EDGE('',*,*,#478,.F.);
#610=ORIENTED_EDGE('',*,*,#479,.F.);
#611=ORIENTED_EDGE('',*,*,#475,.F.);
#612=ORIENTED_EDGE('',*,*,#480,.T.);
#613=ORIENTED_EDGE('',*,*,#481,.T.);
#614=ORIENTED_EDGE('',*,*,#482,.T.);
#615=ORIENTED_EDGE('',*,*,#483,.T.);
#616=ORIENTED_EDGE('',*,*,#476,.T.);
#617=ORIENTED_EDGE('',*,*,#484,.F.);
#618=ORIENTED_EDGE('',*,*,#485,.T.);
#619=ORIENTED_EDGE('',*,*,#479,.T.);
#620=ORIENTED_EDGE('',*,*,#477,.T.);
#621=ORIENTED_EDGE('',*,*,#483,.F.);
#622=ORIENTED_EDGE('',*,*,#486,.T.);
#623=ORIENTED_EDGE('',*,*,#484,.T.);
#624=ORIENTED_EDGE('',*,*,#485,.F.);
#625=ORIENTED_EDGE('',*,*,#486,.F.);
#626=ORIENTED_EDGE('',*,*,#482,.F.);
#627=ORIENTED_EDGE('',*,*,#487,.F.);
#628=ORIENTED_EDGE('',*,*,#481,.F.);
#629=ORIENTED_EDGE('',*,*,#487,.T.);
#630=ORIENTED_EDGE('',*,*,#488,.F.);
#631=ORIENTED_EDGE('',*,*,#489,.T.);
#632=ORIENTED_EDGE('',*,*,#490,.T.);
#633=ORIENTED_EDGE('',*,*,#480,.F.);
#634=ORIENTED_EDGE('',*,*,#490,.F.);
#635=ORIENTED_EDGE('',*,*,#489,.F.);
#636=ORIENTED_EDGE('',*,*,#491,.T.);
#637=ORIENTED_EDGE('',*,*,#492,.T.);
#638=ORIENTED_EDGE('',*,*,#491,.F.);
#639=ORIENTED_EDGE('',*,*,#493,.T.);
#640=ORIENTED_EDGE('',*,*,#492,.F.);
#641=ORIENTED_EDGE('',*,*,#494,.T.);
#642=ORIENTED_EDGE('',*,*,#495,.T.);
#643=ORIENTED_EDGE('',*,*,#493,.F.);
#644=ORIENTED_EDGE('',*,*,#495,.F.);
#645=ORIENTED_EDGE('',*,*,#496,.T.);
#646=ORIENTED_EDGE('',*,*,#497,.T.);
#647=ORIENTED_EDGE('',*,*,#494,.F.);
#648=ORIENTED_EDGE('',*,*,#497,.F.);
#649=ORIENTED_EDGE('',*,*,#496,.F.);
#650=ORIENTED_EDGE('',*,*,#498,.T.);
#651=ORIENTED_EDGE('',*,*,#498,.F.);
#652=ORIENTED_EDGE('',*,*,#499,.T.);
#653=ORIENTED_EDGE('',*,*,#500,.T.);
#654=ORIENTED_EDGE('',*,*,#499,.F.);
#655=ORIENTED_EDGE('',*,*,#501,.T.);
#656=ORIENTED_EDGE('',*,*,#502,.T.);
#657=ORIENTED_EDGE('',*,*,#500,.F.);
#658=ORIENTED_EDGE('',*,*,#502,.F.);
#659=ORIENTED_EDGE('',*,*,#501,.F.);
#660=ORIENTED_EDGE('',*,*,#503,.T.);
#661=ORIENTED_EDGE('',*,*,#503,.F.);
#662=ORIENTED_EDGE('',*,*,#504,.T.);
#663=ORIENTED_EDGE('',*,*,#505,.T.);
#664=ORIENTED_EDGE('',*,*,#504,.F.);
#665=ORIENTED_EDGE('',*,*,#506,.T.);
#666=ORIENTED_EDGE('',*,*,#507,.T.);
#667=ORIENTED_EDGE('',*,*,#505,.F.);
#668=ORIENTED_EDGE('',*,*,#507,.F.);
#669=ORIENTED_EDGE('',*,*,#506,.F.);
#670=ORIENTED_EDGE('',*,*,#508,.T.);
#671=ORIENTED_EDGE('',*,*,#509,.T.);
#672=ORIENTED_EDGE('',*,*,#508,.F.);
#673=ORIENTED_EDGE('',*,*,#510,.T.);
#674=ORIENTED_EDGE('',*,*,#509,.F.);
#675=ORIENTED_EDGE('',*,*,#511,.T.);
#676=ORIENTED_EDGE('',*,*,#512,.T.);
#677=ORIENTED_EDGE('',*,*,#510,.F.);
#678=ORIENTED_EDGE('',*,*,#512,.F.);
#679=ORIENTED_EDGE('',*,*,#513,.T.);
#680=ORIENTED_EDGE('',*,*,#514,.T.);
#681=ORIENTED_EDGE('',*,*,#511,.F.);
#682=ORIENTED_EDGE('',*,*,#514,.F.);
#683=ORIENTED_EDGE('',*,*,#515,.T.);
#684=ORIENTED_EDGE('',*,*,#516,.T.);
#685=ORIENTED_EDGE('',*,*,#513,.F.);
#686=ORIENTED_EDGE('',*,*,#516,.F.);
#687=ORIENTED_EDGE('',*,*,#515,.F.);
#688=ORIENTED_EDGE('',*,*,#517,.T.);
#689=ORIENTED_EDGE('',*,*,#488,.T.);
#690=ORIENTED_EDGE('',*,*,#518,.T.);
#691=ORIENTED_EDGE('',*,*,#517,.F.);
#692=ORIENTED_EDGE('',*,*,#518,.F.);
#693=ORIENTED_EDGE('',*,*,#519,.T.);
#694=ORIENTED_EDGE('',*,*,#520,.T.);
#695=ORIENTED_EDGE('',*,*,#521,.T.);
#696=ORIENTED_EDGE('',*,*,#520,.F.);
#697=ORIENTED_EDGE('',*,*,#519,.F.);
#698=ORIENTED_EDGE('',*,*,#521,.F.);
#699=ORIENTED_EDGE('',*,*,#522,.T.);
#700=ORIENTED_EDGE('',*,*,#523,.F.);
#701=ORIENTED_EDGE('',*,*,#524,.T.);
#702=ORIENTED_EDGE('',*,*,#525,.F.);
#703=ORIENTED_EDGE('',*,*,#526,.F.);
#704=ORIENTED_EDGE('',*,*,#527,.F.);
#705=ORIENTED_EDGE('',*,*,#528,.F.);
#706=ORIENTED_EDGE('',*,*,#529,.F.);
#707=ORIENTED_EDGE('',*,*,#530,.T.);
#708=ORIENTED_EDGE('',*,*,#531,.F.);
#709=ORIENTED_EDGE('',*,*,#532,.F.);
#710=ORIENTED_EDGE('',*,*,#533,.F.);
#711=ORIENTED_EDGE('',*,*,#534,.F.);
#712=ORIENTED_EDGE('',*,*,#535,.F.);
#713=ORIENTED_EDGE('',*,*,#536,.T.);
#714=ORIENTED_EDGE('',*,*,#537,.F.);
#715=ORIENTED_EDGE('',*,*,#538,.F.);
#716=ORIENTED_EDGE('',*,*,#539,.F.);
#717=ORIENTED_EDGE('',*,*,#540,.F.);
#718=ORIENTED_EDGE('',*,*,#541,.F.);
#719=ORIENTED_EDGE('',*,*,#542,.T.);
#720=ORIENTED_EDGE('',*,*,#543,.F.);
#721=ORIENTED_EDGE('',*,*,#544,.F.);
#722=ORIENTED_EDGE('',*,*,#545,.F.);
#723=ORIENTED_EDGE('',*,*,#546,.F.);
#724=ORIENTED_EDGE('',*,*,#547,.F.);
#725=ORIENTED_EDGE('',*,*,#522,.F.);
#726=ORIENTED_EDGE('',*,*,#527,.T.);
#727=ORIENTED_EDGE('',*,*,#548,.T.);
#728=ORIENTED_EDGE('',*,*,#549,.T.);
#729=ORIENTED_EDGE('',*,*,#550,.T.);
#730=ORIENTED_EDGE('',*,*,#549,.F.);
#731=ORIENTED_EDGE('',*,*,#551,.F.);
#732=ORIENTED_EDGE('',*,*,#552,.F.);
#733=ORIENTED_EDGE('',*,*,#553,.F.);
#734=ORIENTED_EDGE('',*,*,#554,.F.);
#735=ORIENTED_EDGE('',*,*,#555,.T.);
#736=ORIENTED_EDGE('',*,*,#548,.F.);
#737=ORIENTED_EDGE('',*,*,#526,.T.);
#738=ORIENTED_EDGE('',*,*,#556,.F.);
#739=ORIENTED_EDGE('',*,*,#551,.T.);
#740=ORIENTED_EDGE('',*,*,#557,.T.);
#741=ORIENTED_EDGE('',*,*,#558,.T.);
#742=ORIENTED_EDGE('',*,*,#531,.T.);
#743=ORIENTED_EDGE('',*,*,#559,.T.);
#744=ORIENTED_EDGE('',*,*,#558,.F.);
#745=ORIENTED_EDGE('',*,*,#560,.T.);
#746=ORIENTED_EDGE('',*,*,#561,.F.);
#747=ORIENTED_EDGE('',*,*,#532,.T.);
#748=ORIENTED_EDGE('',*,*,#557,.F.);
#749=ORIENTED_EDGE('',*,*,#562,.F.);
#750=ORIENTED_EDGE('',*,*,#563,.F.);
#751=ORIENTED_EDGE('',*,*,#564,.T.);
#752=ORIENTED_EDGE('',*,*,#565,.F.);
#753=ORIENTED_EDGE('',*,*,#560,.F.);
#754=ORIENTED_EDGE('',*,*,#533,.T.);
#755=ORIENTED_EDGE('',*,*,#561,.T.);
#756=ORIENTED_EDGE('',*,*,#565,.T.);
#757=ORIENTED_EDGE('',*,*,#566,.T.);
#758=ORIENTED_EDGE('',*,*,#566,.F.);
#759=ORIENTED_EDGE('',*,*,#564,.F.);
#760=ORIENTED_EDGE('',*,*,#567,.F.);
#761=ORIENTED_EDGE('',*,*,#534,.T.);
#762=ORIENTED_EDGE('',*,*,#568,.T.);
#763=ORIENTED_EDGE('',*,*,#569,.T.);
#764=ORIENTED_EDGE('',*,*,#537,.T.);
#765=ORIENTED_EDGE('',*,*,#570,.T.);
#766=ORIENTED_EDGE('',*,*,#569,.F.);
#767=ORIENTED_EDGE('',*,*,#571,.T.);
#768=ORIENTED_EDGE('',*,*,#572,.F.);
#769=ORIENTED_EDGE('',*,*,#538,.T.);
#770=ORIENTED_EDGE('',*,*,#568,.F.);
#771=ORIENTED_EDGE('',*,*,#573,.F.);
#772=ORIENTED_EDGE('',*,*,#574,.F.);
#773=ORIENTED_EDGE('',*,*,#575,.T.);
#774=ORIENTED_EDGE('',*,*,#576,.F.);
#775=ORIENTED_EDGE('',*,*,#571,.F.);
#776=ORIENTED_EDGE('',*,*,#539,.T.);
#777=ORIENTED_EDGE('',*,*,#572,.T.);
#778=ORIENTED_EDGE('',*,*,#576,.T.);
#779=ORIENTED_EDGE('',*,*,#577,.T.);
#780=ORIENTED_EDGE('',*,*,#577,.F.);
#781=ORIENTED_EDGE('',*,*,#575,.F.);
#782=ORIENTED_EDGE('',*,*,#578,.F.);
#783=ORIENTED_EDGE('',*,*,#540,.T.);
#784=ORIENTED_EDGE('',*,*,#579,.T.);
#785=ORIENTED_EDGE('',*,*,#580,.T.);
#786=ORIENTED_EDGE('',*,*,#543,.T.);
#787=ORIENTED_EDGE('',*,*,#581,.T.);
#788=ORIENTED_EDGE('',*,*,#580,.F.);
#789=ORIENTED_EDGE('',*,*,#582,.T.);
#790=ORIENTED_EDGE('',*,*,#583,.F.);
#791=ORIENTED_EDGE('',*,*,#544,.T.);
#792=ORIENTED_EDGE('',*,*,#579,.F.);
#793=ORIENTED_EDGE('',*,*,#584,.F.);
#794=ORIENTED_EDGE('',*,*,#585,.F.);
#795=ORIENTED_EDGE('',*,*,#586,.T.);
#796=ORIENTED_EDGE('',*,*,#587,.F.);
#797=ORIENTED_EDGE('',*,*,#582,.F.);
#798=ORIENTED_EDGE('',*,*,#545,.T.);
#799=ORIENTED_EDGE('',*,*,#583,.T.);
#800=ORIENTED_EDGE('',*,*,#587,.T.);
#801=ORIENTED_EDGE('',*,*,#588,.T.);
#802=ORIENTED_EDGE('',*,*,#588,.F.);
#803=ORIENTED_EDGE('',*,*,#586,.F.);
#804=ORIENTED_EDGE('',*,*,#589,.F.);
#805=ORIENTED_EDGE('',*,*,#546,.T.);
#806=ORIENTED_EDGE('',*,*,#552,.T.);
#807=ORIENTED_EDGE('',*,*,#556,.T.);
#808=ORIENTED_EDGE('',*,*,#525,.T.);
#809=ORIENTED_EDGE('',*,*,#590,.T.);
#810=ORIENTED_EDGE('',*,*,#581,.F.);
#811=ORIENTED_EDGE('',*,*,#542,.F.);
#812=ORIENTED_EDGE('',*,*,#591,.F.);
#813=ORIENTED_EDGE('',*,*,#584,.T.);
#814=ORIENTED_EDGE('',*,*,#590,.F.);
#815=ORIENTED_EDGE('',*,*,#524,.F.);
#816=ORIENTED_EDGE('',*,*,#592,.F.);
#817=ORIENTED_EDGE('',*,*,#553,.T.);
#818=ORIENTED_EDGE('',*,*,#550,.F.);
#819=ORIENTED_EDGE('',*,*,#555,.F.);
#820=ORIENTED_EDGE('',*,*,#593,.F.);
#821=ORIENTED_EDGE('',*,*,#528,.T.);
#822=ORIENTED_EDGE('',*,*,#570,.F.);
#823=ORIENTED_EDGE('',*,*,#536,.F.);
#824=ORIENTED_EDGE('',*,*,#594,.F.);
#825=ORIENTED_EDGE('',*,*,#573,.T.);
#826=ORIENTED_EDGE('',*,*,#559,.F.);
#827=ORIENTED_EDGE('',*,*,#530,.F.);
#828=ORIENTED_EDGE('',*,*,#595,.F.);
#829=ORIENTED_EDGE('',*,*,#562,.T.);
#830=ORIENTED_EDGE('',*,*,#596,.T.);
#831=ORIENTED_EDGE('',*,*,#591,.T.);
#832=ORIENTED_EDGE('',*,*,#541,.T.);
#833=ORIENTED_EDGE('',*,*,#578,.T.);
#834=ORIENTED_EDGE('',*,*,#574,.T.);
#835=ORIENTED_EDGE('',*,*,#594,.T.);
#836=ORIENTED_EDGE('',*,*,#535,.T.);
#837=ORIENTED_EDGE('',*,*,#567,.T.);
#838=ORIENTED_EDGE('',*,*,#563,.T.);
#839=ORIENTED_EDGE('',*,*,#595,.T.);
#840=ORIENTED_EDGE('',*,*,#529,.T.);
#841=ORIENTED_EDGE('',*,*,#593,.T.);
#842=ORIENTED_EDGE('',*,*,#554,.T.);
#843=ORIENTED_EDGE('',*,*,#592,.T.);
#844=ORIENTED_EDGE('',*,*,#523,.T.);
#845=ORIENTED_EDGE('',*,*,#547,.T.);
#846=ORIENTED_EDGE('',*,*,#589,.T.);
#847=ORIENTED_EDGE('',*,*,#585,.T.);
#848=ORIENTED_EDGE('',*,*,#597,.F.);
#849=ORIENTED_EDGE('',*,*,#596,.F.);
#850=ORIENTED_EDGE('',*,*,#598,.T.);
#851=ORIENTED_EDGE('',*,*,#599,.T.);
#852=ORIENTED_EDGE('',*,*,#598,.F.);
#853=ORIENTED_EDGE('',*,*,#599,.F.);
#854=ORIENTED_EDGE('',*,*,#600,.T.);
#855=ORIENTED_EDGE('',*,*,#597,.T.);
#856=ORIENTED_EDGE('',*,*,#600,.F.);
#857=CONICAL_SURFACE('',#947,12.25,0.785398163397451);
#858=CONICAL_SURFACE('',#954,12.25,0.78539816339745);
#859=CONICAL_SURFACE('',#1001,1.83152298183817,0.872664625997177);
#860=CONICAL_SURFACE('',#1003,14.5,0.785398163397448);
#861=CONICAL_SURFACE('',#1056,6.75,0.12833525697379);
#862=ADVANCED_FACE('',(#113),#857,.T.);
#863=ADVANCED_FACE('',(#114),#94,.T.);
#864=ADVANCED_FACE('',(#115,#42),#49,.F.);
#865=ADVANCED_FACE('',(#116),#858,.T.);
#866=ADVANCED_FACE('',(#117),#39,.T.);
#867=ADVANCED_FACE('',(#118),#50,.F.);
#868=ADVANCED_FACE('',(#119),#51,.T.);
#869=ADVANCED_FACE('',(#120),#52,.F.);
#870=ADVANCED_FACE('',(#121),#95,.T.);
#871=ADVANCED_FACE('',(#122),#31,.F.);
#872=ADVANCED_FACE('',(#123,#43),#53,.F.);
#873=ADVANCED_FACE('',(#124),#96,.T.);
#874=ADVANCED_FACE('',(#125),#32,.T.);
#875=ADVANCED_FACE('',(#126,#44),#54,.F.);
#876=ADVANCED_FACE('',(#127),#33,.F.);
#877=ADVANCED_FACE('',(#128),#97,.T.);
#878=ADVANCED_FACE('',(#129,#45),#55,.F.);
#879=ADVANCED_FACE('',(#130),#34,.F.);
#880=ADVANCED_FACE('',(#131),#98,.T.);
#881=ADVANCED_FACE('',(#132),#35,.F.);
#882=ADVANCED_FACE('',(#133,#46),#56,.F.);
#883=ADVANCED_FACE('',(#134),#36,.T.);
#884=ADVANCED_FACE('',(#135),#99,.T.);
#885=ADVANCED_FACE('',(#136),#37,.T.);
#886=ADVANCED_FACE('',(#137,#47),#57,.F.);
#887=ADVANCED_FACE('',(#138),#859,.T.);
#888=ADVANCED_FACE('',(#139),#860,.T.);
#889=ADVANCED_FACE('',(#140),#58,.F.);
#890=ADVANCED_FACE('',(#141),#100,.T.);
#891=ADVANCED_FACE('',(#142),#101,.T.);
#892=ADVANCED_FACE('',(#143),#102,.F.);
#893=ADVANCED_FACE('',(#144),#59,.T.);
#894=ADVANCED_FACE('',(#145),#103,.T.);
#895=ADVANCED_FACE('',(#146),#60,.T.);
#896=ADVANCED_FACE('',(#147),#104,.F.);
#897=ADVANCED_FACE('',(#148),#105,.T.);
#898=ADVANCED_FACE('',(#149),#61,.T.);
#899=ADVANCED_FACE('',(#150),#106,.T.);
#900=ADVANCED_FACE('',(#151),#62,.T.);
#901=ADVANCED_FACE('',(#152),#107,.F.);
#902=ADVANCED_FACE('',(#153),#108,.T.);
#903=ADVANCED_FACE('',(#154),#63,.T.);
#904=ADVANCED_FACE('',(#155),#109,.T.);
#905=ADVANCED_FACE('',(#156),#64,.T.);
#906=ADVANCED_FACE('',(#157),#110,.F.);
#907=ADVANCED_FACE('',(#158),#111,.T.);
#908=ADVANCED_FACE('',(#159),#65,.T.);
#909=ADVANCED_FACE('',(#160),#112,.T.);
#910=ADVANCED_FACE('',(#161),#66,.T.);
#911=ADVANCED_FACE('',(#162),#67,.T.);
#912=ADVANCED_FACE('',(#163),#68,.T.);
#913=ADVANCED_FACE('',(#164),#69,.T.);
#914=ADVANCED_FACE('',(#165),#70,.T.);
#915=ADVANCED_FACE('',(#166),#71,.T.);
#916=ADVANCED_FACE('',(#167,#48),#72,.T.);
#917=ADVANCED_FACE('',(#168),#38,.F.);
#918=ADVANCED_FACE('',(#169),#861,.F.);
#919=CLOSED_SHELL('',(#862,#863,#864,#865,#866,#867,#868,#869,#870,#871,
#872,#873,#874,#875,#876,#877,#878,#879,#880,#881,#882,#883,#884,#885,#886,
#887));
#920=CLOSED_SHELL('',(#888,#889,#890,#891,#892,#893,#894,#895,#896,#897,
#898,#899,#900,#901,#902,#903,#904,#905,#906,#907,#908,#909,#910,#911,#912,
#913,#914,#915,#916,#917,#918));
#921=DERIVED_UNIT_ELEMENT(#925,1.);
#922=DERIVED_UNIT_ELEMENT(#1861,-3.);
#923=DERIVED_UNIT_ELEMENT(#925,1.);
#924=DERIVED_UNIT_ELEMENT(#1861,-3.);
#925=(
MASS_UNIT()
NAMED_UNIT(*)
SI_UNIT(.KILO.,.GRAM.)
);
#926=DERIVED_UNIT((#921,#922));
#927=DERIVED_UNIT((#923,#924));
#928=MEASURE_REPRESENTATION_ITEM('density measure',
POSITIVE_RATIO_MEASURE(2700.),#926);
#929=MEASURE_REPRESENTATION_ITEM('density measure',
POSITIVE_RATIO_MEASURE(2700.),#927);
#930=PROPERTY_DEFINITION_REPRESENTATION(#940,#934);
#931=PROPERTY_DEFINITION_REPRESENTATION(#941,#935);
#932=PROPERTY_DEFINITION_REPRESENTATION(#942,#936);
#933=PROPERTY_DEFINITION_REPRESENTATION(#943,#937);
#934=REPRESENTATION('material name',(#938),#1857);
#935=REPRESENTATION('density',(#928),#1857);
#936=REPRESENTATION('material name',(#939),#1858);
#937=REPRESENTATION('density',(#929),#1858);
#938=DESCRIPTIVE_REPRESENTATION_ITEM('Aluminium','Aluminium');
#939=DESCRIPTIVE_REPRESENTATION_ITEM('Aluminium','Aluminium');
#940=PROPERTY_DEFINITION('material property','material name',#1882);
#941=PROPERTY_DEFINITION('material property','density of part',#1882);
#942=PROPERTY_DEFINITION('material property','material name',#1883);
#943=PROPERTY_DEFINITION('material property','density of part',#1883);
#944=AXIS2_PLACEMENT_3D('',#1344,#1060,#1061);
#945=AXIS2_PLACEMENT_3D('',#1345,#1062,#1063);
#946=AXIS2_PLACEMENT_3D('',#1346,#1064,#1065);
#947=AXIS2_PLACEMENT_3D('',#1347,#1066,#1067);
#948=AXIS2_PLACEMENT_3D('',#1349,#1068,#1069);
#949=AXIS2_PLACEMENT_3D('',#1352,#1071,#1072);
#950=AXIS2_PLACEMENT_3D('',#1353,#1073,#1074);
#951=AXIS2_PLACEMENT_3D('',#1356,#1075,#1076);
#952=AXIS2_PLACEMENT_3D('',#1373,#1078,#1079);
#953=AXIS2_PLACEMENT_3D('',#1375,#1080,#1081);
#954=AXIS2_PLACEMENT_3D('',#1376,#1082,#1083);
#955=AXIS2_PLACEMENT_3D('',#1379,#1084,#1085);
#956=AXIS2_PLACEMENT_3D('',#1464,#1086,#1087);
#957=AXIS2_PLACEMENT_3D('',#1466,#1089,#1090);
#958=AXIS2_PLACEMENT_3D('',#1467,#1091,#1092);
#959=AXIS2_PLACEMENT_3D('',#1469,#1093,#1094);
#960=AXIS2_PLACEMENT_3D('',#1470,#1095,#1096);
#961=AXIS2_PLACEMENT_3D('',#1472,#1097,#1098);
#962=AXIS2_PLACEMENT_3D('',#1474,#1100,#1101);
#963=AXIS2_PLACEMENT_3D('',#1476,#1102,#1103);
#964=AXIS2_PLACEMENT_3D('',#1477,#1104,#1105);
#965=AXIS2_PLACEMENT_3D('',#1478,#1106,#1107);
#966=AXIS2_PLACEMENT_3D('',#1480,#1108,#1109);
#967=AXIS2_PLACEMENT_3D('',#1481,#1110,#1111);
#968=AXIS2_PLACEMENT_3D('',#1483,#1112,#1113);
#969=AXIS2_PLACEMENT_3D('',#1485,#1115,#1116);
#970=AXIS2_PLACEMENT_3D('',#1487,#1117,#1118);
#971=AXIS2_PLACEMENT_3D('',#1488,#1119,#1120);
#972=AXIS2_PLACEMENT_3D('',#1489,#1121,#1122);
#973=AXIS2_PLACEMENT_3D('',#1491,#1123,#1124);
#974=AXIS2_PLACEMENT_3D('',#1492,#1125,#1126);
#975=AXIS2_PLACEMENT_3D('',#1494,#1127,#1128);
#976=AXIS2_PLACEMENT_3D('',#1495,#1129,#1130);
#977=AXIS2_PLACEMENT_3D('',#1496,#1131,#1132);
#978=AXIS2_PLACEMENT_3D('',#1498,#1133,#1134);
#979=AXIS2_PLACEMENT_3D('',#1500,#1136,#1137);
#980=AXIS2_PLACEMENT_3D('',#1502,#1138,#1139);
#981=AXIS2_PLACEMENT_3D('',#1503,#1140,#1141);
#982=AXIS2_PLACEMENT_3D('',#1505,#1142,#1143);
#983=AXIS2_PLACEMENT_3D('',#1506,#1144,#1145);
#984=AXIS2_PLACEMENT_3D('',#1507,#1146,#1147);
#985=AXIS2_PLACEMENT_3D('',#1509,#1148,#1149);
#986=AXIS2_PLACEMENT_3D('',#1511,#1151,#1152);
#987=AXIS2_PLACEMENT_3D('',#1513,#1153,#1154);
#988=AXIS2_PLACEMENT_3D('',#1514,#1155,#1156);
#989=AXIS2_PLACEMENT_3D('',#1515,#1157,#1158);
#990=AXIS2_PLACEMENT_3D('',#1517,#1159,#1160);
#991=AXIS2_PLACEMENT_3D('',#1518,#1161,#1162);
#992=AXIS2_PLACEMENT_3D('',#1520,#1163,#1164);
#993=AXIS2_PLACEMENT_3D('',#1521,#1165,#1166);
#994=AXIS2_PLACEMENT_3D('',#1522,#1167,#1168);
#995=AXIS2_PLACEMENT_3D('',#1524,#1169,#1170);
#996=AXIS2_PLACEMENT_3D('',#1526,#1172,#1173);
#997=AXIS2_PLACEMENT_3D('',#1528,#1174,#1175);
#998=AXIS2_PLACEMENT_3D('',#1529,#1176,#1177);
#999=AXIS2_PLACEMENT_3D('',#1530,#1178,#1179);
#1000=AXIS2_PLACEMENT_3D('',#1532,#1180,#1181);
#1001=AXIS2_PLACEMENT_3D('',#1533,#1182,#1183);
#1002=AXIS2_PLACEMENT_3D('',#1535,#1185,#1186);
#1003=AXIS2_PLACEMENT_3D('',#1536,#1187,#1188);
#1004=AXIS2_PLACEMENT_3D('',#1538,#1189,#1190);
#1005=AXIS2_PLACEMENT_3D('',#1541,#1192,#1193);
#1006=AXIS2_PLACEMENT_3D('',#1542,#1194,#1195);
#1007=AXIS2_PLACEMENT_3D('',#1543,#1196,#1197);
#1008=AXIS2_PLACEMENT_3D('',#1547,#1199,#1200);
#1009=AXIS2_PLACEMENT_3D('',#1562,#1202,#1203);
#1010=AXIS2_PLACEMENT_3D('',#1577,#1205,#1206);
#1011=AXIS2_PLACEMENT_3D('',#1592,#1208,#1209);
#1012=AXIS2_PLACEMENT_3D('',#1607,#1211,#1212);
#1013=AXIS2_PLACEMENT_3D('',#1622,#1214,#1215);
#1014=AXIS2_PLACEMENT_3D('',#1637,#1217,#1218);
#1015=AXIS2_PLACEMENT_3D('',#1652,#1220,#1221);
#1016=AXIS2_PLACEMENT_3D('',#1666,#1223,#1224);
#1017=AXIS2_PLACEMENT_3D('',#1667,#1225,#1226);
#1018=AXIS2_PLACEMENT_3D('',#1682,#1229,#1230);
#1019=AXIS2_PLACEMENT_3D('',#1684,#1231,#1232);
#1020=AXIS2_PLACEMENT_3D('',#1699,#1234,#1235);
#1021=AXIS2_PLACEMENT_3D('',#1701,#1237,#1238);
#1022=AXIS2_PLACEMENT_3D('',#1703,#1240,#1241);
#1023=AXIS2_PLACEMENT_3D('',#1718,#1244,#1245);
#1024=AXIS2_PLACEMENT_3D('',#1720,#1246,#1247);
#1025=AXIS2_PLACEMENT_3D('',#1722,#1249,#1250);
#1026=AXIS2_PLACEMENT_3D('',#1726,#1252,#1253);
#1027=AXIS2_PLACEMENT_3D('',#1739,#1255,#1256);
#1028=AXIS2_PLACEMENT_3D('',#1741,#1258,#1259);
#1029=AXIS2_PLACEMENT_3D('',#1743,#1261,#1262);
#1030=AXIS2_PLACEMENT_3D('',#1758,#1265,#1266);
#1031=AXIS2_PLACEMENT_3D('',#1760,#1267,#1268);
#1032=AXIS2_PLACEMENT_3D('',#1762,#1270,#1271);
#1033=AXIS2_PLACEMENT_3D('',#1766,#1273,#1274);
#1034=AXIS2_PLACEMENT_3D('',#1779,#1276,#1277);
#1035=AXIS2_PLACEMENT_3D('',#1781,#1279,#1280);
#1036=AXIS2_PLACEMENT_3D('',#1783,#1282,#1283);
#1037=AXIS2_PLACEMENT_3D('',#1798,#1286,#1287);
#1038=AXIS2_PLACEMENT_3D('',#1800,#1288,#1289);
#1039=AXIS2_PLACEMENT_3D('',#1802,#1291,#1292);
#1040=AXIS2_PLACEMENT_3D('',#1806,#1294,#1295);
#1041=AXIS2_PLACEMENT_3D('',#1819,#1297,#1298);
#1042=AXIS2_PLACEMENT_3D('',#1821,#1300,#1301);
#1043=AXIS2_PLACEMENT_3D('',#1823,#1303,#1304);
#1044=AXIS2_PLACEMENT_3D('',#1825,#1306,#1307);
#1045=AXIS2_PLACEMENT_3D('',#1827,#1309,#1310);
#1046=AXIS2_PLACEMENT_3D('',#1829,#1312,#1313);
#1047=AXIS2_PLACEMENT_3D('',#1831,#1315,#1316);
#1048=AXIS2_PLACEMENT_3D('',#1833,#1318,#1319);
#1049=AXIS2_PLACEMENT_3D('',#1835,#1321,#1322);
#1050=AXIS2_PLACEMENT_3D('',#1837,#1323,#1324);
#1051=AXIS2_PLACEMENT_3D('',#1838,#1325,#1326);
#1052=AXIS2_PLACEMENT_3D('',#1840,#1327,#1328);
#1053=AXIS2_PLACEMENT_3D('',#1841,#1329,#1330);
#1054=AXIS2_PLACEMENT_3D('',#1843,#1331,#1332);
#1055=AXIS2_PLACEMENT_3D('',#1844,#1333,#1334);
#1056=AXIS2_PLACEMENT_3D('',#1845,#1335,#1336);
#1057=AXIS2_PLACEMENT_3D('',#1847,#1338,#1339);
#1058=AXIS2_PLACEMENT_3D('',#1848,#1340,#1341);
#1059=AXIS2_PLACEMENT_3D('',#1849,#1342,#1343);
#1060=DIRECTION('axis',(0.,0.,1.));
#1061=DIRECTION('refdir',(1.,0.,0.));
#1062=DIRECTION('axis',(0.,0.,1.));
#1063=DIRECTION('refdir',(1.,0.,0.));
#1064=DIRECTION('axis',(0.,0.,1.));
#1065=DIRECTION('refdir',(1.,0.,0.));
#1066=DIRECTION('center_axis',(2.94469310047064E-15,-1.,-1.9626727202497E-15));
#1067=DIRECTION('ref_axis',(-1.,-2.95255245989242E-15,-1.71276975574444E-32));
#1068=DIRECTION('center_axis',(-2.94382573873269E-15,1.,1.9626727202497E-15));
#1069=DIRECTION('ref_axis',(-1.,-2.96059473233375E-15,-3.29120462868526E-32));
#1070=DIRECTION('',(-0.707106781186551,0.707106781186544,1.30122358411486E-15));
#1071=DIRECTION('center_axis',(2.94382573873269E-15,-1.,-1.9626727202497E-15));
#1072=DIRECTION('ref_axis',(-1.,-2.94382573873269E-15,-1.50471876322113E-45));
#1073=DIRECTION('center_axis',(2.96059473233375E-15,-1.,-1.9626727202497E-15));
#1074=DIRECTION('ref_axis',(-1.,-2.96059473233375E-15,-3.29120462868526E-32));
#1075=DIRECTION('center_axis',(2.94382573873269E-15,-1.,-1.9626727202497E-15));
#1076=DIRECTION('ref_axis',(-1.,-2.96059473233375E-15,-3.29120462868526E-32));
#1077=DIRECTION('',(-2.96059473233375E-15,1.,1.9626727202497E-15));
#1078=DIRECTION('center_axis',(2.94382573873269E-15,-1.,-1.9626727202497E-15));
#1079=DIRECTION('ref_axis',(-1.,-2.94382573873269E-15,-6.28996074557536E-46));
#1080=DIRECTION('center_axis',(0.,-1.,0.));
#1081=DIRECTION('ref_axis',(0.,0.,1.));
#1082=DIRECTION('center_axis',(-2.94469310047064E-15,1.,1.9626727202497E-15));
#1083=DIRECTION('ref_axis',(-1.,-2.95255245989242E-15,-1.71276975574444E-32));
#1084=DIRECTION('center_axis',(-2.94382573873269E-15,1.,1.9626727202497E-15));
#1085=DIRECTION('ref_axis',(-1.,-2.94382573873269E-15,-1.50471876322113E-45));
#1086=DIRECTION('center_axis',(-0.70710678118655,0.707106781186545,1.25607396694702E-15));
#1087=DIRECTION('ref_axis',(0.707106781186545,0.70710678118655,1.38781918973841E-15));
#1088=DIRECTION('',(-1.86315880849451E-16,-1.9626727202497E-15,1.));
#1089=DIRECTION('center_axis',(2.94382573873269E-15,-1.,-1.9626727202497E-15));
#1090=DIRECTION('ref_axis',(-1.,-2.94382573873269E-15,-6.28996074557536E-46));
#1091=DIRECTION('center_axis',(-1.22464679914735E-16,-1.,0.));
#1092=DIRECTION('ref_axis',(0.,0.,-1.));
#1093=DIRECTION('center_axis',(-1.22464679914735E-16,-1.,0.));
#1094=DIRECTION('ref_axis',(-1.,1.22464679914735E-16,0.));
#1095=DIRECTION('center_axis',(-1.22464679914735E-16,-1.,0.));
#1096=DIRECTION('ref_axis',(0.,0.,1.));
#1097=DIRECTION('center_axis',(-1.22464679914735E-16,-1.,0.));
#1098=DIRECTION('ref_axis',(-1.,1.22464679914735E-16,0.));
#1099=DIRECTION('',(-1.22464679914735E-16,-1.,0.));
#1100=DIRECTION('center_axis',(-1.22464679914735E-16,-1.,0.));
#1101=DIRECTION('ref_axis',(0.,0.,1.));
#1102=DIRECTION('center_axis',(-1.,1.22464679914735E-16,-1.22394378582808E-16));
#1103=DIRECTION('ref_axis',(1.22394378582808E-16,0.,-1.));
#1104=DIRECTION('center_axis',(-1.22464679914735E-16,-1.,0.));
#1105=DIRECTION('ref_axis',(-1.,1.22464679914735E-16,0.));
#1106=DIRECTION('center_axis',(1.22464679914735E-16,1.,0.));
#1107=DIRECTION('ref_axis',(0.,0.,-1.));
#1108=DIRECTION('center_axis',(-1.22464679914735E-16,-1.,0.));
#1109=DIRECTION('ref_axis',(-1.,1.22464679914735E-16,0.));
#1110=DIRECTION('center_axis',(-1.22464679914735E-16,-1.,0.));
#1111=DIRECTION('ref_axis',(0.,0.,1.));
#1112=DIRECTION('center_axis',(-1.22464679914735E-16,-1.,0.));
#1113=DIRECTION('ref_axis',(-1.,1.22464679914735E-16,0.));
#1114=DIRECTION('',(-1.22464679914735E-16,-1.,0.));
#1115=DIRECTION('center_axis',(-1.22464679914735E-16,-1.,0.));
#1116=DIRECTION('ref_axis',(0.,0.,1.));
#1117=DIRECTION('center_axis',(-1.22464679914735E-16,-1.,0.));
#1118=DIRECTION('ref_axis',(-1.,1.22464679914735E-16,0.));
#1119=DIRECTION('center_axis',(-1.,1.22464679914735E-16,-1.22431445323748E-16));
#1120=DIRECTION('ref_axis',(1.22431445323748E-16,0.,-1.));
#1121=DIRECTION('center_axis',(-1.22464679914735E-16,-1.,0.));
#1122=DIRECTION('ref_axis',(0.,0.,1.));
#1123=DIRECTION('center_axis',(-1.22464679914735E-16,-1.,0.));
#1124=DIRECTION('ref_axis',(-1.,1.22464679914735E-16,0.));
#1125=DIRECTION('center_axis',(-1.22464679914735E-16,-1.,0.));
#1126=DIRECTION('ref_axis',(0.,0.,1.));
#1127=DIRECTION('center_axis',(-1.,1.22464679914735E-16,-1.22613409324724E-16));
#1128=DIRECTION('ref_axis',(1.22613409324724E-16,0.,-1.));
#1129=DIRECTION('center_axis',(-1.22464679914735E-16,-1.,0.));
#1130=DIRECTION('ref_axis',(-1.,1.22464679914735E-16,0.));
#1131=DIRECTION('center_axis',(-1.22464679914735E-16,-1.,0.));
#1132=DIRECTION('ref_axis',(0.,0.,1.));
#1133=DIRECTION('center_axis',(-1.22464679914735E-16,-1.,0.));
#1134=DIRECTION('ref_axis',(-1.,1.22464679914735E-16,0.));
#1135=DIRECTION('',(-1.22464679914735E-16,-1.,0.));
#1136=DIRECTION('center_axis',(-1.22464679914735E-16,-1.,0.));
#1137=DIRECTION('ref_axis',(0.,0.,1.));
#1138=DIRECTION('center_axis',(-1.22464679914735E-16,-1.,0.));
#1139=DIRECTION('ref_axis',(-1.,1.22464679914735E-16,0.));
#1140=DIRECTION('center_axis',(-1.22464679914735E-16,-1.,0.));
#1141=DIRECTION('ref_axis',(0.,0.,1.));
#1142=DIRECTION('center_axis',(-1.,1.22464679914735E-16,-1.22216166907322E-16));
#1143=DIRECTION('ref_axis',(1.22216166907322E-16,0.,-1.));
#1144=DIRECTION('center_axis',(-1.22464679914735E-16,-1.,0.));
#1145=DIRECTION('ref_axis',(-1.,1.22464679914735E-16,0.));
#1146=DIRECTION('center_axis',(-1.22464679914735E-16,-1.,0.));
#1147=DIRECTION('ref_axis',(0.,0.,1.));
#1148=DIRECTION('center_axis',(-1.22464679914735E-16,-1.,0.));
#1149=DIRECTION('ref_axis',(-1.,1.22464679914735E-16,0.));
#1150=DIRECTION('',(-1.22464679914735E-16,-1.,0.));
#1151=DIRECTION('center_axis',(-1.22464679914735E-16,-1.,0.));
#1152=DIRECTION('ref_axis',(0.,0.,1.));
#1153=DIRECTION('center_axis',(-1.,1.22464679914735E-16,-1.22216166907321E-16));
#1154=DIRECTION('ref_axis',(1.22216166907321E-16,0.,-1.));
#1155=DIRECTION('center_axis',(-1.22464679914735E-16,-1.,0.));
#1156=DIRECTION('ref_axis',(-1.,1.22464679914735E-16,0.));
#1157=DIRECTION('center_axis',(1.22464679914735E-16,1.,0.));
#1158=DIRECTION('ref_axis',(0.,0.,-1.));
#1159=DIRECTION('center_axis',(-1.22464679914735E-16,-1.,0.));
#1160=DIRECTION('ref_axis',(-1.,1.22464679914735E-16,0.));
#1161=DIRECTION('center_axis',(-1.22464679914735E-16,-1.,0.));
#1162=DIRECTION('ref_axis',(0.,0.,1.));
#1163=DIRECTION('center_axis',(-1.22464679914735E-16,-1.,0.));
#1164=DIRECTION('ref_axis',(-1.,1.22464679914735E-16,0.));
#1165=DIRECTION('center_axis',(-1.,1.22464679914735E-16,-1.22514845490862E-16));
#1166=DIRECTION('ref_axis',(1.22514845490862E-16,0.,-1.));
#1167=DIRECTION('center_axis',(-1.22464679914735E-16,-1.,0.));
#1168=DIRECTION('ref_axis',(0.,0.,1.));
#1169=DIRECTION('center_axis',(-1.22464679914735E-16,-1.,0.));
#1170=DIRECTION('ref_axis',(-1.,1.22464679914735E-16,0.));
#1171=DIRECTION('',(-1.22464679914735E-16,-1.,0.));
#1172=DIRECTION('center_axis',(-1.22464679914735E-16,-1.,0.));
#1173=DIRECTION('ref_axis',(0.,0.,1.));
#1174=DIRECTION('center_axis',(-1.22464679914735E-16,-1.,0.));
#1175=DIRECTION('ref_axis',(-1.,1.22464679914735E-16,0.));
#1176=DIRECTION('center_axis',(-1.,1.22464679914735E-16,-1.22514845490862E-16));
#1177=DIRECTION('ref_axis',(1.22514845490862E-16,0.,-1.));
#1178=DIRECTION('center_axis',(-1.22464679914735E-16,-1.,0.));
#1179=DIRECTION('ref_axis',(0.,0.,1.));
#1180=DIRECTION('center_axis',(-1.22464679914735E-16,-1.,0.));
#1181=DIRECTION('ref_axis',(-1.,1.22464679914735E-16,0.));
#1182=DIRECTION('center_axis',(-1.22464679914735E-16,-1.,0.));
#1183=DIRECTION('ref_axis',(0.,0.,1.));
#1184=DIRECTION('',(1.50946086536096E-17,-0.64278760968653,-0.766044443118986));
#1185=DIRECTION('axis',(0.,0.,1.));
#1186=DIRECTION('refdir',(1.,0.,0.));
#1187=DIRECTION('center_axis',(0.,-1.,0.));
#1188=DIRECTION('ref_axis',(1.,0.,0.));
#1189=DIRECTION('center_axis',(0.,-1.,0.));
#1190=DIRECTION('ref_axis',(1.,0.,0.));
#1191=DIRECTION('',(-0.707106781186548,-0.707106781186548,8.65956056235493E-17));
#1192=DIRECTION('center_axis',(0.,1.,0.));
#1193=DIRECTION('ref_axis',(1.,0.,0.));
#1194=DIRECTION('center_axis',(0.,-1.,0.));
#1195=DIRECTION('ref_axis',(1.,0.,0.));
#1196=DIRECTION('center_axis',(0.,1.,0.));
#1197=DIRECTION('ref_axis',(1.,0.,0.));
#1198=DIRECTION('',(0.,-1.,0.));
#1199=DIRECTION('center_axis',(0.,-1.,0.));
#1200=DIRECTION('ref_axis',(1.,0.,0.));
#1201=DIRECTION('',(0.,-1.,0.));
#1202=DIRECTION('center_axis',(1.38777878078145E-17,-1.,-1.11206360074976E-16));
#1203=DIRECTION('ref_axis',(-1.,-1.38777878078145E-17,2.43882720892368E-50));
#1204=DIRECTION('',(0.,-1.,0.));
#1205=DIRECTION('center_axis',(0.,-1.,0.));
#1206=DIRECTION('ref_axis',(1.,0.,0.));
#1207=DIRECTION('',(0.,-1.,-1.11022302462516E-16));
#1208=DIRECTION('center_axis',(1.38777878078145E-17,-1.,-1.11206360074976E-16));
#1209=DIRECTION('ref_axis',(-1.,-1.38777878078145E-17,2.43882720892368E-50));
#1210=DIRECTION('',(0.,-1.,-1.11022302462516E-16));
#1211=DIRECTION('center_axis',(0.,-1.,0.));
#1212=DIRECTION('ref_axis',(1.,0.,0.));
#1213=DIRECTION('',(0.,-1.,0.));
#1214=DIRECTION('center_axis',(1.38777878078145E-17,-1.,-1.11206360074976E-16));
#1215=DIRECTION('ref_axis',(-1.,-1.38777878078145E-17,2.43882720892368E-50));
#1216=DIRECTION('',(0.,-1.,0.));
#1217=DIRECTION('center_axis',(0.,-1.,0.));
#1218=DIRECTION('ref_axis',(1.,0.,0.));
#1219=DIRECTION('',(0.,-1.,-1.66533453693773E-16));
#1220=DIRECTION('center_axis',(1.38777878078145E-17,-1.,-1.11206360074976E-16));
#1221=DIRECTION('ref_axis',(-1.,-1.38777878078145E-17,2.43882720892368E-50));
#1222=DIRECTION('',(0.,-1.,-1.66533453693773E-16));
#1223=DIRECTION('center_axis',(0.,-1.,0.));
#1224=DIRECTION('ref_axis',(1.,0.,0.));
#1225=DIRECTION('center_axis',(1.54329826799993E-33,-1.11206360074976E-16,
1.));
#1226=DIRECTION('ref_axis',(0.707106781186549,-0.707106781186546,0.));
#1227=DIRECTION('',(-1.54329826799993E-33,1.11206360074976E-16,-1.));
#1228=DIRECTION('',(1.54329826799993E-33,-1.11206360074976E-16,1.));
#1229=DIRECTION('center_axis',(0.,-1.,0.));
#1230=DIRECTION('ref_axis',(-1.,0.,2.43882720892368E-50));
#1231=DIRECTION('center_axis',(-1.38777878078145E-17,1.,1.11206360074976E-16));
#1232=DIRECTION('ref_axis',(-1.,-1.38777878078145E-17,2.43882720892368E-50));
#1233=DIRECTION('',(0.,-1.,0.));
#1234=DIRECTION('center_axis',(0.,-1.,0.));
#1235=DIRECTION('ref_axis',(-1.,0.,2.43882720892368E-50));
#1236=DIRECTION('',(0.,-1.,0.));
#1237=DIRECTION('center_axis',(1.38777878078145E-17,-1.,-1.11206360074976E-16));
#1238=DIRECTION('ref_axis',(-1.,-1.38777878078145E-17,1.3861529015563E-49));
#1239=DIRECTION('',(-1.,-1.38777878078145E-17,2.43882720892368E-50));
#1240=DIRECTION('center_axis',(-1.37944248577925E-16,1.11206360074976E-16,
-1.));
#1241=DIRECTION('ref_axis',(-0.707106781186549,-0.707106781186546,0.));
#1242=DIRECTION('',(1.37944248577925E-16,-1.11206360074976E-16,1.));
#1243=DIRECTION('',(-1.37944248577925E-16,1.11206360074976E-16,-1.));
#1244=DIRECTION('center_axis',(1.38777878078145E-17,-1.,-1.11206360074976E-16));
#1245=DIRECTION('ref_axis',(-1.,-1.38777878078145E-17,1.3861529015563E-49));
#1246=DIRECTION('center_axis',(-1.38777878078145E-17,1.,1.11206360074976E-16));
#1247=DIRECTION('ref_axis',(-1.,-1.38777878078145E-17,2.43882720892368E-50));
#1248=DIRECTION('',(-1.,-1.38777878078145E-17,1.71056941445901E-49));
#1249=DIRECTION('center_axis',(0.,-1.,-1.11022302462516E-16));
#1250=DIRECTION('ref_axis',(-1.,0.,1.54074395550979E-33));
#1251=DIRECTION('',(0.,-1.,-1.11022302462516E-16));
#1252=DIRECTION('center_axis',(0.,-1.,0.));
#1253=DIRECTION('ref_axis',(-1.,0.,1.54074395550979E-33));
#1254=DIRECTION('',(0.,-1.,-1.11022302462516E-16));
#1255=DIRECTION('center_axis',(1.,1.38777878078145E-17,-1.71056941445901E-49));
#1256=DIRECTION('ref_axis',(0.,-0.707106781186549,-0.707106781186546));
#1257=DIRECTION('',(1.,1.38777878078145E-17,-1.71056941445901E-49));
#1258=DIRECTION('center_axis',(-1.54074395550979E-33,1.11022302462516E-16,
-1.));
#1259=DIRECTION('ref_axis',(1.,1.38777878078145E-17,-2.43882720892368E-50));
#1260=DIRECTION('',(-1.,0.,1.54074395550979E-33));
#1261=DIRECTION('center_axis',(-1.,-1.38777878078145E-17,2.43882720892368E-50));
#1262=DIRECTION('ref_axis',(0.,-0.707106781186546,0.707106781186549));
#1263=DIRECTION('',(1.,1.38777878078145E-17,-2.43882720892368E-50));
#1264=DIRECTION('',(-1.,-1.38777878078145E-17,2.43882720892368E-50));
#1265=DIRECTION('center_axis',(1.38777878078145E-17,-1.,-1.11206360074976E-16));
#1266=DIRECTION('ref_axis',(-1.,-1.38777878078145E-17,1.3861529015563E-49));
#1267=DIRECTION('center_axis',(-1.38777878078145E-17,1.,1.11206360074976E-16));
#1268=DIRECTION('ref_axis',(-1.,-1.38777878078145E-17,2.43882720892368E-50));
#1269=DIRECTION('',(1.37944248577925E-16,-1.11206360074976E-16,1.));
#1270=DIRECTION('center_axis',(0.,-1.,0.));
#1271=DIRECTION('ref_axis',(-1.,0.,2.43882720892368E-50));
#1272=DIRECTION('',(0.,-1.,0.));
#1273=DIRECTION('center_axis',(0.,-1.,0.));
#1274=DIRECTION('ref_axis',(-1.,0.,2.43882720892368E-50));
#1275=DIRECTION('',(0.,-1.,0.));
#1276=DIRECTION('center_axis',(-1.37944248577925E-16,1.11206360074976E-16,
-1.));
#1277=DIRECTION('ref_axis',(-0.707106781186546,-0.707106781186549,0.));
#1278=DIRECTION('',(-1.37944248577925E-16,1.11206360074976E-16,-1.));
#1279=DIRECTION('center_axis',(-1.,0.,1.37944248577925E-16));
#1280=DIRECTION('ref_axis',(-1.37944248577925E-16,1.11206360074976E-16,
-1.));
#1281=DIRECTION('',(1.37944248577925E-16,0.,1.));
#1282=DIRECTION('center_axis',(1.54329826799993E-33,-1.11206360074976E-16,
1.));
#1283=DIRECTION('ref_axis',(0.707106781186546,-0.707106781186549,0.));
#1284=DIRECTION('',(-1.54329826799993E-33,1.11206360074976E-16,-1.));
#1285=DIRECTION('',(1.54329826799993E-33,-1.11206360074976E-16,1.));
#1286=DIRECTION('center_axis',(1.38777878078145E-17,-1.,-1.11206360074976E-16));
#1287=DIRECTION('ref_axis',(-1.,-1.38777878078145E-17,1.3861529015563E-49));
#1288=DIRECTION('center_axis',(-1.38777878078145E-17,1.,1.11206360074976E-16));
#1289=DIRECTION('ref_axis',(-1.,-1.38777878078145E-17,2.43882720892368E-50));
#1290=DIRECTION('',(1.,1.38777878078145E-17,-3.42113882891801E-49));
#1291=DIRECTION('center_axis',(0.,-1.,-1.66533453693773E-16));
#1292=DIRECTION('ref_axis',(-1.,0.,2.31111593326468E-33));
#1293=DIRECTION('',(0.,-1.,-1.66533453693773E-16));
#1294=DIRECTION('center_axis',(0.,-1.,0.));
#1295=DIRECTION('ref_axis',(-1.,0.,2.31111593326468E-33));
#1296=DIRECTION('',(0.,-1.,-1.66533453693773E-16));
#1297=DIRECTION('center_axis',(-1.,-1.38777878078145E-17,3.42113882891801E-49));
#1298=DIRECTION('ref_axis',(0.,-0.707106781186546,0.707106781186549));
#1299=DIRECTION('',(-1.,-1.38777878078145E-17,3.42113882891801E-49));
#1300=DIRECTION('center_axis',(2.31111593326468E-33,-1.66533453693773E-16,
1.));
#1301=DIRECTION('ref_axis',(-1.,-1.38777878078145E-17,2.43882720892368E-50));
#1302=DIRECTION('',(1.,0.,-2.31111593326468E-33));
#1303=DIRECTION('center_axis',(1.,1.38777878078145E-17,-2.43882720892368E-50));
#1304=DIRECTION('ref_axis',(0.,-0.707106781186549,-0.707106781186546));
#1305=DIRECTION('',(1.,1.38777878078145E-17,-2.43882720892368E-50));
#1306=DIRECTION('center_axis',(1.,2.57010790649647E-49,-1.54329826799993E-33));
#1307=DIRECTION('ref_axis',(1.54329826799993E-33,-1.11206360074976E-16,
1.));
#1308=DIRECTION('',(-1.54329826799993E-33,0.,-1.));
#1309=DIRECTION('center_axis',(-2.43882720892368E-50,0.,-1.));
#1310=DIRECTION('ref_axis',(1.,1.38777878078145E-17,-2.43882720892368E-50));
#1311=DIRECTION('',(-1.,0.,2.43882720892368E-50));
#1312=DIRECTION('center_axis',(1.,0.,-1.54329826799993E-33));
#1313=DIRECTION('ref_axis',(1.54329826799993E-33,-1.11206360074976E-16,
1.));
#1314=DIRECTION('',(-1.54329826799993E-33,0.,-1.));
#1315=DIRECTION('center_axis',(2.43882720892368E-50,0.,1.));
#1316=DIRECTION('ref_axis',(-1.,-1.38777878078145E-17,2.43882720892368E-50));
#1317=DIRECTION('',(1.,0.,-2.43882720892368E-50));
#1318=DIRECTION('center_axis',(-1.,-1.53148880885828E-32,1.37944248577925E-16));
#1319=DIRECTION('ref_axis',(-1.37944248577925E-16,1.11206360074976E-16,
-1.));
#1320=DIRECTION('',(1.37944248577925E-16,0.,1.));
#1321=DIRECTION('center_axis',(-1.22464679914735E-16,-1.,0.));
#1322=DIRECTION('ref_axis',(0.,0.,-1.));
#1323=DIRECTION('center_axis',(-1.22464679914735E-16,-1.,0.));
#1324=DIRECTION('ref_axis',(-1.,1.22464679914735E-16,0.));
#1325=DIRECTION('center_axis',(0.,-1.,0.));
#1326=DIRECTION('ref_axis',(1.,0.,0.));
#1327=DIRECTION('center_axis',(0.,-1.,0.));
#1328=DIRECTION('ref_axis',(0.,0.,1.));
#1329=DIRECTION('center_axis',(-1.22464679914735E-16,-1.,0.));
#1330=DIRECTION('ref_axis',(0.,0.,1.));
#1331=DIRECTION('center_axis',(-1.,1.22464679914735E-16,-1.22453177507106E-16));
#1332=DIRECTION('ref_axis',(1.22453177507106E-16,0.,-1.));
#1333=DIRECTION('center_axis',(-1.22464679914735E-16,-1.,0.));
#1334=DIRECTION('ref_axis',(-1.,1.22464679914735E-16,0.));
#1335=DIRECTION('center_axis',(-1.22464679914735E-16,-1.,0.));
#1336=DIRECTION('ref_axis',(0.,0.,1.));
#1337=DIRECTION('',(-1.05784140502069E-16,-0.991776327158193,-0.127983268002522));
#1338=DIRECTION('',(3.19611961829317E-18,-1.00000000000002,2.25405180435998E-15));
#1339=DIRECTION('',(0.999999999999995,4.779738796531E-34,-2.59688104353729E-15));
#1340=DIRECTION('',(-1.38734456751924E-17,-0.999999999999998,1.11206359364483E-16));
#1341=DIRECTION('',(1.,2.5543026300767E-36,-1.38777878078146E-17));
#1342=DIRECTION('',(4.3421326219304E-21,1.84056901968077E-19,1.));
#1343=DIRECTION('',(1.00000000000001,0.,0.));
#1344=CARTESIAN_POINT('',(0.,0.,0.));
#1345=CARTESIAN_POINT('',(0.,0.,0.));
#1346=CARTESIAN_POINT('',(0.,0.,0.));
#1347=CARTESIAN_POINT('Origin',(-0.0164473456836084,-56.9499999970517,3.4595557383759E-15));
#1348=CARTESIAN_POINT('',(12.7335526543164,-57.4499999970517,9.16794709338174E-16));
#1349=CARTESIAN_POINT('Origin',(-0.016447345683607,-57.4499999970517,2.47821937825105E-15));
#1350=CARTESIAN_POINT('',(11.7335526543164,-56.4499999970517,5.87985208749888E-15));
#1351=CARTESIAN_POINT('',(12.2335526543164,-56.9499999970517,4.9597480673314E-15));
#1352=CARTESIAN_POINT('Origin',(-0.0164473456836099,-56.4499999970517,4.44089209850074E-15));
#1353=CARTESIAN_POINT('Origin',(-0.0164473456836099,-56.4499999970517,4.44089209850074E-15));
#1354=CARTESIAN_POINT('',(5.32480228980603,-70.4499999970518,11.5772860520669));
#1355=CARTESIAN_POINT('',(5.32480228980605,-70.4499999970517,-11.5772860520669));
#1356=CARTESIAN_POINT('Origin',(-0.0164473456835685,-70.4499999970517,-2.30365259849951E-14));
#1357=CARTESIAN_POINT('',(12.732837680991,-63.3849719076597,2.64762680182717E-7));
#1358=CARTESIAN_POINT('Ctrl Pts',(12.732837680991,-63.3849719076597,2.64762680057817E-7));
#1359=CARTESIAN_POINT('Ctrl Pts',(12.7330068216134,-63.3848391951112,0.711808366042527));
#1360=CARTESIAN_POINT('Ctrl Pts',(12.5568353261058,-63.5486427396102,2.84687313505578));
#1361=CARTESIAN_POINT('Ctrl Pts',(11.3785051453896,-64.6436513083463,6.21378020055363));
#1362=CARTESIAN_POINT('Ctrl Pts',(8.81120613106649,-67.0737288355013,9.50051954396999));
#1363=CARTESIAN_POINT('Ctrl Pts',(6.54120407877467,-69.264408688368,11.0160918669428));
#1364=CARTESIAN_POINT('Ctrl Pts',(5.32480228980601,-70.4499999970518,11.5772860520669));
#1365=CARTESIAN_POINT('',(12.7335526543164,-56.4499999970517,6.00231676741362E-15));
#1366=CARTESIAN_POINT('Ctrl Pts',(5.32480228980602,-70.4499999970517,-11.5772860520669));
#1367=CARTESIAN_POINT('Ctrl Pts',(6.54120407877468,-69.264408688368,-11.0160918669428));
#1368=CARTESIAN_POINT('Ctrl Pts',(8.81089827093705,-67.0739487485075,-9.50057693452836));
#1369=CARTESIAN_POINT('Ctrl Pts',(11.3787966152702,-64.6433981951188,-6.21432786691937));
#1370=CARTESIAN_POINT('Ctrl Pts',(12.5555741309024,-63.5496190404967,-2.84648363583166));
#1371=CARTESIAN_POINT('Ctrl Pts',(12.7326686061894,-63.3851045685633,-0.711530837384854));
#1372=CARTESIAN_POINT('Ctrl Pts',(12.732837680991,-63.3849719076597,2.64762680057817E-7));
#1373=CARTESIAN_POINT('Origin',(-0.0164473456836099,-56.4499999970517,4.44089209850074E-15));
#1374=CARTESIAN_POINT('',(-0.0164473456836178,-56.4499999970517,-4.));
#1375=CARTESIAN_POINT('Origin',(-0.0164473456836183,-56.4499999970517,0.));
#1376=CARTESIAN_POINT('Origin',(-0.016447345683567,-70.9499999970517,-2.40178623451199E-14));
#1377=CARTESIAN_POINT('',(5.66801569440117,-71.4499999970517,-10.2834517524959));
#1378=CARTESIAN_POINT('',(5.66801569440116,-71.4499999970517,10.2834517524959));
#1379=CARTESIAN_POINT('Origin',(-0.0164473456835655,-71.4499999970517,-2.49991987052448E-14));
#1380=CARTESIAN_POINT('',(5.72690454301419,-71.3911111484387,10.3181279756305));
#1381=CARTESIAN_POINT('Ctrl Pts',(5.66801569440106,-71.4499999970518,10.2834517524958));
#1382=CARTESIAN_POINT('Ctrl Pts',(5.69741055836124,-71.4206051330917,10.3007898640632));
#1383=CARTESIAN_POINT('Ctrl Pts',(5.72690454301419,-71.3911111484387,10.3181279756305));
#1384=CARTESIAN_POINT('Ctrl Pts',(5.72690365261912,-71.3911120388332,10.3181267581224));
#1385=CARTESIAN_POINT('Ctrl Pts',(5.67344474999288,-71.2793904079359,10.4757468739681));
#1386=CARTESIAN_POINT('Ctrl Pts',(5.62141229766019,-71.1656769923572,10.6326445393128));
#1387=CARTESIAN_POINT('Ctrl Pts',(5.57080409423497,-71.0503601388308,10.7887157214161));
#1388=CARTESIAN_POINT('Ctrl Pts',(5.55306803687496,-71.009946407651,10.8434121392038));
#1389=CARTESIAN_POINT('Ctrl Pts',(5.53550654009732,-70.9693360068221,10.8980069289935));
#1390=CARTESIAN_POINT('Ctrl Pts',(5.51811832289741,-70.9285465107622,10.9524952292328));
#1391=CARTESIAN_POINT('Ctrl Pts',(5.46569899607614,-70.8055806022821,11.116758188761));
#1392=CARTESIAN_POINT('Ctrl Pts',(5.41475873370217,-70.6807501388338,11.2803661487358));
#1393=CARTESIAN_POINT('Ctrl Pts',(5.3652887315898,-70.5544920253179,11.4431552461688));
#1394=CARTESIAN_POINT('Ctrl Pts',(5.35168251032562,-70.5197660144923,11.4879287328171));
#1395=CARTESIAN_POINT('Ctrl Pts',(5.33818727171169,-70.4849321780345,11.532640196818));
#1396=CARTESIAN_POINT('Ctrl Pts',(5.32480228980603,-70.4499999970518,11.5772860520668));
#1397=CARTESIAN_POINT('',(5.72690454301419,-71.3911111484387,-10.3181279756306));
#1398=CARTESIAN_POINT('Ctrl Pts',(5.72690369649915,-71.3911119949532,-10.3181267582723));
#1399=CARTESIAN_POINT('Ctrl Pts',(5.67343720888358,-71.2793746270139,-10.4757691274265));
#1400=CARTESIAN_POINT('Ctrl Pts',(5.62139760694885,-71.1656448850315,-10.6326888386001));
#1401=CARTESIAN_POINT('Ctrl Pts',(5.57078265859145,-71.050311304679,-10.7887818172018));
#1402=CARTESIAN_POINT('Ctrl Pts',(5.55305417608792,-71.0099143581701,-10.8434552235742));
#1403=CARTESIAN_POINT('Ctrl Pts',(5.53550010823263,-70.9693209132074,-10.8980270850929));
#1404=CARTESIAN_POINT('Ctrl Pts',(5.51811917500011,-70.9285485226396,-10.9524925463291));
#1405=CARTESIAN_POINT('Ctrl Pts',(5.46569698460532,-70.8055759530657,-11.1167644378708));
#1406=CARTESIAN_POINT('Ctrl Pts',(5.41475402188544,-70.6807386216652,-11.2803812590942));
#1407=CARTESIAN_POINT('Ctrl Pts',(5.36528147623153,-70.5544735089139,-11.4431791203091));
#1408=CARTESIAN_POINT('Ctrl Pts',(5.35167771294145,-70.519753631799,-11.4879446268911));
#1409=CARTESIAN_POINT('Ctrl Pts',(5.33818489265322,-70.4849259691579,-11.5326481322117));
#1410=CARTESIAN_POINT('Ctrl Pts',(5.32480228980604,-70.4499999970518,-11.5772860520668));
#1411=CARTESIAN_POINT('Ctrl Pts',(5.72690454301419,-71.3911111484387,-10.3181279756306));
#1412=CARTESIAN_POINT('Ctrl Pts',(5.6974105583633,-71.4206051330896,-10.3007898640644));
#1413=CARTESIAN_POINT('Ctrl Pts',(5.66801569440107,-71.4499999970518,-10.2834517524959));
#1414=CARTESIAN_POINT('Ctrl Pts',(5.32480228980601,-70.4499999970518,11.5772860520669));
#1415=CARTESIAN_POINT('Ctrl Pts',(6.54120407877467,-69.264408688368,11.0160918669428));
#1416=CARTESIAN_POINT('Ctrl Pts',(8.81120613106649,-67.0737288355013,9.50051954396999));
#1417=CARTESIAN_POINT('Ctrl Pts',(11.3785051453896,-64.6436513083463,6.21378020055363));
#1418=CARTESIAN_POINT('Ctrl Pts',(12.7924463282164,-63.3296921683511,2.17364897369797));
#1419=CARTESIAN_POINT('Ctrl Pts',(12.7909845998227,-63.3308121205272,-2.17275748185682));
#1420=CARTESIAN_POINT('Ctrl Pts',(11.3787966152702,-64.6433981951188,-6.21432786691937));
#1421=CARTESIAN_POINT('Ctrl Pts',(8.81089827093705,-67.0739487485075,-9.50057693452836));
#1422=CARTESIAN_POINT('Ctrl Pts',(6.54120407877468,-69.264408688368,-11.0160918669428));
#1423=CARTESIAN_POINT('Ctrl Pts',(5.32480228980602,-70.4499999970517,-11.5772860520669));
#1424=CARTESIAN_POINT('Ctrl Pts',(5.44079092753759,-70.7817491608519,11.1671172371078));
#1425=CARTESIAN_POINT('Ctrl Pts',(6.62282154985468,-69.6202588587248,10.5977806216283));
#1426=CARTESIAN_POINT('Ctrl Pts',(8.81307215943295,-67.4828897154299,9.08277102004066));
#1427=CARTESIAN_POINT('Ctrl Pts',(11.2448541890192,-65.1425886772891,5.8804404421539));
#1428=CARTESIAN_POINT('Ctrl Pts',(12.5524639515665,-63.9016336099627,2.03959761573082));
#1429=CARTESIAN_POINT('Ctrl Pts',(12.5514138097829,-63.9024559009346,-2.03918969897887));
#1430=CARTESIAN_POINT('Ctrl Pts',(11.2451962570047,-65.1422721804056,-5.88069668155268));
#1431=CARTESIAN_POINT('Ctrl Pts',(8.81290402972747,-67.4829992137198,-9.08280960639953));
#1432=CARTESIAN_POINT('Ctrl Pts',(6.62282154985469,-69.6202588587247,-10.5977806216283));
#1433=CARTESIAN_POINT('Ctrl Pts',(5.4407909275376,-70.7817491608519,-11.1671172371079));
#1434=CARTESIAN_POINT('Ctrl Pts',(5.55677956526917,-71.113498324652,10.7569484221488));
#1435=CARTESIAN_POINT('Ctrl Pts',(6.70443902093469,-69.9761090290815,10.1794693763138));
#1436=CARTESIAN_POINT('Ctrl Pts',(8.81493818779942,-67.8920505953584,8.66502249611132));
#1437=CARTESIAN_POINT('Ctrl Pts',(11.1112032326488,-65.6415260462318,5.54710068375416));
#1438=CARTESIAN_POINT('Ctrl Pts',(12.3124815749167,-64.4735750515744,1.90554625776367));
#1439=CARTESIAN_POINT('Ctrl Pts',(12.3118430197432,-64.474099681342,-1.90562191610092));
#1440=CARTESIAN_POINT('Ctrl Pts',(11.1115958987391,-65.6411461656925,-5.547065496186));
#1441=CARTESIAN_POINT('Ctrl Pts',(8.81490978851788,-67.8920496789322,-8.66504227827071));
#1442=CARTESIAN_POINT('Ctrl Pts',(6.7044390209347,-69.9761090290814,-10.1794693763138));
#1443=CARTESIAN_POINT('Ctrl Pts',(5.55677956526918,-71.113498324652,-10.7569484221488));
#1444=CARTESIAN_POINT('Ctrl Pts',(5.67276820300075,-71.4452474884522,10.3467796071898));
#1445=CARTESIAN_POINT('Ctrl Pts',(6.78605649201471,-70.3319591994382,9.7611581309993));
#1446=CARTESIAN_POINT('Ctrl Pts',(8.81680421616588,-68.301211475287,8.24727397218198));
#1447=CARTESIAN_POINT('Ctrl Pts',(10.9775522762783,-66.1404634151745,5.21376092535442));
#1448=CARTESIAN_POINT('Ctrl Pts',(12.0724991982669,-65.045516493186,1.77149489979653));
#1449=CARTESIAN_POINT('Ctrl Pts',(12.0722722297034,-65.0457434617494,-1.77205413322298));
#1450=CARTESIAN_POINT('Ctrl Pts',(10.9779955404735,-66.1400201509794,-5.21343431081932));
#1451=CARTESIAN_POINT('Ctrl Pts',(8.8169155473083,-68.3011001441446,-8.24727495014189));
#1452=CARTESIAN_POINT('Ctrl Pts',(6.78605649201471,-70.3319591994382,-9.76115813099934));
#1453=CARTESIAN_POINT('Ctrl Pts',(5.67276820300076,-71.4452474884521,-10.3467796071898));
#1454=CARTESIAN_POINT('Ctrl Pts',(5.72690414853637,-71.3911115429165,10.3181264940258));
#1455=CARTESIAN_POINT('Ctrl Pts',(6.81898123662977,-70.2990344548231,9.73655087666516));
#1456=CARTESIAN_POINT('Ctrl Pts',(8.82849549100198,-68.2895202004509,8.23086038125759));
#1457=CARTESIAN_POINT('Ctrl Pts',(10.9775522762783,-66.1404634151745,5.21376092535442));
#1458=CARTESIAN_POINT('Ctrl Pts',(12.0724991982669,-65.045516493186,1.77149489979653));
#1459=CARTESIAN_POINT('Ctrl Pts',(12.0722722297034,-65.0457434617494,-1.77205413322298));
#1460=CARTESIAN_POINT('Ctrl Pts',(10.9779955404735,-66.1400201509794,-5.21343431081932));
#1461=CARTESIAN_POINT('Ctrl Pts',(8.82860860984694,-68.2894070816059,-8.23085959835479));
#1462=CARTESIAN_POINT('Ctrl Pts',(6.81898302766949,-70.2990326637834,-9.73655089559107));
#1463=CARTESIAN_POINT('Ctrl Pts',(5.7269041540208,-71.3911115374321,-10.3181265146233));
#1464=CARTESIAN_POINT('Origin',(2.42659947007447,-74.6914162213784,-3.13610379037056E-14));
#1465=CARTESIAN_POINT('',(5.66801569440117,-71.4499999970517,-2.41676821764924E-14));
#1466=CARTESIAN_POINT('Origin',(-0.0164473456835655,-71.4499999970517,-2.49991987052448E-14));
#1467=CARTESIAN_POINT('Origin',(-0.0164473456836117,-41.4999999970517,0.));
#1468=CARTESIAN_POINT('',(-0.0164473456836163,-41.4999999970517,-1.38461538461529));
#1469=CARTESIAN_POINT('Origin',(-0.0164473456836165,-41.4999999970517,0.));
#1470=CARTESIAN_POINT('Origin',(-0.0164473456836182,-55.8249999970488,0.));
#1471=CARTESIAN_POINT('',(-0.0164473456836177,-55.1999999970458,-4.));
#1472=CARTESIAN_POINT('Origin',(-0.0164473456836181,-55.1999999970458,0.));
#1473=CARTESIAN_POINT('',(-0.0164473456836177,-55.8249999970488,-4.));
#1474=CARTESIAN_POINT('Origin',(-0.0164473456836181,-55.1999999970517,0.));
#1475=CARTESIAN_POINT('',(-0.0164473456836176,-54.9499999970518,-4.25));
#1476=CARTESIAN_POINT('Origin',(-0.0164473456836176,-55.1999999970517,-4.25));
#1477=CARTESIAN_POINT('Origin',(-0.0164473456836181,-54.9499999970517,0.));
#1478=CARTESIAN_POINT('Origin',(-0.0164473456836181,-54.9499999970517,6.5));
#1479=CARTESIAN_POINT('',(-0.0164473456836173,-54.9499999970517,-6.5));
#1480=CARTESIAN_POINT('Origin',(-0.0164473456836181,-54.9499999970517,0.));
#1481=CARTESIAN_POINT('Origin',(-0.0164473456836181,-54.6999999970517,0.));
#1482=CARTESIAN_POINT('',(-0.0164473456836173,-54.4499999970517,-6.5));
#1483=CARTESIAN_POINT('Origin',(-0.0164473456836181,-54.4499999970517,0.));
#1484=CARTESIAN_POINT('',(-0.0164473456836173,-54.6999999970517,-6.5));
#1485=CARTESIAN_POINT('Origin',(-0.0164473456836181,-54.4499999970517,0.));
#1486=CARTESIAN_POINT('',(-0.0164473456836173,-53.9499999970517,-6.));
#1487=CARTESIAN_POINT('Origin',(-0.016447345683618,-53.9499999970517,0.));
#1488=CARTESIAN_POINT('Origin',(-0.0164473456836173,-54.4499999970517,-6.));
#1489=CARTESIAN_POINT('Origin',(-0.016447345683618,-53.9499999970517,4.75));
#1490=CARTESIAN_POINT('',(-0.0164473456836174,-53.9499999970517,-4.75));
#1491=CARTESIAN_POINT('Origin',(-0.016447345683618,-53.9499999970517,0.));
#1492=CARTESIAN_POINT('Origin',(-0.0164473456836179,-53.1999999970517,0.));
#1493=CARTESIAN_POINT('',(-0.0164473456836174,-53.1999999970517,-4.));
#1494=CARTESIAN_POINT('Origin',(-0.0164473456836173,-53.1999999970517,-4.75000000000001));
#1495=CARTESIAN_POINT('Origin',(-0.0164473456836179,-53.1999999970517,0.));
#1496=CARTESIAN_POINT('Origin',(-0.0164473456836153,-49.9499999970517,0.));
#1497=CARTESIAN_POINT('',(-0.0164473456836144,-46.6999999970517,-4.));
#1498=CARTESIAN_POINT('Origin',(-0.0164473456836149,-46.6999999970517,0.));
#1499=CARTESIAN_POINT('',(-0.0164473456836148,-49.9499999970517,-4.));
#1500=CARTESIAN_POINT('Origin',(-0.0164473456836149,-46.6999999970517,2.96136880963854));
#1501=CARTESIAN_POINT('',(-0.0164473456836145,-46.6999999970517,-2.96136880963854));
#1502=CARTESIAN_POINT('Origin',(-0.0164473456836149,-46.6999999970517,0.));
#1503=CARTESIAN_POINT('Origin',(-0.0164473456836149,-46.4499999970517,0.));
#1504=CARTESIAN_POINT('',(-0.0164473456836145,-46.4499999970517,-2.71136880963854));
#1505=CARTESIAN_POINT('Origin',(-0.0164473456836145,-46.4499999970517,-2.96136880963854));
#1506=CARTESIAN_POINT('Origin',(-0.0164473456836149,-46.4499999970517,0.));
#1507=CARTESIAN_POINT('Origin',(-0.0164473456836148,-46.0999999970517,0.));
#1508=CARTESIAN_POINT('',(-0.0164473456836144,-45.7499999970517,-2.71136880963854));
#1509=CARTESIAN_POINT('Origin',(-0.0164473456836148,-45.7499999970517,0.));
#1510=CARTESIAN_POINT('',(-0.0164473456836145,-46.0999999970517,-2.71136880963854));
#1511=CARTESIAN_POINT('Origin',(-0.0164473456836148,-45.7499999970518,0.));
#1512=CARTESIAN_POINT('',(-0.0164473456836144,-45.4999999970517,-2.96136880963854));
#1513=CARTESIAN_POINT('Origin',(-0.0164473456836144,-45.7499999970518,-2.96136880963855));
#1514=CARTESIAN_POINT('Origin',(-0.0164473456836147,-45.4999999970517,0.));
#1515=CARTESIAN_POINT('Origin',(-0.0164473456836147,-45.4999999970517,3.7));
#1516=CARTESIAN_POINT('',(-0.0164473456836165,-45.4999999970518,-3.7));
#1517=CARTESIAN_POINT('Origin',(-0.0164473456836147,-45.4999999970517,0.));
#1518=CARTESIAN_POINT('Origin',(-0.0164473456836169,-45.1999999970517,0.));
#1519=CARTESIAN_POINT('',(-0.0164473456836164,-45.1999999970517,-4.));
#1520=CARTESIAN_POINT('Origin',(-0.0164473456836169,-45.1999999970517,0.));
#1521=CARTESIAN_POINT('Origin',(-0.0164473456836165,-45.1999999970517,-3.7));
#1522=CARTESIAN_POINT('Origin',(-0.0164473456836168,-43.8749999970517,0.));
#1523=CARTESIAN_POINT('',(-0.0164473456836161,-42.5499999970517,-4.));
#1524=CARTESIAN_POINT('Origin',(-0.0164473456836166,-42.5499999970517,0.));
#1525=CARTESIAN_POINT('',(-0.0164473456836163,-43.8749999970517,-4.));
#1526=CARTESIAN_POINT('Origin',(-0.0164473456836166,-42.5499999970517,0.));
#1527=CARTESIAN_POINT('',(-0.0164473456836161,-42.2499999970518,-3.7));
#1528=CARTESIAN_POINT('Origin',(-0.0164473456836166,-42.2499999970518,0.));
#1529=CARTESIAN_POINT('Origin',(-0.0164473456836161,-42.5499999970517,-3.7));
#1530=CARTESIAN_POINT('Origin',(-0.0164473456836166,-42.2499999970517,2.27843057906106));
#1531=CARTESIAN_POINT('',(-0.0164473456836163,-42.2499999970517,-2.27843057906105));
#1532=CARTESIAN_POINT('Origin',(-0.0164473456836166,-42.2499999970517,0.));
#1533=CARTESIAN_POINT('Origin',(-0.0164473456836165,-41.8749999970517,0.));
#1534=CARTESIAN_POINT('',(-0.0164473456836163,-41.8749999970517,-1.83152298183817));
#1535=CARTESIAN_POINT('',(0.,0.,0.));
#1536=CARTESIAN_POINT('Origin',(-0.0164473456836114,-36.9499999970517,0.));
#1537=CARTESIAN_POINT('',(-14.0164473456836,-36.4499999970517,-1.71450551880629E-15));
#1538=CARTESIAN_POINT('Origin',(-0.0164473456836114,-36.4499999970517,0.));
#1539=CARTESIAN_POINT('',(-15.0164473456836,-37.4499999970517,1.83697019872103E-15));
#1540=CARTESIAN_POINT('',(-14.5164473456836,-36.9499999970517,1.77573785876366E-15));
#1541=CARTESIAN_POINT('Origin',(-0.0164473456836114,-37.4499999970517,0.));
#1542=CARTESIAN_POINT('Origin',(-0.0164473456836123,-36.4499999970517,0.));
#1543=CARTESIAN_POINT('Origin',(-0.0164473456836114,-56.4499999970517,0.));
#1544=CARTESIAN_POINT('',(-15.0164473456836,-56.4499999970517,1.83697019872103E-15));
#1545=CARTESIAN_POINT('',(-15.0164473456836,-56.4499999970517,1.83697019872103E-15));
#1546=CARTESIAN_POINT('',(-14.8066468034328,-56.4499999970517,2.5));
#1547=CARTESIAN_POINT('Origin',(-0.0164473456836114,-56.4499999970517,0.));
#1548=CARTESIAN_POINT('',(-14.8066468034328,-59.4499999970517,2.5));
#1549=CARTESIAN_POINT('',(-14.8066468034328,-56.4499999970517,2.5));
#1550=CARTESIAN_POINT('',(-14.3255353669379,-61.4499999970517,4.5));
#1551=CARTESIAN_POINT('Ctrl Pts',(-14.3255353669378,-61.4499999970517,4.5));
#1552=CARTESIAN_POINT('Ctrl Pts',(-14.4035046916577,-61.4499999970517,4.25207334880544));
#1553=CARTESIAN_POINT('Ctrl Pts',(-14.4798186210042,-61.4009995506924,3.98453933270924));
#1554=CARTESIAN_POINT('Ctrl Pts',(-14.6074762225326,-61.1959552146914,3.48819991054091));
#1555=CARTESIAN_POINT('Ctrl Pts',(-14.6591770381883,-61.0397724276872,3.25954382664369));
#1556=CARTESIAN_POINT('Ctrl Pts',(-14.733661767995,-60.6809816942038,2.90436134096461));
#1557=CARTESIAN_POINT('Ctrl Pts',(-14.7621668655521,-60.4576310822187,2.75214562756788));
#1558=CARTESIAN_POINT('Ctrl Pts',(-14.7984726527709,-59.9673444045123,2.54995635505988));
#1559=CARTESIAN_POINT('Ctrl Pts',(-14.8066468034327,-59.7004289703319,2.5));
#1560=CARTESIAN_POINT('Ctrl Pts',(-14.8066468034327,-59.4499999970517,2.5));
#1561=CARTESIAN_POINT('',(-4.51644734526053,-61.4499999970517,14.3090880213874));
#1562=CARTESIAN_POINT('Origin',(-0.0164473456836114,-61.4499999970517,6.23421445259052E-57));
#1563=CARTESIAN_POINT('',(-2.51644734526053,-59.4499999970517,14.7901994578207));
#1564=CARTESIAN_POINT('Ctrl Pts',(-2.51644734526053,-59.4499999970517,14.7901994578206));
#1565=CARTESIAN_POINT('Ctrl Pts',(-2.51644734526053,-59.7004289703321,14.7901994578206));
#1566=CARTESIAN_POINT('Ctrl Pts',(-2.56640370032046,-59.9673444045127,14.7820253071603));
#1567=CARTESIAN_POINT('Ctrl Pts',(-2.76859297282898,-60.4576310822198,14.7457195199474));
#1568=CARTESIAN_POINT('Ctrl Pts',(-2.92080868622619,-60.6809816942054,14.7172144223947));
#1569=CARTESIAN_POINT('Ctrl Pts',(-3.2759911719055,-61.039772427688,14.6427296925986));
#1570=CARTESIAN_POINT('Ctrl Pts',(-3.504647255802,-61.1959552146916,14.5910288769499));
#1571=CARTESIAN_POINT('Ctrl Pts',(-4.00098667796953,-61.4009995506922,14.4633712754372));
#1572=CARTESIAN_POINT('Ctrl Pts',(-4.26852069406565,-61.4499999970517,14.3870573460992));
#1573=CARTESIAN_POINT('Ctrl Pts',(-4.51644734526053,-61.4499999970517,14.3090880213872));
#1574=CARTESIAN_POINT('',(-2.51644734526053,-56.4499999970517,14.7901994578207));
#1575=CARTESIAN_POINT('',(-2.51644734526053,-56.4499999970517,14.7901994578207));
#1576=CARTESIAN_POINT('',(2.48355265473947,-56.4499999970517,14.7901994576776));
#1577=CARTESIAN_POINT('Origin',(-0.0164473456836114,-56.4499999970517,0.));
#1578=CARTESIAN_POINT('',(2.48355265473947,-59.4499999970517,14.7901994576776));
#1579=CARTESIAN_POINT('',(2.48355265473947,-56.4499999970517,14.7901994576776));
#1580=CARTESIAN_POINT('',(4.48355265473947,-61.4499999970517,14.3090880211213));
#1581=CARTESIAN_POINT('Ctrl Pts',(4.48355265473947,-61.4499999970517,14.3090880211211));
#1582=CARTESIAN_POINT('Ctrl Pts',(4.23562600354524,-61.4499999970517,14.387057345849));
#1583=CARTESIAN_POINT('Ctrl Pts',(3.96809198744897,-61.4009995506925,14.463371275204));
#1584=CARTESIAN_POINT('Ctrl Pts',(3.47175256527983,-61.1959552146912,14.591028876748));
#1585=CARTESIAN_POINT('Ctrl Pts',(3.2430964813819,-61.0397724276864,14.6427296924109));
#1586=CARTESIAN_POINT('Ctrl Pts',(2.88791399570304,-60.6809816942023,14.7172144222281));
#1587=CARTESIAN_POINT('Ctrl Pts',(2.73569828230678,-60.4576310822176,14.7457195197897));
#1588=CARTESIAN_POINT('Ctrl Pts',(2.5335090097993,-59.9673444045119,14.7820253070143));
#1589=CARTESIAN_POINT('Ctrl Pts',(2.48355265473947,-59.7004289703318,14.7901994576775));
#1590=CARTESIAN_POINT('Ctrl Pts',(2.48355265473947,-59.4499999970517,14.7901994576775));
#1591=CARTESIAN_POINT('',(14.2926406755707,-61.4499999970517,4.5));
#1592=CARTESIAN_POINT('Origin',(-0.0164473456836114,-61.4499999970517,-2.77555756156289E-16));
#1593=CARTESIAN_POINT('',(14.7737521120655,-59.4499999970517,2.5));
#1594=CARTESIAN_POINT('Ctrl Pts',(14.7737521120654,-59.4499999970517,2.5));
#1595=CARTESIAN_POINT('Ctrl Pts',(14.7737521120654,-59.7004289703319,2.5));
#1596=CARTESIAN_POINT('Ctrl Pts',(14.7655779614037,-59.9673444045123,2.54995635505988));
#1597=CARTESIAN_POINT('Ctrl Pts',(14.7292721741849,-60.4576310822187,2.75214562756788));
#1598=CARTESIAN_POINT('Ctrl Pts',(14.7007670766278,-60.6809816942038,2.90436134096461));
#1599=CARTESIAN_POINT('Ctrl Pts',(14.6262823468211,-61.0397724276872,3.25954382664369));
#1600=CARTESIAN_POINT('Ctrl Pts',(14.5745815311654,-61.1959552146914,3.48819991054091));
#1601=CARTESIAN_POINT('Ctrl Pts',(14.446923929637,-61.4009995506924,3.98453933270924));
#1602=CARTESIAN_POINT('Ctrl Pts',(14.3706100002905,-61.4499999970517,4.25207334880544));
#1603=CARTESIAN_POINT('Ctrl Pts',(14.2926406755706,-61.4499999970517,4.5));
#1604=CARTESIAN_POINT('',(14.7737521120655,-56.4499999970517,2.5));
#1605=CARTESIAN_POINT('',(14.7737521120655,-56.4499999970517,2.5));
#1606=CARTESIAN_POINT('',(14.7737521120655,-56.4499999970517,-2.5));
#1607=CARTESIAN_POINT('Origin',(-0.0164473456836114,-56.4499999970517,0.));
#1608=CARTESIAN_POINT('',(14.7737521120655,-59.4499999970517,-2.5));
#1609=CARTESIAN_POINT('',(14.7737521120655,-56.4499999970517,-2.5));
#1610=CARTESIAN_POINT('',(14.2926406755707,-61.4499999970517,-4.5));
#1611=CARTESIAN_POINT('Ctrl Pts',(14.2926406755706,-61.4499999970517,-4.5));
#1612=CARTESIAN_POINT('Ctrl Pts',(14.3706100002905,-61.4499999970517,-4.25207334880544));
#1613=CARTESIAN_POINT('Ctrl Pts',(14.446923929637,-61.4009995506924,-3.98453933270924));
#1614=CARTESIAN_POINT('Ctrl Pts',(14.5745815311654,-61.1959552146914,-3.48819991054091));
#1615=CARTESIAN_POINT('Ctrl Pts',(14.6262823468211,-61.0397724276872,-3.25954382664369));
#1616=CARTESIAN_POINT('Ctrl Pts',(14.7007670766278,-60.6809816942038,-2.90436134096461));
#1617=CARTESIAN_POINT('Ctrl Pts',(14.7292721741849,-60.4576310822187,-2.75214562756788));
#1618=CARTESIAN_POINT('Ctrl Pts',(14.7655779614037,-59.9673444045123,-2.54995635505988));
#1619=CARTESIAN_POINT('Ctrl Pts',(14.7737521120654,-59.7004289703319,-2.5));
#1620=CARTESIAN_POINT('Ctrl Pts',(14.7737521120654,-59.4499999970517,-2.5));
#1621=CARTESIAN_POINT('',(4.48355265473947,-61.4499999970517,-14.3090880211213));
#1622=CARTESIAN_POINT('Origin',(-0.0164473456836114,-61.4499999970517,6.23421445259052E-57));
#1623=CARTESIAN_POINT('',(2.48355265473947,-59.4499999970517,-14.7901994576776));
#1624=CARTESIAN_POINT('Ctrl Pts',(2.48355265473947,-59.4499999970517,-14.7901994576775));
#1625=CARTESIAN_POINT('Ctrl Pts',(2.48355265473947,-59.7021403473924,-14.7901994576775));
#1626=CARTESIAN_POINT('Ctrl Pts',(2.53418885080931,-59.9707585344603,-14.7819170409908));
#1627=CARTESIAN_POINT('Ctrl Pts',(2.73891420586331,-60.4636297274105,-14.7451279838301));
#1628=CARTESIAN_POINT('Ctrl Pts',(2.89298657286292,-60.6878610399214,-14.7162382699773));
#1629=CARTESIAN_POINT('Ctrl Pts',(3.24992040914198,-61.0447948762004,-14.6412052897768));
#1630=CARTESIAN_POINT('Ctrl Pts',(3.47765903008133,-61.1991078700954,-14.5895924626786));
#1631=CARTESIAN_POINT('Ctrl Pts',(3.97140150305078,-61.4016407046342,-14.4624357972999));
#1632=CARTESIAN_POINT('Ctrl Pts',(4.23725844896575,-61.4499999970517,-14.3865439655147));
#1633=CARTESIAN_POINT('Ctrl Pts',(4.48355265473947,-61.4499999970517,-14.3090880211211));
#1634=CARTESIAN_POINT('',(2.48355265473947,-56.4499999970517,-14.7901994576776));
#1635=CARTESIAN_POINT('',(2.48355265473947,-56.4499999970517,-14.7901994576776));
#1636=CARTESIAN_POINT('',(-2.51644734526053,-56.4499999970517,-14.7901994578207));
#1637=CARTESIAN_POINT('Origin',(-0.0164473456836114,-56.4499999970517,0.));
#1638=CARTESIAN_POINT('',(-2.51644734526053,-59.4499999970517,-14.7901994578207));
#1639=CARTESIAN_POINT('',(-2.51644734526053,-56.4499999970517,-14.7901994578207));
#1640=CARTESIAN_POINT('',(-4.51644734526053,-61.4499999970517,-14.3090880213874));
#1641=CARTESIAN_POINT('Ctrl Pts',(-4.51644734526053,-61.4499999970517,-14.3090880213872));
#1642=CARTESIAN_POINT('Ctrl Pts',(-4.26852069406565,-61.4499999970517,-14.3870573460992));
#1643=CARTESIAN_POINT('Ctrl Pts',(-4.00098667796952,-61.4009995506922,-14.4633712754372));
#1644=CARTESIAN_POINT('Ctrl Pts',(-3.504647255802,-61.1959552146916,-14.5910288769499));
#1645=CARTESIAN_POINT('Ctrl Pts',(-3.2759911719055,-61.039772427688,-14.6427296925986));
#1646=CARTESIAN_POINT('Ctrl Pts',(-2.92080868622619,-60.6809816942053,-14.7172144223947));
#1647=CARTESIAN_POINT('Ctrl Pts',(-2.76859297282897,-60.4576310822198,-14.7457195199474));
#1648=CARTESIAN_POINT('Ctrl Pts',(-2.56640370032046,-59.9673444045127,-14.7820253071603));
#1649=CARTESIAN_POINT('Ctrl Pts',(-2.51644734526053,-59.7004289703321,-14.7901994578206));
#1650=CARTESIAN_POINT('Ctrl Pts',(-2.51644734526053,-59.4499999970517,-14.7901994578206));
#1651=CARTESIAN_POINT('',(-14.3255353669379,-61.4499999970517,-4.5));
#1652=CARTESIAN_POINT('Origin',(-0.0164473456836114,-61.4499999970517,-8.32667268468867E-16));
#1653=CARTESIAN_POINT('',(-14.8066468034328,-59.4499999970517,-2.5));
#1654=CARTESIAN_POINT('Ctrl Pts',(-14.8066468034327,-59.4499999970517,-2.5));
#1655=CARTESIAN_POINT('Ctrl Pts',(-14.8066468034327,-59.7004289703319,-2.5));
#1656=CARTESIAN_POINT('Ctrl Pts',(-14.7984726527709,-59.9673444045123,-2.54995635505988));
#1657=CARTESIAN_POINT('Ctrl Pts',(-14.7621668655521,-60.4576310822187,-2.75214562756788));
#1658=CARTESIAN_POINT('Ctrl Pts',(-14.733661767995,-60.6809816942038,-2.90436134096461));
#1659=CARTESIAN_POINT('Ctrl Pts',(-14.6591770381883,-61.0397724276872,-3.25954382664369));
#1660=CARTESIAN_POINT('Ctrl Pts',(-14.6074762225326,-61.1959552146914,-3.48819991054091));
#1661=CARTESIAN_POINT('Ctrl Pts',(-14.4798186210042,-61.4009995506924,-3.98453933270925));
#1662=CARTESIAN_POINT('Ctrl Pts',(-14.4035046916577,-61.4499999970517,-4.25207334880544));
#1663=CARTESIAN_POINT('Ctrl Pts',(-14.3255353669378,-61.4499999970517,-4.5));
#1664=CARTESIAN_POINT('',(-14.8066468034328,-56.4499999970517,-2.5));
#1665=CARTESIAN_POINT('',(-14.8066468034328,-56.4499999970517,-2.5));
#1666=CARTESIAN_POINT('Origin',(-0.0164473456836114,-56.4499999970517,0.));
#1667=CARTESIAN_POINT('Origin',(-4.51644734526053,-59.4499999970517,10.7012252755832));
#1668=CARTESIAN_POINT('',(-4.51644734526053,-61.4499999970517,12.1963109178066));
#1669=CARTESIAN_POINT('',(-4.51644734526053,-61.4499999970517,10.7012252755832));
#1670=CARTESIAN_POINT('',(-2.51644734526053,-59.4499999970517,12.757350822256));
#1671=CARTESIAN_POINT('Ctrl Pts',(-4.51644734526053,-61.4499999970517,12.1963109178066));
#1672=CARTESIAN_POINT('Ctrl Pts',(-4.27185040253011,-61.4499999970517,12.2865583909647));
#1673=CARTESIAN_POINT('Ctrl Pts',(-4.00672233498243,-61.4022822044712,12.3751464936639));
#1674=CARTESIAN_POINT('Ctrl Pts',(-3.51264573269595,-61.2003164935086,12.5237032063882));
#1675=CARTESIAN_POINT('Ctrl Pts',(-3.28389536044814,-61.0458751369855,12.5840674987404));
#1676=CARTESIAN_POINT('Ctrl Pts',(-2.92630131033956,-60.688281086877,12.6714462564272));
#1677=CARTESIAN_POINT('Ctrl Pts',(-2.77217823572553,-60.4642805021823,12.7049952271052));
#1678=CARTESIAN_POINT('Ctrl Pts',(-2.56723942871056,-59.9713716197752,12.7477219939754));
#1679=CARTESIAN_POINT('Ctrl Pts',(-2.51644734526053,-59.7024926901033,12.757350822256));
#1680=CARTESIAN_POINT('Ctrl Pts',(-2.51644734526053,-59.4499999970518,12.757350822256));
#1681=CARTESIAN_POINT('',(-2.51644734526053,-59.4499999970517,10.7012252755832));
#1682=CARTESIAN_POINT('Origin',(-0.0164473456836114,-56.4499999970517,6.23421445259052E-57));
#1683=CARTESIAN_POINT('',(-12.2127582633341,-61.4499999970517,4.5));
#1684=CARTESIAN_POINT('Origin',(-0.0164473456836114,-61.4499999970517,6.23421445259052E-57));
#1685=CARTESIAN_POINT('',(-12.7737981678567,-59.4499999970517,2.5));
#1686=CARTESIAN_POINT('Ctrl Pts',(-12.7737981678567,-59.4499999970517,2.5));
#1687=CARTESIAN_POINT('Ctrl Pts',(-12.7737981678567,-59.7001819926285,2.5));
#1688=CARTESIAN_POINT('Ctrl Pts',(-12.7643388623424,-59.9667645246707,2.54987356537895));
#1689=CARTESIAN_POINT('Ctrl Pts',(-12.7223673752071,-60.4561951752686,2.75139777001198));
#1690=CARTESIAN_POINT('Ctrl Pts',(-12.6894194861161,-60.6790158429892,2.90302409552738));
#1691=CARTESIAN_POINT('Ctrl Pts',(-12.6028967695925,-61.039136605069,3.25828306851827));
#1692=CARTESIAN_POINT('Ctrl Pts',(-12.5423952817634,-61.1960984653127,3.48828034056988));
#1693=CARTESIAN_POINT('Ctrl Pts',(-12.3930547020197,-61.4014338646067,3.98585773068428));
#1694=CARTESIAN_POINT('Ctrl Pts',(-12.3038056017518,-61.4499999970517,4.25323518942959));
#1695=CARTESIAN_POINT('Ctrl Pts',(-12.2127582633341,-61.4499999970517,4.5));
#1696=CARTESIAN_POINT('',(-12.7737981678567,-56.4499999970517,2.5));
#1697=CARTESIAN_POINT('',(-12.7737981678567,-56.4499999970517,2.5));
#1698=CARTESIAN_POINT('',(-2.51644734526053,-56.4499999970517,12.757350822256));
#1699=CARTESIAN_POINT('Origin',(-0.0164473456836114,-56.4499999970517,6.23421445259052E-57));
#1700=CARTESIAN_POINT('',(-2.51644734526053,-56.4499999970517,12.757350822256));
#1701=CARTESIAN_POINT('Origin',(-8.66154707434665,-61.4499999970517,8.64509972891034));
#1702=CARTESIAN_POINT('',(-11.7340969388897,-61.4499999970517,4.5));
#1703=CARTESIAN_POINT('Origin',(4.48355265473947,-59.4499999970517,11.7176495932582));
#1704=CARTESIAN_POINT('',(2.48355265473947,-59.4499999970517,12.7573508220902));
#1705=CARTESIAN_POINT('',(4.48355265473947,-61.4499999970517,12.1963109174944));
#1706=CARTESIAN_POINT('Ctrl Pts',(2.48355265473947,-59.4499999970517,12.7573508220902));
#1707=CARTESIAN_POINT('Ctrl Pts',(2.48355265473947,-59.7024926901041,12.7573508220902));
#1708=CARTESIAN_POINT('Ctrl Pts',(2.53434473818985,-59.9713716197766,12.7477219938061));
#1709=CARTESIAN_POINT('Ctrl Pts',(2.73928354520528,-60.4642805021837,12.7049952269215));
#1710=CARTESIAN_POINT('Ctrl Pts',(2.8934066198194,-60.6882810868779,12.6714462562327));
#1711=CARTESIAN_POINT('Ctrl Pts',(3.25100066992865,-61.0458751369871,12.5840674985203));
#1712=CARTESIAN_POINT('Ctrl Pts',(3.47975104217774,-61.2003164935102,12.5237032061513));
#1713=CARTESIAN_POINT('Ctrl Pts',(3.97382764446451,-61.402282204472,12.3751464933902));
#1714=CARTESIAN_POINT('Ctrl Pts',(4.23895571201114,-61.4499999970517,12.286558390671));
#1715=CARTESIAN_POINT('Ctrl Pts',(4.48355265473947,-61.4499999970517,12.1963109174944));
#1716=CARTESIAN_POINT('',(4.48355265473947,-61.4499999970517,11.7176495932582));
#1717=CARTESIAN_POINT('',(2.48355265473947,-59.4499999970517,11.7176495932582));
#1718=CARTESIAN_POINT('Origin',(8.62865238340251,-61.4499999970517,8.64509972883882));
#1719=CARTESIAN_POINT('',(12.1798635719669,-61.4499999970517,4.5));
#1720=CARTESIAN_POINT('Origin',(-0.0164473456836114,-61.4499999970517,-2.77555756156289E-16));
#1721=CARTESIAN_POINT('',(10.684777929946,-61.4499999970517,4.5));
#1722=CARTESIAN_POINT('Origin',(-0.0164473456836114,-56.4499999970517,6.23421445259052E-57));
#1723=CARTESIAN_POINT('',(2.48355265473947,-56.4499999970517,12.7573508220902));
#1724=CARTESIAN_POINT('',(2.48355265473947,-56.4499999970517,12.7573508220902));
#1725=CARTESIAN_POINT('',(12.7409034764895,-56.4499999970517,2.5));
#1726=CARTESIAN_POINT('Origin',(-0.0164473456836114,-56.4499999970517,6.23421445259052E-57));
#1727=CARTESIAN_POINT('',(12.7409034764895,-59.4499999970517,2.5));
#1728=CARTESIAN_POINT('',(12.7409034764895,-56.4499999970517,2.5));
#1729=CARTESIAN_POINT('Ctrl Pts',(12.1798635719669,-61.4499999970517,4.5));
#1730=CARTESIAN_POINT('Ctrl Pts',(12.2709109103846,-61.4499999970517,4.25323518942959));
#1731=CARTESIAN_POINT('Ctrl Pts',(12.3601600106525,-61.4014338646067,3.98585773068428));
#1732=CARTESIAN_POINT('Ctrl Pts',(12.5095005903962,-61.1960984653127,3.48828034056988));
#1733=CARTESIAN_POINT('Ctrl Pts',(12.5700020782253,-61.039136605069,3.25828306851827));
#1734=CARTESIAN_POINT('Ctrl Pts',(12.6565247947488,-60.6790158429892,2.90302409552738));
#1735=CARTESIAN_POINT('Ctrl Pts',(12.6894726838399,-60.4561951752686,2.75139777001198));
#1736=CARTESIAN_POINT('Ctrl Pts',(12.7314441709752,-59.9667645246707,2.54987356537895));
#1737=CARTESIAN_POINT('Ctrl Pts',(12.7409034764895,-59.7001819926285,2.5));
#1738=CARTESIAN_POINT('Ctrl Pts',(12.7409034764895,-59.4499999970517,2.5));
#1739=CARTESIAN_POINT('Origin',(10.684777929946,-59.4499999970517,4.5));
#1740=CARTESIAN_POINT('',(10.684777929946,-59.4499999970517,2.5));
#1741=CARTESIAN_POINT('Origin',(12.7409034764895,-56.4499999970517,2.5));
#1742=CARTESIAN_POINT('',(6.36222806540292,-56.4499999970517,2.5));
#1743=CARTESIAN_POINT('Origin',(11.701202247734,-59.4499999970517,-4.5));
#1744=CARTESIAN_POINT('',(12.7409034764895,-59.4499999970517,-2.5));
#1745=CARTESIAN_POINT('',(12.1798635719669,-61.4499999970517,-4.5));
#1746=CARTESIAN_POINT('Ctrl Pts',(12.7409034764895,-59.4499999970518,-2.5));
#1747=CARTESIAN_POINT('Ctrl Pts',(12.7409034764895,-59.7024926901037,-2.5));
#1748=CARTESIAN_POINT('Ctrl Pts',(12.7312746482071,-59.9713716197759,-2.5507920834502));
#1749=CARTESIAN_POINT('Ctrl Pts',(12.6885478813297,-60.464280502183,-2.7557308904654));
#1750=CARTESIAN_POINT('Ctrl Pts',(12.6549989106464,-60.6882810868774,-2.90985396507948));
#1751=CARTESIAN_POINT('Ctrl Pts',(12.5676201529467,-61.0458751369863,-3.26744801518839));
#1752=CARTESIAN_POINT('Ctrl Pts',(12.5072558605861,-61.2003164935094,-3.49619838743684));
#1753=CARTESIAN_POINT('Ctrl Pts',(12.3586991478434,-61.4022822044716,-3.99027498972347));
#1754=CARTESIAN_POINT('Ctrl Pts',(12.2701110451343,-61.4499999970517,-4.25540305727062));
#1755=CARTESIAN_POINT('Ctrl Pts',(12.1798635719669,-61.4499999970517,-4.5));
#1756=CARTESIAN_POINT('',(11.701202247734,-61.4499999970517,-4.5));
#1757=CARTESIAN_POINT('',(11.701202247734,-59.4499999970517,-2.5));
#1758=CARTESIAN_POINT('Origin',(8.62865238340251,-61.4499999970517,-8.64509972883882));
#1759=CARTESIAN_POINT('',(4.48355265473947,-61.4499999970517,-12.1963109174944));
#1760=CARTESIAN_POINT('Origin',(-0.0164473456836114,-61.4499999970517,6.23421445259052E-57));
#1761=CARTESIAN_POINT('',(4.48355265473947,-61.4499999970517,-10.7012252754645));
#1762=CARTESIAN_POINT('Origin',(-0.0164473456836114,-56.4499999970517,6.23421445259052E-57));
#1763=CARTESIAN_POINT('',(12.7409034764895,-56.4499999970517,-2.5));
#1764=CARTESIAN_POINT('',(12.7409034764895,-56.4499999970517,-2.5));
#1765=CARTESIAN_POINT('',(2.48355265473947,-56.4499999970517,-12.7573508220902));
#1766=CARTESIAN_POINT('Origin',(-0.0164473456836114,-56.4499999970517,6.23421445259052E-57));
#1767=CARTESIAN_POINT('',(2.48355265473947,-59.4499999970517,-12.7573508220902));
#1768=CARTESIAN_POINT('',(2.48355265473947,-56.4499999970517,-12.7573508220902));
#1769=CARTESIAN_POINT('Ctrl Pts',(4.48355265473947,-61.4499999970517,-12.1963109174944));
#1770=CARTESIAN_POINT('Ctrl Pts',(4.23678784416953,-61.4499999970517,-12.2873582559216));
#1771=CARTESIAN_POINT('Ctrl Pts',(3.96941038542415,-61.4014338646069,-12.3766073561998));
#1772=CARTESIAN_POINT('Ctrl Pts',(3.47183299530865,-61.1960984653124,-12.5259479359622));
#1773=CARTESIAN_POINT('Ctrl Pts',(3.24183572325604,-61.039136605068,-12.5864494237999));
#1774=CARTESIAN_POINT('Ctrl Pts',(2.88657675026543,-60.6790158429871,-12.6729721403359));
#1775=CARTESIAN_POINT('Ctrl Pts',(2.73495042475068,-60.4561951752671,-12.7059200294321));
#1776=CARTESIAN_POINT('Ctrl Pts',(2.53342622011835,-59.9667645246701,-12.7478915165742));
#1777=CARTESIAN_POINT('Ctrl Pts',(2.48355265473947,-59.7001819926282,-12.7573508220902));
#1778=CARTESIAN_POINT('Ctrl Pts',(2.48355265473947,-59.4499999970517,-12.7573508220902));
#1779=CARTESIAN_POINT('Origin',(4.48355265473947,-59.4499999970517,-10.7012252754645));
#1780=CARTESIAN_POINT('',(2.48355265473947,-59.4499999970517,-10.7012252754645));
#1781=CARTESIAN_POINT('Origin',(2.48355265473947,-56.4499999970517,-12.7573508220902));
#1782=CARTESIAN_POINT('',(2.48355265473947,-56.4499999970517,-6.37867541104508));
#1783=CARTESIAN_POINT('Origin',(-4.51644734526053,-59.4499999970517,-11.7176495933655));
#1784=CARTESIAN_POINT('',(-2.51644734526053,-59.4499999970517,-12.757350822256));
#1785=CARTESIAN_POINT('',(-4.51644734526053,-61.4499999970517,-12.1963109178066));
#1786=CARTESIAN_POINT('Ctrl Pts',(-2.51644734526053,-59.4499999970517,-12.757350822256));
#1787=CARTESIAN_POINT('Ctrl Pts',(-2.51644734526053,-59.7001819926287,-12.757350822256));
#1788=CARTESIAN_POINT('Ctrl Pts',(-2.56632091063956,-59.9667645246712,-12.7478915167434));
#1789=CARTESIAN_POINT('Ctrl Pts',(-2.7678451152733,-60.4561951752701,-12.705920029615));
#1790=CARTESIAN_POINT('Ctrl Pts',(-2.91947144078933,-60.6790158429913,-12.672972140529));
#1791=CARTESIAN_POINT('Ctrl Pts',(-3.27473041378051,-61.0391366050701,-12.586449424018));
#1792=CARTESIAN_POINT('Ctrl Pts',(-3.50472768583112,-61.196098465313,-12.5259479361973));
#1793=CARTESIAN_POINT('Ctrl Pts',(-4.00230507594442,-61.4014338646065,-12.3766073564724));
#1794=CARTESIAN_POINT('Ctrl Pts',(-4.26968253468966,-61.4499999970517,-12.2873582562147));
#1795=CARTESIAN_POINT('Ctrl Pts',(-4.51644734526053,-61.4499999970517,-12.1963109178066));
#1796=CARTESIAN_POINT('',(-4.51644734526053,-61.4499999970517,-11.7176495933655));
#1797=CARTESIAN_POINT('',(-2.51644734526053,-59.4499999970517,-11.7176495933655));
#1798=CARTESIAN_POINT('Origin',(-8.66154707434665,-61.4499999970517,-8.64509972891034));
#1799=CARTESIAN_POINT('',(-12.2127582633341,-61.4499999970517,-4.5));
#1800=CARTESIAN_POINT('Origin',(-0.0164473456836114,-61.4499999970517,-8.32667268468867E-16));
#1801=CARTESIAN_POINT('',(-10.7176726211017,-61.4499999970517,-4.5));
#1802=CARTESIAN_POINT('Origin',(-0.0164473456836114,-56.4499999970517,6.23421445259052E-57));
#1803=CARTESIAN_POINT('',(-2.51644734526053,-56.4499999970517,-12.757350822256));
#1804=CARTESIAN_POINT('',(-2.51644734526053,-56.4499999970517,-12.757350822256));
#1805=CARTESIAN_POINT('',(-12.7737981678567,-56.4499999970517,-2.5));
#1806=CARTESIAN_POINT('Origin',(-0.0164473456836114,-56.4499999970517,6.23421445259052E-57));
#1807=CARTESIAN_POINT('',(-12.7737981678567,-59.4499999970517,-2.5));
#1808=CARTESIAN_POINT('',(-12.7737981678567,-56.4499999970517,-2.5));
#1809=CARTESIAN_POINT('Ctrl Pts',(-12.2127582633341,-61.4499999970517,-4.5));
#1810=CARTESIAN_POINT('Ctrl Pts',(-12.3038056017518,-61.4499999970517,-4.25323518942959));
#1811=CARTESIAN_POINT('Ctrl Pts',(-12.3930547020197,-61.4014338646067,-3.98585773068428));
#1812=CARTESIAN_POINT('Ctrl Pts',(-12.5423952817634,-61.1960984653127,-3.48828034056989));
#1813=CARTESIAN_POINT('Ctrl Pts',(-12.6028967695925,-61.039136605069,-3.25828306851827));
#1814=CARTESIAN_POINT('Ctrl Pts',(-12.6894194861161,-60.6790158429892,-2.90302409552738));
#1815=CARTESIAN_POINT('Ctrl Pts',(-12.7223673752071,-60.4561951752686,-2.75139777001199));
#1816=CARTESIAN_POINT('Ctrl Pts',(-12.7643388623424,-59.9667645246707,-2.54987356537895));
#1817=CARTESIAN_POINT('Ctrl Pts',(-12.7737981678567,-59.7001819926285,-2.5));
#1818=CARTESIAN_POINT('Ctrl Pts',(-12.7737981678567,-59.4499999970518,-2.5));
#1819=CARTESIAN_POINT('Origin',(-10.7176726211017,-59.4499999970517,-4.5));
#1820=CARTESIAN_POINT('',(-10.7176726211017,-59.4499999970517,-2.5));
#1821=CARTESIAN_POINT('Origin',(-12.7737981678567,-56.4499999970517,-2.5));
#1822=CARTESIAN_POINT('',(-6.39512275677015,-56.4499999970517,-2.5));
#1823=CARTESIAN_POINT('Origin',(-11.7340969388897,-59.4499999970517,4.5));
#1824=CARTESIAN_POINT('',(-11.7340969388897,-59.4499999970517,2.5));
#1825=CARTESIAN_POINT('Origin',(-2.51644734526053,-56.4499999970517,-14.7901994578207));
#1826=CARTESIAN_POINT('',(-2.51644734526053,-56.4499999970517,-7.39509972891034));
#1827=CARTESIAN_POINT('Origin',(-14.8066468034328,-56.4499999970517,2.5));
#1828=CARTESIAN_POINT('',(-7.41154707455819,-56.4499999970517,2.5));
#1829=CARTESIAN_POINT('Origin',(-2.51644734526053,-56.4499999970517,12.757350822256));
#1830=CARTESIAN_POINT('',(-2.51644734526053,-56.4499999970517,6.37867541112799));
#1831=CARTESIAN_POINT('Origin',(14.7737521120655,-56.4499999970517,-2.5));
#1832=CARTESIAN_POINT('',(7.37865238319097,-56.4499999970517,-2.5));
#1833=CARTESIAN_POINT('Origin',(2.48355265473947,-56.4499999970517,14.7901994576776));
#1834=CARTESIAN_POINT('',(2.48355265473947,-56.4499999970517,7.39509972883882));
#1835=CARTESIAN_POINT('Origin',(-0.0164473456836117,-41.4999999970517,0.));
#1836=CARTESIAN_POINT('',(-0.016447345683616,-41.4999999970518,-3.5));
#1837=CARTESIAN_POINT('Origin',(-0.0164473456836165,-41.4999999970518,0.));
#1838=CARTESIAN_POINT('Origin',(-0.0164473456836123,-56.4499999970517,0.));
#1839=CARTESIAN_POINT('',(-0.0164473456836151,-56.4499999970517,-7.64556002289829));
#1840=CARTESIAN_POINT('Origin',(-0.0164473456836161,-56.4499999970517,0.));
#1841=CARTESIAN_POINT('Origin',(-0.0164473456836168,-44.0207296530655,0.));
#1842=CARTESIAN_POINT('',(-0.016447345683616,-43.6981184339379,-6.));
#1843=CARTESIAN_POINT('Origin',(-0.0164473456836163,-44.0207296530655,-3.5));
#1844=CARTESIAN_POINT('Origin',(-0.0164473456836167,-43.6981184339379,0.));
#1845=CARTESIAN_POINT('Origin',(-0.0164473456836152,-49.5100675814936,0.));
#1846=CARTESIAN_POINT('',(-0.0164473456836144,-49.5100675814936,-6.75));
#1847=CARTESIAN_POINT('',(1.24916632780844,5.36229901239716,55.9974797286195));
#1848=CARTESIAN_POINT('',(1.24916632780844,5.36229901239714,55.9974797286197));
#1849=CARTESIAN_POINT('',(-1.23271898212483,-5.36229901239714,0.452520268432067));
#1850=UNCERTAINTY_MEASURE_WITH_UNIT(LENGTH_MEASURE(0.01),#1860,
'DISTANCE_ACCURACY_VALUE',
'Maximum model space distance between geometric entities at asserted c
onnectivities');
#1851=UNCERTAINTY_MEASURE_WITH_UNIT(LENGTH_MEASURE(0.01),#1860,
'DISTANCE_ACCURACY_VALUE',
'Maximum model space distance between geometric entities at asserted c
onnectivities');
#1852=UNCERTAINTY_MEASURE_WITH_UNIT(LENGTH_MEASURE(0.01),#1860,
'DISTANCE_ACCURACY_VALUE',
'Maximum model space distance between geometric entities at asserted c
onnectivities');
#1853=UNCERTAINTY_MEASURE_WITH_UNIT(LENGTH_MEASURE(0.01),#1860,
'DISTANCE_ACCURACY_VALUE',
'Maximum model space distance between geometric entities at asserted c
onnectivities');
#1854=UNCERTAINTY_MEASURE_WITH_UNIT(LENGTH_MEASURE(0.01),#1860,
'DISTANCE_ACCURACY_VALUE',
'Maximum model space distance between geometric entities at asserted c
onnectivities');
#1855=(
GEOMETRIC_REPRESENTATION_CONTEXT(3)
GLOBAL_UNCERTAINTY_ASSIGNED_CONTEXT((#1850))
GLOBAL_UNIT_ASSIGNED_CONTEXT((#1860,#1862,#1863))
REPRESENTATION_CONTEXT('','3D')
);
#1856=(
GEOMETRIC_REPRESENTATION_CONTEXT(3)
GLOBAL_UNCERTAINTY_ASSIGNED_CONTEXT((#1851))
GLOBAL_UNIT_ASSIGNED_CONTEXT((#1860,#1862,#1863))
REPRESENTATION_CONTEXT('','3D')
);
#1857=(
GEOMETRIC_REPRESENTATION_CONTEXT(3)
GLOBAL_UNCERTAINTY_ASSIGNED_CONTEXT((#1852))
GLOBAL_UNIT_ASSIGNED_CONTEXT((#1860,#1862,#1863))
REPRESENTATION_CONTEXT('','3D')
);
#1858=(
GEOMETRIC_REPRESENTATION_CONTEXT(3)
GLOBAL_UNCERTAINTY_ASSIGNED_CONTEXT((#1853))
GLOBAL_UNIT_ASSIGNED_CONTEXT((#1860,#1862,#1863))
REPRESENTATION_CONTEXT('','3D')
);
#1859=(
GEOMETRIC_REPRESENTATION_CONTEXT(3)
GLOBAL_UNCERTAINTY_ASSIGNED_CONTEXT((#1854))
GLOBAL_UNIT_ASSIGNED_CONTEXT((#1860,#1862,#1863))
REPRESENTATION_CONTEXT('','3D')
);
#1860=(
LENGTH_UNIT()
NAMED_UNIT(*)
SI_UNIT(.MILLI.,.METRE.)
);
#1861=(
LENGTH_UNIT()
NAMED_UNIT(*)
SI_UNIT($,.METRE.)
);
#1862=(
NAMED_UNIT(*)
PLANE_ANGLE_UNIT()
SI_UNIT($,.RADIAN.)
);
#1863=(
NAMED_UNIT(*)
SI_UNIT($,.STERADIAN.)
SOLID_ANGLE_UNIT()
);
#1864=SHAPE_DEFINITION_REPRESENTATION(#1868,#1875);
#1865=SHAPE_DEFINITION_REPRESENTATION(#1869,#1876);
#1866=SHAPE_DEFINITION_REPRESENTATION(#1870,#1877);
#1867=SHAPE_DEFINITION_REPRESENTATION(#1871,#1878);
#1868=PRODUCT_DEFINITION_SHAPE('',$,#1880);
#1869=PRODUCT_DEFINITION_SHAPE('',$,#1881);
#1870=PRODUCT_DEFINITION_SHAPE('',$,#1882);
#1871=PRODUCT_DEFINITION_SHAPE('',$,#1883);
#1872=PRODUCT_DEFINITION_SHAPE($,$,#20);
#1873=PRODUCT_DEFINITION_SHAPE($,$,#21);
#1874=PRODUCT_DEFINITION_SHAPE($,$,#22);
#1875=SHAPE_REPRESENTATION('',(#944,#1059),#1855);
#1876=SHAPE_REPRESENTATION('',(#945,#1057,#1058),#1856);
#1877=SHAPE_REPRESENTATION('',(#946),#1857);
#1878=SHAPE_REPRESENTATION('',(#1002),#1858);
#1879=PRODUCT_DEFINITION_CONTEXT('part definition',#1893,'design');
#1880=PRODUCT_DEFINITION('Heatsock','Heatsock v5',#1884,#1879);
#1881=PRODUCT_DEFINITION('Komponente5','Komponente5',#1885,#1879);
#1882=PRODUCT_DEFINITION('Komponente7','Komponente7',#1886,#1879);
#1883=PRODUCT_DEFINITION('Komponente8','Komponente8',#1887,#1879);
#1884=PRODUCT_DEFINITION_FORMATION('',$,#1895);
#1885=PRODUCT_DEFINITION_FORMATION('',$,#1896);
#1886=PRODUCT_DEFINITION_FORMATION('',$,#1897);
#1887=PRODUCT_DEFINITION_FORMATION('',$,#1898);
#1888=PRODUCT_RELATED_PRODUCT_CATEGORY('Heatsock v5','Heatsock v5',(#1895));
#1889=PRODUCT_RELATED_PRODUCT_CATEGORY('Komponente5','Komponente5',(#1896));
#1890=PRODUCT_RELATED_PRODUCT_CATEGORY('Komponente7','Komponente7',(#1897));
#1891=PRODUCT_RELATED_PRODUCT_CATEGORY('Komponente8','Komponente8',(#1898));
#1892=APPLICATION_PROTOCOL_DEFINITION('international standard',
'automotive_design',2009,#1893);
#1893=APPLICATION_CONTEXT(
'Core Data for Automotive Mechanical Design Process');
#1894=PRODUCT_CONTEXT('part definition',#1893,'mechanical');
#1895=PRODUCT('Heatsock','Heatsock v5',$,(#1894));
#1896=PRODUCT('Komponente5','Komponente5',$,(#1894));
#1897=PRODUCT('Komponente7','Komponente7',$,(#1894));
#1898=PRODUCT('Komponente8','Komponente8',$,(#1894));
#1899=PRESENTATION_STYLE_ASSIGNMENT((#1901));
#1900=PRESENTATION_STYLE_ASSIGNMENT((#1902));
#1901=SURFACE_STYLE_USAGE(.BOTH.,#1903);
#1902=SURFACE_STYLE_USAGE(.BOTH.,#1904);
#1903=SURFACE_SIDE_STYLE('',(#1905));
#1904=SURFACE_SIDE_STYLE('',(#1906));
#1905=SURFACE_STYLE_FILL_AREA(#1907);
#1906=SURFACE_STYLE_FILL_AREA(#1908);
#1907=FILL_AREA_STYLE('Aluminium - satiniert',(#1909));
#1908=FILL_AREA_STYLE('Farbe - Metallic (Rot)',(#1910));
#1909=FILL_AREA_STYLE_COLOUR('Aluminium - satiniert',#1911);
#1910=FILL_AREA_STYLE_COLOUR('Farbe - Metallic (Rot)',#1912);
#1911=COLOUR_RGB('Aluminium - satiniert',0.96078431372549,0.96078431372549,
0.964705882352941);
#1912=COLOUR_RGB('Farbe - Metallic (Rot)',0.768627450980392,0.207843137254902,
0.152941176470588);
ENDSEC;
END-ISO-10303-21;
